jogo,data,fase,grupo,rodadaGrupo,equipe1,equipe2,xg1_modelo,xg2_modelo,placar_previsto,gols1_previsto,gols2_previsto,vencedor_previsto,prob_vitoria_equipe1,prob_empate,prob_vitoria_equipe2,confianca_modelo,peso_rede_neural,validacoes_anteriores_usadas,interacoes_monte_carlo,feature_rating_diff,feature_base_rating_diff,feature_attack_vs_defense,feature_defense_vs_attack,feature_midfield_diff,feature_goalkeeper_diff,feature_experience_diff,feature_league_diff,feature_player_quality_diff,feature_intensity_diff,feature_possession_diff,feature_pressing_diff,feature_momentum_diff,feature_performance_memory_diff,feature_rest_diff,feature_host_diff,feature_knockout,feature_round_group
1,2026-06-11,Fase de grupos,A,1.0,México,África do Sul,1.562,0.635,1-0,1,0,México,0.5949,0.264,0.1411,alta,0.0,0,8000,10.24,10.24,0.61,1.7,-0.94,0.6,1.8,12.8182,12.8194,0.0,1.0,1.8,0.0,0.0,0.0,1.0,0.0,1.0
2,2026-06-11,Fase de grupos,A,1.0,Coreia do Sul,Tchéquia,1.218,1.088,2-1,2,1,Coreia do Sul,0.3927,0.2908,0.3165,baixa,0.0,1,8000,4.47,4.47,-0.24,-0.08,1.05,1.1,0.6,1.0,4.2489,0.0,1.0,1.8,0.0,0.0,0.0,0.0,0.0,1.0
3,2026-06-12,Fase de grupos,B,1.0,Canadá,Bósnia e Herzegovina,1.579,0.695,1-0,1,0,Canadá,0.584,0.2539,0.1621,alta,0.0,2,8000,9.52,9.52,0.66,1.04,1.79,0.83,0.99,2.9091,8.4461,4.0,1.0,5.0,0.0,0.0,0.0,1.0,0.0,1.0
4,2026-06-12,Fase de grupos,D,1.0,Estados Unidos,Paraguai,1.61,0.591,1-0,1,0,Estados Unidos,0.6146,0.251,0.1344,alta,0.0,3,8000,10.55,10.55,0.65,1.84,0.99,1.13,0.71,8.6364,10.6561,0.0,2.8,3.0,0.0,0.0,0.0,1.0,0.0,1.0
5,2026-06-13,Fase de grupos,C,1.0,Haiti,Escócia,0.873,1.351,0-1,0,1,Escócia,0.2467,0.2719,0.4814,média,0.0,4,8000,-9.39,-9.39,-1.03,-0.14,-2.81,0.27,-0.92,-9.6364,-8.6767,0.0,-1.0,-2.0,0.0,0.0,0.0,0.0,0.0,1.0
6,2026-06-13,Fase de grupos,D,1.0,Austrália,Turquia,0.882,1.317,0-1,0,1,Turquia,0.2539,0.2831,0.463,baixa,0.0,5,8000,-6.21,-6.21,-1.48,-0.3,-1.6,-0.37,-0.6,1.0909,-5.9544,0.0,-2.8,-1.8,0.0,0.0,0.0,0.0,0.0,1.0
7,2026-06-13,Fase de grupos,C,1.0,Brasil,Marrocos,1.293,0.977,2-1,2,1,Brasil,0.4286,0.2868,0.2846,baixa,0.0,6,8000,4.22,4.22,0.33,0.83,0.61,0.17,0.55,2.0,4.8367,0.0,3.0,2.2,0.0,0.0,0.0,0.0,0.0,1.0
8,2026-06-13,Fase de grupos,B,1.0,Catar,Suíça,0.993,1.353,1-2,1,2,Suíça,0.2702,0.2787,0.451,baixa,0.0,7,8000,-7.51,-7.51,-0.43,-0.31,-0.58,0.34,0.72,-26.2727,-8.1506,-1.8,3.0,0.0,0.0,0.0,0.0,0.0,0.0,1.0
9,2026-06-14,Fase de grupos,E,1.0,Costa do Marfim,Equador,1.124,1.041,2-1,2,1,Costa do Marfim,0.3772,0.294,0.3287,baixa,0.0,8,8000,1.8,1.8,-0.63,0.66,1.02,0.47,-0.18,4.4545,0.6328,-1.0,-1.8,-1.2,0.0,0.0,0.0,0.0,0.0,1.0
10,2026-06-14,Fase de grupos,E,1.0,Alemanha,Curaçao,1.354,0.842,1-0,1,0,Alemanha,0.4868,0.2787,0.2345,média,0.0,9,8000,9.6,9.6,0.22,1.24,0.04,0.47,0.65,9.1818,12.32,3.0,5.0,5.0,0.0,0.0,0.0,0.0,0.0,1.0
11,2026-06-14,Fase de grupos,F,1.0,Países Baixos,Japão,1.251,0.998,1-0,1,0,Países Baixos,0.4269,0.2794,0.2938,baixa,0.0,10,8000,2.38,2.38,0.25,1.11,-1.26,0.37,0.14,3.9091,3.9444,-1.2,1.2,0.0,0.0,0.0,0.0,0.0,0.0,1.0
12,2026-06-14,Fase de grupos,F,1.0,Suécia,Tunísia,1.232,0.992,1-0,1,0,Suécia,0.4233,0.2843,0.2925,baixa,0.0,11,8000,3.83,3.83,0.09,0.57,0.16,0.43,-0.24,8.0,4.9261,-1.8,3.8,1.0,0.0,0.0,0.0,0.0,0.0,1.0
13,2026-06-15,Fase de grupos,H,1.0,Arábia Saudita,Uruguai,0.998,1.219,1-2,1,2,Uruguai,0.2981,0.2913,0.4106,baixa,0.0,12,8000,-6.2,-6.2,-0.52,0.38,-0.82,-0.43,0.0,-20.7273,-5.3083,-1.0,0.0,-1.2,0.0,0.0,0.0,0.0,0.0,1.0
14,2026-06-15,Fase de grupos,H,1.0,Espanha,Cabo Verde,1.454,0.879,1-0,1,0,Espanha,0.5061,0.2707,0.2231,média,0.0,13,8000,10.18,10.18,0.72,0.63,1.73,0.87,-0.23,14.0909,11.5206,0.0,5.0,3.0,0.0,0.0,0.0,0.0,0.0,1.0
15,2026-06-15,Fase de grupos,G,1.0,Irã,Nova Zelândia,1.065,1.064,2-1,2,1,Irã,0.3593,0.2913,0.3495,baixa,0.0,14,8000,-0.95,-0.95,-0.57,0.89,0.44,0.64,0.75,-22.6364,-0.05,0.0,1.0,0.0,0.0,0.0,0.0,0.0,0.0,1.0
16,2026-06-15,Fase de grupos,G,1.0,Bélgica,Egito,1.468,0.835,1-0,1,0,Bélgica,0.5222,0.2609,0.2169,média,0.0,15,8000,12.56,12.56,0.59,0.82,1.85,1.08,0.58,19.0909,14.7072,-1.8,3.0,0.0,0.0,0.0,0.0,0.0,0.0,1.0
17,2026-06-16,Fase de grupos,I,1.0,França,Senegal,1.167,1.218,1-1,1,1,Empate,0.3074,0.3698,0.3228,baixa,0.153,16,8000,-1.62,-1.62,0.18,-0.12,-0.34,-0.1,-0.52,0.2727,-1.3667,0.0,0.0,-1.8,0.0,0.0,0.0,0.0,0.0,1.0
18,2026-06-16,Fase de grupos,I,1.0,Iraque,Noruega,0.866,1.39,0-1,0,1,Noruega,0.201,0.3776,0.4214,baixa,0.157,17,8000,-10.7,-10.7,-0.76,-0.32,-0.9,-0.54,0.07,-25.7273,-12.7372,0.0,-1.0,0.0,0.0,0.0,0.0,0.0,0.0,1.0
19,2026-06-16,Fase de grupos,J,1.0,Argentina,Argélia,1.275,0.985,2-1,2,1,Argentina,0.3949,0.3612,0.2439,baixa,0.162,18,8000,6.67,6.67,-0.25,0.61,1.19,1.2,1.04,4.9091,8.1656,1.8,3.0,0.0,0.0,0.0,0.0,0.0,0.0,1.0
20,2026-06-16,Fase de grupos,J,1.0,Áustria,Jordânia,1.369,0.832,1-0,1,0,Áustria,0.5797,0.2334,0.1868,média,0.166,19,8000,11.4,11.4,0.04,0.95,1.39,-0.13,-0.12,29.2727,12.5694,1.0,2.0,4.0,0.0,0.0,0.0,0.0,0.0,1.0
21,2026-06-17,Fase de grupos,L,1.0,Gana,Panamá,0.853,1.351,0-1,0,1,Panamá,0.3644,0.2354,0.4003,baixa,0.171,20,8000,-6.61,-6.61,-1.55,-0.61,-1.67,-0.9,-2.16,21.4545,-7.5128,-1.2,1.0,1.0,0.0,0.0,0.0,0.0,0.0,1.0
22,2026-06-17,Fase de grupos,L,1.0,Inglaterra,Croácia,1.147,1.181,2-1,2,1,Inglaterra,0.4633,0.2306,0.3061,baixa,0.175,21,8000,-0.27,-0.27,-0.25,-0.09,-0.51,0.43,-0.71,2.8182,0.92,3.0,0.0,1.8,0.0,0.0,0.0,0.0,0.0,1.0
23,2026-06-17,Fase de grupos,K,1.0,Portugal,RD Congo,1.412,0.864,1-0,1,0,Portugal,0.4127,0.4087,0.1786,baixa,0.18,22,8000,8.59,8.59,0.57,1.2,1.73,0.6,0.83,2.5455,9.0517,0.0,4.0,1.8,0.0,0.0,0.0,0.0,0.0,1.0
24,2026-06-17,Fase de grupos,K,1.0,Uzbequistão,Colômbia,0.792,1.405,0-1,0,1,Colômbia,0.1751,0.289,0.5359,média,0.185,23,8000,-11.27,-11.27,-1.37,-0.37,-0.52,-1.36,-0.19,-26.0,-10.8011,-3.0,-2.8,-2.8,0.0,0.0,0.0,0.0,0.0,1.0
25,2026-06-18,Fase de grupos,A,2.0,Tchéquia,África do Sul,1.346,0.988,1-0,1,0,Tchéquia,0.5468,0.2245,0.2287,média,0.189,24,8000,5.8238,5.73,0.59,0.43,-0.98,-0.23,0.68,15.5455,8.3422,0.0,0.0,0.0,0.163,0.144,0.0,0.0,0.0,2.0
26,2026-06-18,Fase de grupos,B,2.0,Suíça,Bósnia e Herzegovina,1.451,0.762,1-0,1,0,Suíça,0.4257,0.4174,0.157,baixa,0.194,25,8000,12.4903,12.85,0.63,1.55,1.86,0.66,1.35,3.6364,15.3778,1.8,1.0,2.0,-0.0193,-0.044,-1.0,0.0,0.0,2.0
27,2026-06-18,Fase de grupos,B,2.0,Canadá,Catar,1.472,0.934,1-0,1,0,Canadá,0.5948,0.2069,0.1983,alta,0.198,26,8000,3.8203,4.18,0.34,-0.08,0.51,-0.17,-1.08,25.5455,1.2189,4.0,-3.0,3.0,0.0595,0.136,1.0,1.0,0.0,2.0
28,2026-06-18,Fase de grupos,A,2.0,México,Coreia do Sul,1.329,0.84,0-0,0,0,Empate,0.3989,0.413,0.1881,baixa,0.203,27,8000,0.1338,0.04,0.1,1.51,-1.01,-0.27,0.52,-3.7273,0.2283,0.0,0.0,0.0,0.0528,-0.108,0.0,1.0,0.0,2.0
29,2026-06-19,Fase de grupos,C,2.0,Brasil,Haiti,1.44,0.888,0-0,0,0,Empate,0.3981,0.4186,0.1832,baixa,0.207,28,8000,8.6,8.53,0.48,0.55,2.06,-0.3,0.79,8.7273,9.0122,0.0,5.0,4.2,0.52,0.0,0.0,0.0,0.0,2.0
30,2026-06-19,Fase de grupos,C,2.0,Escócia,Marrocos,1.352,0.814,1-0,1,0,Escócia,0.605,0.2152,0.1798,alta,0.212,29,8000,5.15,5.08,-0.01,1.31,1.36,0.2,0.68,2.9091,4.5011,0.0,-1.0,0.0,0.94,0.0,0.0,0.0,0.0,2.0
31,2026-06-19,Fase de grupos,D,2.0,Turquia,Paraguai,1.305,0.773,1-0,1,0,Turquia,0.604,0.2231,0.1728,alta,0.216,30,8000,8.3414,8.35,-0.01,2.06,1.15,1.5,0.73,4.9091,7.2661,0.0,2.8,1.8,0.0807,-0.044,-1.0,0.0,0.0,2.0
32,2026-06-19,Fase de grupos,D,2.0,Estados Unidos,Austrália,1.652,0.67,1-0,1,0,Estados Unidos,0.4705,0.4116,0.1179,baixa,0.221,31,8000,8.4014,8.41,0.96,1.26,1.44,0.0,0.58,2.6364,9.3444,0.0,2.8,3.0,0.212,0.256,1.0,1.0,0.0,2.0
33,2026-06-20,Fase de grupos,E,2.0,Alemanha,Costa do Marfim,1.291,0.875,1-0,1,0,Alemanha,0.3914,0.223,0.3856,baixa,0.225,32,8000,6.9982,5.51,-0.38,1.0,0.22,1.0,0.38,2.0909,7.2317,0.0,3.0,1.2,0.5,0.0,0.0,0.0,0.0,2.0
34,2026-06-20,Fase de grupos,E,2.0,Equador,Curaçao,1.257,0.938,1-0,1,0,Equador,0.5635,0.2224,0.2141,média,0.23,33,8000,3.7782,2.29,-0.06,0.87,-1.2,-1.0,0.45,2.6364,4.4556,4.0,3.8,5.0,0.5,0.0,0.0,0.0,0.0,2.0
35,2026-06-20,Fase de grupos,F,2.0,Países Baixos,Suécia,1.257,1.019,1-1,1,1,Empate,0.3201,0.4511,0.2288,baixa,0.235,34,8000,6.7546,8.35,0.85,1.37,0.57,0.4,1.06,0.1818,10.0056,1.8,1.2,1.8,-1.387,-0.336,0.0,0.0,0.0,2.0
36,2026-06-20,Fase de grupos,F,2.0,Tunísia,Japão,0.708,1.489,0-1,0,1,Japão,0.3716,0.1932,0.4352,baixa,0.239,35,8000,-11.3954,-9.8,-1.17,-0.35,-1.99,-0.46,-0.68,-4.2727,-10.9872,-1.2,-3.8,-2.8,-0.82,0.0,0.0,0.0,0.0,2.0
37,2026-06-21,Fase de grupos,H,2.0,Uruguai,Cabo Verde,1.237,0.855,1-0,1,0,Uruguai,0.5869,0.2226,0.1905,alta,0.244,36,8000,6.8694,7.14,-0.33,1.39,0.84,0.7,0.25,9.1818,7.355,1.0,1.0,3.0,0.0,0.0,0.0,0.0,0.0,2.0
38,2026-06-21,Fase de grupos,H,2.0,Espanha,Arábia Saudita,1.427,1.032,2-1,2,1,Espanha,0.5723,0.2183,0.2094,média,0.248,37,8000,8.9694,9.24,0.67,-0.24,1.71,0.6,-0.48,25.6364,9.4739,0.0,4.0,1.2,0.0,0.0,0.0,0.0,0.0,2.0
39,2026-06-21,Fase de grupos,G,2.0,Bélgica,Irã,1.362,0.841,1-0,1,0,Bélgica,0.6195,0.2066,0.1739,alta,0.253,38,8000,10.8551,11.07,-0.09,0.99,0.85,0.46,-0.17,33.3636,11.7656,0.0,4.0,2.0,0.0,0.0,0.0,0.0,0.0,2.0
40,2026-06-21,Fase de grupos,G,2.0,Nova Zelândia,Egito,1.162,1.068,2-1,2,1,Nova Zelândia,0.5289,0.2149,0.2562,média,0.257,39,8000,2.2251,2.44,-0.21,0.4,0.56,-0.02,0.0,8.3636,2.9917,-1.8,-2.0,-2.0,0.0,0.0,0.0,0.0,0.0,2.0
41,2026-06-22,Fase de grupos,I,2.0,Noruega,Senegal,1.34,0.988,1-0,1,0,Noruega,0.5682,0.2016,0.2302,média,0.262,40,8000,0.8204,-0.98,-0.17,-0.08,-0.53,0.4,-0.51,0.9091,0.0361,-1.2,0.0,-1.8,1.8178,0.132,0.0,0.0,0.0,2.0
42,2026-06-22,Fase de grupos,I,2.0,França,Iraque,1.65,0.662,1-0,1,0,França,0.709,0.1784,0.1126,alta,0.266,41,8000,11.8604,10.06,0.67,0.72,1.09,0.04,-0.08,25.0909,11.3344,1.2,1.0,0.0,1.8685,0.248,0.0,0.0,0.0,2.0
43,2026-06-22,Fase de grupos,J,2.0,Argentina,Áustria,1.281,0.964,1-2,1,2,Áustria,0.3211,0.2163,0.4625,baixa,0.271,42,8000,4.287,3.72,0.06,0.93,0.7,0.63,0.48,3.0909,3.66,-2.2,3.0,-3.0,0.1525,0.12,0.0,0.0,0.0,2.0
44,2026-06-22,Fase de grupos,J,2.0,Jordânia,Argélia,0.875,1.34,0-1,0,1,Argélia,0.19,0.2062,0.6038,alta,0.275,43,8000,-7.883,-8.45,-1.26,-0.36,-0.9,0.7,0.68,-27.4545,-8.0639,3.0,-2.0,-1.0,0.1385,0.088,0.0,0.0,0.0,2.0
45,2026-06-23,Fase de grupos,L,2.0,Inglaterra,Gana,1.481,0.894,1-0,1,0,Inglaterra,0.5709,0.2585,0.1706,média,0.28,44,8000,9.721,9.47,0.98,0.5,0.66,1.57,0.82,2.6364,11.4856,1.2,4.0,2.8,0.1875,0.2,0.0,0.0,0.0,2.0
46,2026-06-23,Fase de grupos,L,2.0,Panamá,Croácia,1.05,1.107,1-2,1,2,Croácia,0.2391,0.2098,0.5511,média,0.285,45,8000,-2.879,-3.13,-0.62,0.96,0.5,-0.24,0.63,-21.2727,-3.0528,3.0,-5.0,-2.0,0.0563,-0.1,0.0,0.0,0.0,2.0
47,2026-06-23,Fase de grupos,K,2.0,Portugal,Uzbequistão,1.664,0.663,1-0,1,0,Portugal,0.5797,0.3059,0.1144,média,0.289,46,8000,15.214,14.75,1.21,1.33,1.44,0.76,0.42,31.0,14.1911,3.0,4.0,2.8,0.62,0.0,0.0,0.0,0.0,2.0
48,2026-06-23,Fase de grupos,K,2.0,Colômbia,RD Congo,1.347,0.798,1-0,1,0,Colômbia,0.575,0.2672,0.1577,média,0.294,47,8000,5.574,5.11,-0.27,1.24,0.81,1.2,0.6,-2.4545,5.6617,0.0,2.8,1.8,1.1538,0.26,0.0,0.0,0.0,2.0
49,2026-06-24,Fase de grupos,C,3.0,Escócia,Brasil,1.023,1.249,1-2,1,2,Brasil,0.2151,0.201,0.5839,alta,0.298,48,8000,-0.2103,0.86,-0.27,0.41,0.75,0.03,0.13,0.9091,-0.3356,0.0,-4.0,-2.2,-1.0993,0.1,0.0,0.0,0.0,3.0
50,2026-06-24,Fase de grupos,C,3.0,Marrocos,Haiti,1.404,0.818,1-0,1,0,Marrocos,0.6483,0.1845,0.1672,alta,0.303,49,8000,5.9502,4.31,-0.42,0.29,1.45,-0.47,0.24,6.7273,4.1756,0.0,2.0,2.0,1.9897,0.1,0.0,0.0,0.0,3.0
51,2026-06-24,Fase de grupos,B,3.0,Suíça,Canadá,1.08,1.302,1-2,1,2,Canadá,0.2102,0.3244,0.4654,baixa,0.307,50,8000,2.6506,3.33,0.3,0.18,0.07,-0.17,0.36,0.7273,6.9317,-2.2,0.0,-3.0,-0.3467,-0.1136,0.0,-1.0,0.0,3.0
52,2026-06-24,Fase de grupos,B,3.0,Bósnia e Herzegovina,Catar,0.966,1.271,1-2,1,2,Catar,0.1909,0.1952,0.6139,alta,0.312,51,8000,-4.4308,-5.34,-1.03,-0.41,-1.28,-1.0,-2.07,22.6364,-7.2272,0.0,-4.0,-2.0,0.2861,-0.0296,0.0,0.0,0.0,3.0
53,2026-06-24,Fase de grupos,A,3.0,Tchéquia,México,0.535,1.571,0-1,0,1,México,0.0816,0.1677,0.7507,alta,0.316,52,8000,-5.9418,-4.51,-1.62,0.33,-0.04,-0.83,-1.12,2.7273,-4.4772,0.0,-1.0,-1.8,-1.896,-0.228,0.0,-1.0,0.0,3.0
54,2026-06-24,Fase de grupos,A,3.0,África do Sul,Coreia do Sul,0.927,1.47,0-1,0,1,Coreia do Sul,0.16,0.1781,0.6619,alta,0.321,53,8000,-10.6559,-10.2,0.0,-0.7,-0.07,-0.87,-1.28,-16.5455,-12.5911,0.0,-1.0,-1.8,-0.3741,-0.0992,0.0,0.0,0.0,3.0
55,2026-06-25,Fase de grupos,E,3.0,Curaçao,Costa do Marfim,0.934,1.359,0-1,0,1,Costa do Marfim,0.1771,0.1849,0.638,alta,0.325,54,8000,-5.8948,-4.09,-0.51,-0.33,0.18,0.53,-0.27,-7.0909,-5.0883,-3.0,-2.0,-3.8,-0.558,0.0,0.0,0.0,0.0,3.0
56,2026-06-25,Fase de grupos,E,3.0,Equador,Alemanha,0.616,1.452,0-1,0,1,Alemanha,0.1088,0.1805,0.7107,alta,0.33,55,8000,-9.7288,-7.31,-1.39,0.74,-1.24,-1.47,-0.2,-6.5455,-7.8644,1.0,-1.2,0.0,-2.018,0.0,0.0,0.0,0.0,3.0
57,2026-06-25,Fase de grupos,F,3.0,Japão,Suécia,1.478,0.835,1-0,1,0,Japão,0.6866,0.1772,0.1362,alta,0.335,56,8000,7.1017,5.97,0.42,0.44,1.83,0.03,0.92,-3.7273,6.0611,3.0,0.0,1.8,1.4126,0.0624,0.0,0.0,0.0,3.0
58,2026-06-25,Fase de grupos,F,3.0,Tunísia,Países Baixos,0.351,1.808,0-1,0,1,Países Baixos,0.0504,0.1301,0.8195,alta,0.339,57,8000,-16.1584,-12.18,-2.1,-0.78,-0.73,-0.83,-0.82,-8.1818,-14.9317,0.0,-5.0,-2.8,-2.511,0.0,0.0,0.0,0.0,3.0
59,2026-06-25,Fase de grupos,D,3.0,Turquia,Estados Unidos,0.584,1.646,0-1,0,1,Estados Unidos,0.0825,0.1554,0.7621,alta,0.344,58,8000,-4.7142,-2.2,-0.86,0.42,0.16,0.37,0.02,-3.7273,-3.39,0.0,0.0,-1.2,-2.5896,-0.1536,0.0,-1.0,0.0,3.0
60,2026-06-25,Fase de grupos,D,3.0,Paraguai,Austrália,1.066,1.104,2-1,2,1,Paraguai,0.5673,0.1956,0.2371,média,0.348,59,8000,-2.9202,-2.14,-0.68,0.41,0.45,-1.13,-0.13,-6.0,-1.3117,0.0,0.0,0.0,0.6026,0.0264,0.0,0.0,0.0,3.0
61,2026-06-26,Fase de grupos,I,3.0,Noruega,França,1.112,1.211,1-2,1,2,França,0.2424,0.1814,0.5762,média,0.35,60,8000,0.0897,0.64,-0.22,-0.09,-0.19,0.5,0.01,0.6364,1.4028,-1.2,0.0,0.0,-0.2692,-0.2896,0.0,0.0,0.0,3.0
62,2026-06-26,Fase de grupos,I,3.0,Senegal,Iraque,1.496,0.82,1-0,1,0,Senegal,0.4273,0.427,0.1457,baixa,0.35,61,8000,12.3598,11.68,0.66,0.67,1.43,0.14,0.44,24.8182,12.7011,1.2,1.0,1.8,0.255,0.0,0.0,0.0,0.0,3.0
63,2026-06-26,Fase de grupos,G,3.0,Egito,Irã,1.176,1.018,1-0,1,0,Egito,0.6046,0.1892,0.2062,alta,0.35,62,8000,-0.6049,-1.49,-0.72,0.21,-1.0,-0.62,-0.75,14.2727,-2.9417,1.8,1.0,2.0,1.145,0.24,0.0,0.0,0.0,3.0
64,2026-06-26,Fase de grupos,G,3.0,Nova Zelândia,Bélgica,0.785,1.453,0-1,0,1,Bélgica,0.3655,0.172,0.4625,baixa,0.35,63,8000,-10.574,-10.12,-0.99,-0.23,-1.29,-1.1,-0.58,-10.7273,-11.7156,0.0,-5.0,-2.0,-0.6008,0.044,0.0,0.0,0.0,3.0
65,2026-06-26,Fase de grupos,H,3.0,Cabo Verde,Arábia Saudita,1.133,1.086,1-2,1,2,Arábia Saudita,0.2909,0.1873,0.5218,média,0.35,64,8000,0.5359,-0.94,-0.82,-0.1,-0.02,-0.27,-0.25,11.5455,-2.0467,0.0,-1.0,-1.8,0.82,0.0,0.0,0.0,0.0,3.0
66,2026-06-26,Fase de grupos,H,3.0,Uruguai,Espanha,0.928,1.404,0-1,0,1,Espanha,0.2349,0.1797,0.5854,alta,0.35,65,8000,-4.2752,-3.04,-0.19,-0.1,-0.89,-0.17,0.48,-4.9091,-4.1656,1.0,-4.0,0.0,-1.24,0.0,0.0,0.0,0.0,3.0
67,2026-06-27,Fase de grupos,L,3.0,Panamá,Inglaterra,0.952,1.331,1-2,1,2,Inglaterra,0.1752,0.1881,0.6367,alta,0.35,66,8000,-4.2507,-2.86,0.06,0.62,1.01,-0.67,1.34,-24.0909,-3.9728,0.0,-5.0,-3.8,-1.4261,-0.12,0.0,0.0,0.0,3.0
68,2026-06-27,Fase de grupos,L,3.0,Croácia,Gana,1.402,0.847,1-0,1,0,Croácia,0.6811,0.1756,0.1433,alta,0.35,67,8000,8.5914,9.74,0.64,1.18,1.17,1.14,1.53,-0.1818,10.5656,-1.8,4.0,1.0,0.1061,0.06,0.0,0.0,0.0,3.0
69,2026-06-27,Fase de grupos,J,3.0,Argélia,Áustria,1.148,1.07,1-2,1,2,Áustria,0.253,0.1924,0.5546,média,0.35,68,8000,-3.678,-2.95,-0.2,0.83,-0.49,-0.57,-0.56,-1.8182,-4.5056,-4.0,0.0,-3.0,0.6408,0.1072,0.0,0.0,0.0,3.0
70,2026-06-27,Fase de grupos,J,3.0,Jordânia,Argentina,0.423,1.82,0-1,0,1,Argentina,0.0509,0.1355,0.8135,alta,0.35,69,8000,-17.5157,-15.12,-1.36,-0.62,-2.09,-0.5,-0.36,-32.3636,-16.2294,1.2,-5.0,-1.0,-2.5376,-0.028,0.0,0.0,0.0,3.0
71,2026-06-27,Fase de grupos,K,3.0,Colômbia,Portugal,1.019,1.221,0-0,0,0,Empate,0.2008,0.4719,0.3273,média,0.35,70,8000,-3.7809,-3.48,-0.93,0.13,-0.92,0.6,-0.23,-5.0,-3.39,0.0,-1.2,0.0,0.2783,0.256,0.0,0.0,0.0,3.0
72,2026-06-27,Fase de grupos,K,3.0,RD Congo,Uzbequistão,1.382,0.851,1-0,1,0,RD Congo,0.4409,0.3999,0.1591,baixa,0.35,71,8000,8.1342,6.16,0.1,0.67,-0.29,0.16,-0.41,28.4545,5.1394,3.0,0.0,1.0,0.741,0.0,0.0,0.0,0.0,3.0
73,2026-06-28,16 avos de final,,0.0,África do Sul,Canadá,0.723,1.516,2-1,2,1,África do Sul,0.4593,0.1696,0.3711,baixa,0.35,72,8000,-12.2159,-11.32,-0.39,-1.23,0.13,-0.27,-1.28,-23.9091,-12.9894,-1.0,-1.0,-3.0,0.4236,-0.1562,0.0,-1.0,1.0,0.0
74,2026-06-29,16 avos de final,,0.0,Alemanha,Paraguai,1.226,0.668,1-0,1,0,Alemanha,0.5929,0.2619,0.1452,alta,0.35,73,8000,11.3433,9.59,-0.4,1.7,0.76,1.7,0.43,8.8182,11.0017,0.0,4.0,3.0,0.1556,0.0482,0.0,0.0,1.0,0.0
75,2026-06-29,16 avos de final,,0.0,Países Baixos,Marrocos,1.206,0.806,0-0,0,0,Empate,0.3128,0.5264,0.1608,média,0.35,73,8000,5.6806,5.26,0.33,1.58,0.27,-0.63,0.42,2.9091,7.305,-1.2,3.0,1.8,0.1952,0.064,-1.0,0.0,1.0,0.0
76,2026-06-29,16 avos de final,,0.0,Brasil,Japão,1.252,0.893,1-0,1,0,Brasil,0.6269,0.19,0.1831,alta,0.35,73,8000,1.7959,1.34,0.25,0.36,-0.92,1.17,0.27,3.0,1.4761,0.0,1.2,0.4,0.9392,-0.3464,1.0,0.0,1.0,0.0
77,2026-06-30,16 avos de final,,0.0,França,Suécia,1.472,0.7,0-0,0,0,Empate,0.3629,0.5195,0.1177,média,0.35,74,8000,6.8458,4.3,0.74,0.45,0.62,0.57,0.86,-0.8182,4.7167,3.0,-1.8,0.0,2.4671,0.7162,-1.0,0.0,1.0,0.0
78,2026-06-30,16 avos de final,,0.0,Costa do Marfim,Noruega,1.114,0.97,1-0,1,0,Costa do Marfim,0.5991,0.1965,0.2043,alta,0.35,74,8000,-1.4804,-2.32,-0.28,0.25,0.49,-0.97,-0.23,-4.1818,-4.0217,1.2,0.0,1.8,0.7997,-0.2314,1.0,0.0,1.0,0.0
79,2026-06-30,16 avos de final,,0.0,México,Equador,1.364,0.492,1-2,1,2,Equador,0.3764,0.1878,0.4358,baixa,0.35,74,8000,5.2548,3.95,-0.65,1.97,0.37,1.1,0.99,-4.9091,3.1678,-1.0,-1.8,-1.2,1.2229,0.091,1.0,1.0,1.0,0.0
80,2026-07-01,16 avos de final,,0.0,Inglaterra,RD Congo,1.27,0.862,1-0,1,0,Inglaterra,0.5473,0.2769,0.1759,média,0.35,74,8000,6.6582,6.01,0.19,0.3,0.7,1.57,0.12,3.2727,8.1867,0.0,4.0,1.8,0.6043,0.02,0.0,0.0,1.0,0.0
81,2026-07-01,16 avos de final,,0.0,Estados Unidos,Bósnia e Herzegovina,1.518,0.532,0-0,0,0,Empate,0.4007,0.5147,0.0846,média,0.35,74,8000,13.0798,12.76,1.0,1.91,2.08,0.96,1.0,3.0909,12.6272,3.0,2.8,5.0,-0.1671,0.1979,-1.0,1.0,1.0,0.0
82,2026-07-01,16 avos de final,,0.0,Bélgica,Senegal,1.186,0.976,1-2,1,2,Senegal,0.3064,0.1892,0.5043,média,0.35,74,8000,3.3752,3.11,0.2,0.22,0.48,0.16,0.15,-0.0909,4.6344,-3.0,3.0,-1.8,0.2942,-0.1838,0.0,0.0,1.0,0.0
83,2026-07-02,16 avos de final,,0.0,Portugal,Croácia,1.113,0.99,1-0,1,0,Portugal,0.5941,0.1909,0.215,alta,0.35,74,8000,3.4968,2.31,0.13,0.81,0.52,-0.54,0.0,2.0909,1.785,3.0,0.0,1.8,-0.6209,-0.208,0.0,0.0,1.0,0.0
84,2026-07-02,16 avos de final,,0.0,Espanha,Áustria,1.342,0.855,1-0,1,0,Espanha,0.5585,0.2728,0.1688,média,0.35,74,8000,2.7456,1.61,0.29,-0.05,0.91,1.2,-0.66,3.2727,0.5917,-1.0,4.0,0.0,1.5825,-0.1557,1.0,0.0,1.0,0.0
85,2026-07-02,16 avos de final,,0.0,Suíça,Argélia,1.383,0.712,1-0,1,0,Suíça,0.6795,0.1906,0.13,alta,0.35,74,8000,7.9271,5.7,-0.21,0.51,0.65,0.63,0.85,3.7273,8.2872,1.8,0.0,0.0,1.1826,-0.1896,3.0,0.0,1.0,0.0
86,2026-07-03,16 avos de final,,0.0,Argentina,Cabo Verde,1.517,0.499,1-2,1,2,Cabo Verde,0.4116,0.1623,0.4261,baixa,0.35,74,8000,13.7975,12.29,0.49,1.61,1.52,0.3,0.91,13.9091,14.5889,-1.2,4.0,0.0,1.9126,-0.0891,-1.0,0.0,1.0,0.0
87,2026-07-03,16 avos de final,,0.0,Colômbia,Gana,1.381,0.645,0-0,0,0,Empate,0.3626,0.5236,0.1138,média,0.35,74,8000,9.1598,8.57,0.52,1.44,0.77,1.2,1.3,-3.0909,8.9606,1.2,2.8,2.8,1.1817,0.2816,0.0,0.0,1.0,0.0
88,2026-07-03,16 avos de final,,0.0,Austrália,Egito,1.104,1.005,1-0,1,0,Austrália,0.5957,0.1924,0.2119,alta,0.35,74,8000,3.8796,4.21,0.08,0.22,0.34,0.78,-0.23,15.1818,3.6289,1.2,-1.0,0.0,-0.6177,-0.056,1.0,0.0,1.0,0.0
89,2026-07-04,Oitavas de final,,0.0,Canadá,Países Baixos,0.998,1.143,0-1,0,1,Países Baixos,0.2063,0.1879,0.6058,alta,0.35,74,8000,-2.7288,-2.5,-0.56,-0.21,0.51,0.0,0.23,-2.8182,-5.2028,2.2,-3.0,1.2,-0.5833,0.1359,-3.0,1.0,1.0,0.0
90,2026-07-04,Oitavas de final,,0.0,Alemanha,França,0.905,1.142,0-1,0,1,França,0.1867,0.1959,0.6174,alta,0.35,74,8000,2.2123,3.83,-0.35,0.63,0.52,0.53,0.16,-1.4545,4.6128,0.0,3.0,3.0,-2.0136,-0.8611,1.0,0.0,1.0,0.0
91,2026-07-05,Oitavas de final,,0.0,Brasil,Noruega,1.263,0.873,1-2,1,2,Noruega,0.2993,0.1859,0.5148,média,0.35,74,8000,4.4799,2.37,0.2,0.39,0.48,0.13,0.32,-0.5455,1.4178,1.2,3.0,2.2,1.7135,-0.1394,-3.0,0.0,1.0,0.0
92,2026-07-05,Oitavas de final,,0.0,Equador,Inglaterra,0.882,1.198,2-1,2,1,Equador,0.5267,0.1935,0.2797,média,0.35,74,8000,-7.2661,-6.35,-0.42,0.17,-0.88,-1.67,-0.14,-9.0,-7.3189,1.0,-1.2,1.2,-0.6474,-0.184,2.0,0.0,1.0,0.0
93,2026-07-06,Oitavas de final,,0.0,Portugal,Espanha,1.104,1.169,1-2,1,2,Espanha,0.2233,0.1819,0.5948,alta,0.35,74,8000,1.4468,1.71,0.94,0.17,-0.09,-1.04,0.97,0.0,1.1044,0.0,-1.0,-1.2,-0.969,-0.192,-1.0,0.0,1.0,0.0
94,2026-07-06,Oitavas de final,,0.0,Estados Unidos,Bélgica,1.205,0.941,1-0,1,0,Estados Unidos,0.617,0.1951,0.188,alta,0.35,74,8000,-0.5819,0.06,0.36,0.75,-0.07,-0.3,-0.23,-1.2727,-1.7339,3.0,-1.2,3.0,-0.9528,-0.2358,1.0,1.0,1.0,0.0
95,2026-07-07,Oitavas de final,,0.0,Argentina,Egito,1.507,0.601,1-0,1,0,Argentina,0.6027,0.1669,0.2304,alta,0.35,74,8000,14.5877,13.68,0.73,1.12,2.1,1.05,0.89,19.5455,15.6022,0.0,3.0,0.0,1.4019,0.0389,-1.0,0.0,1.0,0.0
96,2026-07-07,Oitavas de final,,0.0,Suíça,Gana,1.615,0.509,1-0,1,0,Suíça,0.6794,0.239,0.0817,alta,0.35,74,8000,12.246,11.48,1.09,1.25,1.03,0.5,1.51,0.5455,14.4361,0.0,1.0,1.0,1.7717,-0.0576,2.0,0.0,1.0,0.0
97,2026-07-09,Quartas de final,,0.0,Canadá,Alemanha,1.192,0.883,1-2,1,2,Alemanha,0.2848,0.1921,0.5231,média,0.35,74,8000,-2.2855,-2.28,-0.4,0.38,-0.06,-0.7,0.27,-0.3636,-4.5267,1.0,-3.0,0.0,0.7323,0.1959,-1.0,1.0,1.0,0.0
98,2026-07-10,Quartas de final,,0.0,Portugal,Estados Unidos,0.979,1.193,2-1,2,1,Portugal,0.535,0.1915,0.2735,média,0.35,74,8000,1.2481,0.66,-0.3,-0.01,0.44,-0.2,0.37,1.9091,0.665,0.0,1.2,-1.2,0.3028,-0.1002,0.0,-1.0,1.0,0.0
99,2026-07-11,Quartas de final,,0.0,Brasil,Equador,1.316,0.728,0-0,0,0,Empate,0.3831,0.4435,0.1734,baixa,0.35,74,8000,8.26,6.49,-0.15,0.8,1.01,1.57,0.37,8.0909,6.0722,-1.0,1.2,-0.8,1.1764,0.108,0.0,0.0,1.0,0.0
100,2026-07-11,Quartas de final,,0.0,Argentina,Gana,1.628,0.48,1-0,1,0,Argentina,0.4966,0.4114,0.092,baixa,0.35,74,8000,13.7835,12.45,1.05,1.35,1.57,1.07,1.7,1.7273,14.3144,0.0,4.0,1.0,2.2358,0.1109,0.0,0.0,1.0,0.0
101,2026-07-14,Semifinais,,0.0,Alemanha,Portugal,0.91,1.132,2-1,2,1,Alemanha,0.4226,0.1983,0.3792,baixa,0.35,74,8000,-1.2348,-1.62,-1.04,0.16,-0.67,0.77,-0.65,-1.7273,-0.3194,0.0,0.0,1.2,-0.3114,-0.016,0.0,0.0,1.0,0.0
102,2026-07-15,Semifinais,,0.0,Equador,Argentina,0.63,1.373,2-1,2,1,Equador,0.4611,0.1857,0.3532,baixa,0.35,74,8000,-10.9264,-9.33,-1.27,0.1,-1.79,-1.17,-1.02,-8.0909,-10.1478,2.2,-1.2,3.0,-1.2419,-0.1669,0.0,0.0,1.0,0.0
103,2026-07-18,Disputa de 3º lugar,,0.0,Portugal,Argentina,0.951,1.191,2-1,2,1,Portugal,0.5403,0.19,0.2696,média,0.35,74,8000,-1.3432,-0.4,-0.04,0.4,0.12,-0.47,-0.17,0.1818,-1.9639,1.2,0.0,1.8,-1.3226,-0.2469,0.0,0.0,1.0,0.0
104,2026-07-19,Final,,0.0,Alemanha,Equador,1.092,0.811,1-0,1,0,Alemanha,0.6114,0.2035,0.1852,alta,0.35,74,8000,8.3483,7.31,-0.74,1.39,1.24,1.47,0.2,6.5455,7.8644,-1.0,1.2,0.0,-0.3921,-0.096,0.0,0.0,1.0,0.0
