jogo,data,fase,grupo,rodadaGrupo,equipe1,equipe2,xg1_modelo,xg2_modelo,placar_previsto,placar_modal_bruto,metodo_placar,criterio_resultado_modelado,gols1_previsto,gols2_previsto,vencedor_previsto,prob_vitoria_equipe1,prob_empate,prob_vitoria_equipe2,prob_decisao_penaltis,confianca_modelo,peso_rede_neural,validacoes_anteriores_usadas,interacoes_monte_carlo,feature_rating_diff,feature_base_rating_diff,feature_attack_vs_defense,feature_defense_vs_attack,feature_midfield_diff,feature_goalkeeper_diff,feature_experience_diff,feature_league_diff,feature_player_quality_diff,feature_intensity_diff,feature_possession_diff,feature_pressing_diff,feature_momentum_diff,feature_performance_memory_diff,feature_offensive_form_diff,feature_defensive_form_diff,feature_offensive_form_equipe1,feature_offensive_form_equipe2,feature_defensive_form_equipe1,feature_defensive_form_equipe2,feature_schedule_strength_diff,feature_opponent_adjusted_points_diff,feature_goals_for_rate_diff,feature_goals_against_rate_diff,feature_opponent_weighted_goals_for_diff,feature_opponent_weighted_goals_against_diff,feature_weighted_goals_for_rate_diff,feature_adjusted_goals_against_rate_diff,feature_weighted_goals_for_rate_equipe1,feature_weighted_goals_for_rate_equipe2,feature_adjusted_goals_against_rate_equipe1,feature_adjusted_goals_against_rate_equipe2,feature_rest_diff,feature_host_diff,feature_knockout,feature_round_group,placar_regular_previsto,decisao_penaltis,placar_penaltis,prob_penaltis_equipe1,vencedor_pos_penaltis,criterio_vencedor,status_previsao,usa_desempenho_copa,origem_confronto,precisa_recalculo,possui_real,placar_real,vencedor_real
1,2026-06-11,Fase de grupos,A,1.0,México,África do Sul,1.267,0.701,1-0,1-0,representativo_probabilistico,maior_probabilidade,1,0,México,0.5009,0.2919,0.2072,0.0,média,0.0,0,12000,10.24,10.24,0.61,1.7,-0.94,0.6,1.8,12.8182,12.8194,0.0,1.0,1.8,0.0,0.0,0.0,0.0,0.0,0.0,0.0,0.0,0.0,0.0,0.0,0.0,0.0,0.0,0.0,0.0,0.0,0.0,0.0,0.0,0.0,0.0,0.0,1.0,1-0,Não,,,,Tempo regulamentar/modelado,Real validado,Sim,Tabela base,Não,Sim,2-0,México
2,2026-06-11,Fase de grupos,A,1.0,Coreia do Sul,Tchéquia,1.087,0.997,1-0,1-1,representativo_probabilistico,maior_probabilidade,1,0,Coreia do Sul,0.3664,0.3053,0.3282,0.0,baixa,0.0,1,12000,4.47,4.47,-0.24,-0.08,1.05,1.1,0.6,1.0,4.2489,0.0,1.0,1.8,0.0,0.0,0.0,0.0,0.0,0.0,0.0,0.0,0.0,0.0,0.0,0.0,0.0,0.0,0.0,0.0,0.0,0.0,0.0,0.0,0.0,0.0,0.0,1.0,1-0,Não,,,,Tempo regulamentar/modelado,Real validado,Sim,Tabela base,Não,Sim,2-1,Coreia do Sul
3,2026-06-12,Fase de grupos,B,1.0,Canadá,Bósnia e Herzegovina,1.279,0.774,1-0,1-0,representativo_probabilistico,maior_probabilidade,1,0,Canadá,0.4878,0.2899,0.2223,0.0,média,0.0,2,12000,9.52,9.52,0.66,1.04,1.79,0.83,0.99,2.9091,8.4461,4.0,1.0,5.0,0.0,0.0,0.0,0.0,0.0,0.0,0.0,0.0,0.0,0.0,0.0,0.0,0.0,0.0,0.0,0.0,0.0,0.0,0.0,0.0,0.0,0.0,0.0,1.0,1-0,Não,,,,Tempo regulamentar/modelado,Real validado,Sim,Tabela base,Não,Sim,1-1,Empate
4,2026-06-12,Fase de grupos,D,1.0,Estados Unidos,Paraguai,1.3,0.665,1-0,1-0,representativo_probabilistico,maior_probabilidade,1,0,Estados Unidos,0.5201,0.2908,0.1892,0.0,média,0.0,3,12000,10.55,10.55,0.65,1.84,0.99,1.13,0.71,8.6364,10.6561,0.0,2.8,3.0,0.0,0.0,0.0,0.0,0.0,0.0,0.0,0.0,0.0,0.0,0.0,0.0,0.0,0.0,0.0,0.0,0.0,0.0,0.0,0.0,0.0,0.0,0.0,1.0,1-0,Não,,,,Tempo regulamentar/modelado,Real validado,Sim,Tabela base,Não,Sim,4-1,Estados Unidos
5,2026-06-13,Fase de grupos,C,1.0,Haiti,Escócia,0.793,1.203,0-1,0-1,representativo_probabilistico,maior_probabilidade,0,1,Escócia,0.2417,0.2976,0.4607,0.0,baixa,0.0,4,12000,-9.39,-9.39,-1.03,-0.14,-2.81,0.27,-0.92,-9.6364,-8.6767,0.0,-1.0,-2.0,0.0,0.0,0.0,0.0,0.0,0.0,0.0,0.0,0.0,0.0,0.0,0.0,0.0,0.0,0.0,0.0,0.0,0.0,0.0,0.0,0.0,0.0,0.0,1.0,0-1,Não,,,,Tempo regulamentar/modelado,Real validado,Sim,Tabela base,Não,Sim,0-1,Escócia
6,2026-06-13,Fase de grupos,D,1.0,Austrália,Turquia,0.784,1.181,0-1,0-1,representativo_probabilistico,maior_probabilidade,0,1,Turquia,0.2455,0.2981,0.4564,0.0,baixa,0.0,5,12000,-6.21,-6.21,-1.48,-0.3,-1.6,-0.37,-0.6,1.0909,-5.9544,0.0,-2.8,-1.8,0.0,0.0,0.0,0.0,0.0,0.0,0.0,0.0,0.0,0.0,0.0,0.0,0.0,0.0,0.0,0.0,0.0,0.0,0.0,0.0,0.0,0.0,0.0,1.0,0-1,Não,,,,Tempo regulamentar/modelado,Real validado,Sim,Tabela base,Não,Sim,2-0,Austrália
7,2026-06-13,Fase de grupos,C,1.0,Brasil,Marrocos,1.162,0.882,1-0,1-0,representativo_probabilistico,maior_probabilidade,1,0,Brasil,0.4249,0.3085,0.2666,0.0,baixa,0.0,6,12000,4.22,4.22,0.33,0.83,0.61,0.17,0.55,2.0,4.8367,0.0,3.0,2.2,0.0,0.0,0.0,0.0,0.0,0.0,0.0,0.0,0.0,0.0,0.0,0.0,0.0,0.0,0.0,0.0,0.0,0.0,0.0,0.0,0.0,0.0,0.0,1.0,1-0,Não,,,,Tempo regulamentar/modelado,Real validado,Sim,Tabela base,Não,Sim,1-1,Empate
8,2026-06-13,Fase de grupos,B,1.0,Catar,Suíça,0.903,1.208,0-1,0-1,representativo_probabilistico,maior_probabilidade,0,1,Suíça,0.2784,0.2983,0.4233,0.0,baixa,0.0,7,12000,-7.51,-7.51,-0.43,-0.31,-0.58,0.34,0.72,-26.2727,-8.1506,-1.8,3.0,0.0,0.0,0.0,0.0,0.0,0.0,0.0,0.0,0.0,0.0,0.0,0.0,0.0,0.0,0.0,0.0,0.0,0.0,0.0,0.0,0.0,0.0,0.0,0.0,1.0,0-1,Não,,,,Tempo regulamentar/modelado,Real validado,Sim,Tabela base,Não,Sim,1-1,Empate
9,2026-06-14,Fase de grupos,E,1.0,Costa do Marfim,Equador,1.001,0.937,1-0,0-0,representativo_probabilistico,maior_probabilidade,1,0,Costa do Marfim,0.3573,0.3126,0.3301,0.0,baixa,0.0,8,12000,1.8,1.8,-0.63,0.66,1.02,0.47,-0.18,4.4545,0.6328,-1.0,-1.8,-1.2,0.0,0.0,0.0,0.0,0.0,0.0,0.0,0.0,0.0,0.0,0.0,0.0,0.0,0.0,0.0,0.0,0.0,0.0,0.0,0.0,0.0,0.0,0.0,1.0,1-0,Não,,,,Tempo regulamentar/modelado,Real validado,Sim,Tabela base,Não,Sim,1-0,Costa do Marfim
10,2026-06-14,Fase de grupos,E,1.0,Alemanha,Curaçao,1.209,0.762,1-0,1-0,representativo_probabilistico,maior_probabilidade,1,0,Alemanha,0.4725,0.298,0.2295,0.0,média,0.0,9,12000,9.6,9.6,0.22,1.24,0.04,0.47,0.65,9.1818,12.32,3.0,5.0,5.0,0.0,0.0,0.0,0.0,0.0,0.0,0.0,0.0,0.0,0.0,0.0,0.0,0.0,0.0,0.0,0.0,0.0,0.0,0.0,0.0,0.0,0.0,0.0,1.0,1-0,Não,,,,Tempo regulamentar/modelado,Real validado,Sim,Tabela base,Não,Sim,7-1,Alemanha
11,2026-06-14,Fase de grupos,F,1.0,Países Baixos,Japão,1.127,0.886,1-0,1-0,representativo_probabilistico,maior_probabilidade,1,0,Países Baixos,0.4135,0.2993,0.2872,0.0,baixa,0.0,10,12000,2.38,2.38,0.25,1.11,-1.26,0.37,0.14,3.9091,3.9444,-1.2,1.2,0.0,0.0,0.0,0.0,0.0,0.0,0.0,0.0,0.0,0.0,0.0,0.0,0.0,0.0,0.0,0.0,0.0,0.0,0.0,0.0,0.0,0.0,0.0,0.0,1.0,1-0,Não,,,,Tempo regulamentar/modelado,Real validado,Sim,Tabela base,Não,Sim,2-2,Empate
12,2026-06-14,Fase de grupos,F,1.0,Suécia,Tunísia,1.11,0.906,1-0,1-0,representativo_probabilistico,maior_probabilidade,1,0,Suécia,0.3997,0.306,0.2943,0.0,baixa,0.0,11,12000,3.83,3.83,0.09,0.57,0.16,0.43,-0.24,8.0,4.9261,-1.8,3.8,1.0,0.0,0.0,0.0,0.0,0.0,0.0,0.0,0.0,0.0,0.0,0.0,0.0,0.0,0.0,0.0,0.0,0.0,0.0,0.0,0.0,0.0,0.0,0.0,1.0,1-0,Não,,,,Tempo regulamentar/modelado,Real validado,Sim,Tabela base,Não,Sim,5-1,Suécia
13,2026-06-15,Fase de grupos,H,1.0,Arábia Saudita,Uruguai,0.906,1.085,0-1,0-1,representativo_probabilistico,maior_probabilidade,0,1,Uruguai,0.3043,0.3031,0.3926,0.0,baixa,0.0,12,12000,-6.2,-6.2,-0.52,0.38,-0.82,-0.43,0.0,-20.7273,-5.3083,-1.0,0.0,-1.2,0.0,0.0,0.0,0.0,0.0,0.0,0.0,0.0,0.0,0.0,0.0,0.0,0.0,0.0,0.0,0.0,0.0,0.0,0.0,0.0,0.0,0.0,0.0,1.0,0-1,Não,,,,Tempo regulamentar/modelado,Real validado,Sim,Tabela base,Não,Sim,1-1,Empate
14,2026-06-15,Fase de grupos,H,1.0,Espanha,Cabo Verde,1.299,0.815,1-0,1-0,representativo_probabilistico,maior_probabilidade,1,0,Espanha,0.4825,0.2882,0.2293,0.0,média,0.0,13,12000,10.18,10.18,0.72,0.63,1.73,0.87,-0.23,14.0909,11.5206,0.0,5.0,3.0,0.0,0.0,0.0,0.0,0.0,0.0,0.0,0.0,0.0,0.0,0.0,0.0,0.0,0.0,0.0,0.0,0.0,0.0,0.0,0.0,0.0,0.0,0.0,1.0,1-0,Não,,,,Tempo regulamentar/modelado,Real validado,Sim,Tabela base,Não,Sim,0-0,Empate
15,2026-06-15,Fase de grupos,G,1.0,Irã,Nova Zelândia,0.959,0.948,0-1,0-1,representativo_probabilistico,maior_probabilidade,0,1,Nova Zelândia,0.3423,0.3135,0.3442,0.0,baixa,0.0,14,12000,-0.95,-0.95,-0.57,0.89,0.44,0.64,0.75,-22.6364,-0.05,0.0,1.0,0.0,0.0,0.0,0.0,0.0,0.0,0.0,0.0,0.0,0.0,0.0,0.0,0.0,0.0,0.0,0.0,0.0,0.0,0.0,0.0,0.0,0.0,0.0,0.0,1.0,0-1,Não,,,,Tempo regulamentar/modelado,Real validado,Sim,Tabela base,Não,Sim,2-2,Empate
16,2026-06-15,Fase de grupos,G,1.0,Bélgica,Egito,1.308,0.771,1-0,1-0,representativo_probabilistico,maior_probabilidade,1,0,Bélgica,0.4981,0.2789,0.223,0.0,média,0.0,15,12000,12.56,12.56,0.59,0.82,1.85,1.08,0.58,19.0909,14.7072,-1.8,3.0,0.0,0.0,0.0,0.0,0.0,0.0,0.0,0.0,0.0,0.0,0.0,0.0,0.0,0.0,0.0,0.0,0.0,0.0,0.0,0.0,0.0,0.0,0.0,0.0,1.0,1-0,Não,,,,Tempo regulamentar/modelado,Real validado,Sim,Tabela base,Não,Sim,1-1,Empate
17,2026-06-16,Fase de grupos,I,1.0,França,Senegal,1.059,1.097,0-2,1-1,representativo_condicional,maior_probabilidade,0,2,Senegal,0.3488,0.2893,0.3619,0.0,baixa,0.035,16,12000,-1.62,-1.62,0.18,-0.12,-0.34,-0.1,-0.52,0.2727,-1.3667,0.0,0.0,-1.8,0.0,0.0,0.0,0.0,0.0,0.0,0.0,0.0,0.0,0.0,0.0,0.0,0.0,0.0,0.0,0.0,0.0,0.0,0.0,0.0,0.0,0.0,0.0,1.0,0-2,Não,,,,Tempo regulamentar/modelado,Real validado,Sim,Tabela base,Não,Sim,3-1,França
18,2026-06-16,Fase de grupos,I,1.0,Iraque,Noruega,0.798,1.24,0-1,0-1,representativo_probabilistico,maior_probabilidade,0,1,Noruega,0.2277,0.3276,0.4447,0.0,baixa,0.036,17,12000,-10.7,-10.7,-0.76,-0.32,-0.9,-0.54,0.07,-25.7273,-12.7372,0.0,-1.0,0.0,0.0,0.0,0.0,0.0,0.0,0.0,0.0,0.0,0.0,0.0,0.0,0.0,0.0,0.0,0.0,0.0,0.0,0.0,0.0,0.0,0.0,0.0,0.0,1.0,0-1,Não,,,,Tempo regulamentar/modelado,Real validado,Sim,Tabela base,Não,Sim,1-4,Noruega
19,2026-06-16,Fase de grupos,J,1.0,Argentina,Argélia,1.128,0.891,1-0,1-0,representativo_probabilistico,maior_probabilidade,1,0,Argentina,0.4239,0.3019,0.2741,0.0,baixa,0.036,18,12000,6.67,6.67,-0.25,0.61,1.19,1.2,1.04,4.9091,8.1656,1.8,3.0,0.0,0.0,0.0,0.0,0.0,0.0,0.0,0.0,0.0,0.0,0.0,0.0,0.0,0.0,0.0,0.0,0.0,0.0,0.0,0.0,0.0,0.0,0.0,0.0,1.0,1-0,Não,,,,Tempo regulamentar/modelado,Real validado,Sim,Tabela base,Não,Sim,3-0,Argentina
20,2026-06-16,Fase de grupos,J,1.0,Áustria,Jordânia,1.214,0.766,1-0,1-0,representativo_probabilistico,maior_probabilidade,1,0,Áustria,0.4531,0.3186,0.2284,0.0,baixa,0.037,19,12000,11.4,11.4,0.04,0.95,1.39,-0.13,-0.12,29.2727,12.5694,1.0,2.0,4.0,0.0,0.0,0.0,0.0,0.0,0.0,0.0,0.0,0.0,0.0,0.0,0.0,0.0,0.0,0.0,0.0,0.0,0.0,0.0,0.0,0.0,0.0,0.0,1.0,1-0,Não,,,,Tempo regulamentar/modelado,Real validado,Sim,Tabela base,Não,Sim,3-1,Áustria
21,2026-06-17,Fase de grupos,L,1.0,Gana,Panamá,0.761,1.219,0-1,0-1,representativo_probabilistico,maior_probabilidade,0,1,Panamá,0.2612,0.2901,0.4487,0.0,baixa,0.038,20,12000,-6.61,-6.61,-1.55,-0.61,-1.67,-0.9,-2.16,21.4545,-7.5128,-1.2,1.0,1.0,0.0,0.0,0.0,0.0,0.0,0.0,0.0,0.0,0.0,0.0,0.0,0.0,0.0,0.0,0.0,0.0,0.0,0.0,0.0,0.0,0.0,0.0,0.0,1.0,0-1,Não,,,,Tempo regulamentar/modelado,Real validado,Sim,Tabela base,Não,Sim,1-0,Gana
22,2026-06-17,Fase de grupos,L,1.0,Inglaterra,Croácia,1.029,1.069,1-0,1-1,representativo_probabilistico,maior_probabilidade,1,0,Inglaterra,0.3601,0.2994,0.3405,0.0,baixa,0.038,21,12000,-0.27,-0.27,-0.25,-0.09,-0.51,0.43,-0.71,2.8182,0.92,3.0,0.0,1.8,0.0,0.0,0.0,0.0,0.0,0.0,0.0,0.0,0.0,0.0,0.0,0.0,0.0,0.0,0.0,0.0,0.0,0.0,0.0,0.0,0.0,0.0,0.0,1.0,1-0,Não,,,,Tempo regulamentar/modelado,Real validado,Sim,Tabela base,Não,Sim,4-2,Inglaterra
23,2026-06-17,Fase de grupos,K,1.0,Portugal,RD Congo,1.261,0.78,1-0,1-0,representativo_probabilistico,maior_probabilidade,1,0,Portugal,0.4585,0.3172,0.2243,0.0,baixa,0.039,22,12000,8.59,8.59,0.57,1.2,1.73,0.6,0.83,2.5455,9.0517,0.0,4.0,1.8,0.0,0.0,0.0,0.0,0.0,0.0,0.0,0.0,0.0,0.0,0.0,0.0,0.0,0.0,0.0,0.0,0.0,0.0,0.0,0.0,0.0,0.0,0.0,1.0,1-0,Não,,,,Tempo regulamentar/modelado,Real validado,Sim,Tabela base,Não,Sim,1-1,Empate
24,2026-06-17,Fase de grupos,K,1.0,Uzbequistão,Colômbia,0.719,1.253,0-1,0-1,representativo_probabilistico,maior_probabilidade,0,1,Colômbia,0.2101,0.2912,0.4987,0.0,média,0.039,23,12000,-11.27,-11.27,-1.37,-0.37,-0.52,-1.36,-0.19,-26.0,-10.8011,-3.0,-2.8,-2.8,0.0,0.0,0.0,0.0,0.0,0.0,0.0,0.0,0.0,0.0,0.0,0.0,0.0,0.0,0.0,0.0,0.0,0.0,0.0,0.0,0.0,0.0,0.0,1.0,0-1,Não,,,,Tempo regulamentar/modelado,Real validado,Sim,Tabela base,Não,Sim,1-3,Colômbia
25,2026-06-18,Fase de grupos,A,2.0,Tchéquia,África do Sul,1.377,1.03,2-1,1-1,representativo_probabilistico,maior_probabilidade,2,1,Tchéquia,0.4666,0.262,0.2714,0.0,baixa,0.04,24,12000,5.7988,5.73,0.59,0.43,-0.98,-0.23,0.68,15.5455,8.3422,0.0,0.0,0.0,-0.0277,-0.0001,0.2226,-0.0519,0.0009,-0.2217,-0.2394,-0.1875,-0.04,0.0,1.0,0.0,1.0991,-0.008,1.0991,-0.008,1.0991,0.0,1.8196,1.8276,0.0,0.0,0.0,2.0,2-1,Não,,,,Tempo regulamentar/modelado,Real validado,Sim,Tabela base,Não,Sim,1-1,Empate
26,2026-06-18,Fase de grupos,B,2.0,Suíça,Bósnia e Herzegovina,1.354,0.837,1-0,1-0,representativo_condicional,maior_probabilidade,1,0,Suíça,0.4679,0.309,0.2231,0.0,baixa,0.041,25,12000,12.6005,12.85,0.63,1.55,1.86,0.66,1.35,3.6364,15.3778,1.8,1.0,2.0,-0.0349,0.0189,-0.1215,-0.111,-0.0527,0.0689,-0.0217,0.0893,-4.18,-0.0697,0.0,0.0,-0.0619,0.0501,-0.0619,0.0501,1.0807,1.1427,0.9253,0.8752,-1.0,0.0,0.0,2.0,1-0,Não,,,,Tempo regulamentar/modelado,Real validado,Sim,Tabela base,Não,Sim,4-1,Suíça
27,2026-06-18,Fase de grupos,B,2.0,Canadá,Catar,1.189,1.194,2-1,1-1,representativo_probabilistico,maior_probabilidade,2,1,Canadá,0.3705,0.2696,0.36,0.0,baixa,0.041,26,12000,3.9352,4.18,0.34,-0.08,0.51,-0.17,-1.08,25.5455,1.2189,4.0,-3.0,3.0,-0.0355,0.0189,-0.1032,-0.1212,-0.0746,0.0286,-0.0628,0.0584,-12.85,-0.2142,0.0,0.0,-0.2236,0.1986,-0.2236,0.1986,0.9551,1.1787,1.0471,0.8484,1.0,0.0,0.0,2.0,2-1,Não,,,,Tempo regulamentar/modelado,Real validado,Sim,Tabela base,Não,Sim,6-0,Canadá
28,2026-06-18,Fase de grupos,A,2.0,México,Coreia do Sul,1.187,1.008,2-0,1-1,representativo_condicional,maior_probabilidade,2,0,México,0.4207,0.2825,0.2968,0.0,baixa,0.042,27,12000,0.0734,0.04,0.1,1.51,-1.01,-0.27,0.52,-3.7273,0.2283,0.0,0.0,0.0,-0.0287,-0.0001,-0.0737,0.1985,0.1996,0.2733,0.1977,-0.0008,-5.73,-0.2865,0.0,-1.0,-0.1392,-0.9596,-0.1392,-0.9596,1.9449,2.0841,0.0,0.9596,0.0,0.0,0.0,2.0,2-0,Não,,,,Tempo regulamentar/modelado,Real validado,Sim,Tabela base,Não,Sim,1-0,México
29,2026-06-19,Fase de grupos,C,2.0,Brasil,Haiti,1.332,0.898,1-0,1-0,representativo_condicional,maior_probabilidade,1,0,Brasil,0.4466,0.3047,0.2487,0.0,baixa,0.043,28,12000,8.6873,8.53,0.48,0.55,2.06,-0.3,0.79,8.7273,9.0122,0.0,5.0,4.2,0.3399,0.0124,0.2162,-0.0998,-0.0443,-0.2605,-0.028,0.0718,-5.08,1.1527,1.0,0.0,1.052,0.075,1.052,0.075,1.052,0.0,0.9505,0.8755,0.0,0.0,0.0,2.0,1-0,Não,,,,Tempo regulamentar/modelado,Real validado,Sim,Tabela base,Não,Sim,3-0,Brasil
30,2026-06-19,Fase de grupos,C,2.0,Escócia,Marrocos,1.225,0.832,1-0,1-0,representativo_probabilistico,maior_probabilidade,1,0,Escócia,0.4742,0.2886,0.2372,0.0,média,0.043,29,12000,5.361,5.08,-0.01,1.31,1.36,0.2,0.68,2.9091,4.5011,0.0,-1.0,0.0,0.7134,0.0136,-0.0994,0.1844,-0.0648,0.0346,0.2332,0.0488,-8.53,2.0195,0.0,-1.0,-0.1327,-0.8679,-0.1327,-0.8679,1.0195,1.1522,0.0,0.8679,0.0,0.0,0.0,2.0,1-0,Não,,,,Tempo regulamentar/modelado,Real validado,Sim,Tabela base,Não,Sim,0-1,Marrocos
31,2026-06-19,Fase de grupos,D,2.0,Turquia,Paraguai,1.319,0.959,2-0,1-0,representativo_condicional,maior_probabilidade,2,0,Turquia,0.4379,0.2654,0.2968,0.0,baixa,0.044,30,12000,8.102,8.35,-0.01,2.06,1.15,1.5,0.73,4.9091,7.2661,0.0,2.8,1.8,-0.0426,0.0325,-0.4331,0.2333,-0.3309,0.1022,-0.3267,-0.56,-8.41,0.0,-1.0,-2.0,-1.1992,-1.4166,-1.1992,-1.4166,0.0,1.1992,1.9191,3.3357,-1.0,0.0,0.0,2.0,2-0,Não,,,,Tempo regulamentar/modelado,Real validado,Sim,Tabela base,Não,Sim,0-1,Paraguai
32,2026-06-19,Fase de grupos,D,2.0,Estados Unidos,Austrália,1.44,1.018,2-1,1-1,representativo_probabilistico,maior_probabilidade,2,1,Estados Unidos,0.4823,0.2599,0.2579,0.0,média,0.044,31,12000,8.1071,8.41,0.96,1.26,1.44,0.0,0.58,2.6364,9.3444,0.0,2.8,3.0,-0.0432,0.0325,0.1733,-0.4469,0.56,0.3867,-0.085,0.3619,-8.35,-0.4175,2.0,1.0,1.665,1.0161,1.665,1.0161,3.9367,2.2717,1.0161,0.0,1.0,0.0,0.0,2.0,2-1,Não,,,,Tempo regulamentar/modelado,Real validado,Sim,Tabela base,Não,Sim,2-0,Estados Unidos
33,2026-06-20,Fase de grupos,E,2.0,Alemanha,Costa do Marfim,1.242,0.979,1-0,1-0,representativo_condicional,maior_probabilidade,1,0,Alemanha,0.4489,0.2731,0.2781,0.0,baixa,0.045,32,12000,5.6313,5.51,-0.38,1.0,0.22,1.0,0.38,2.0909,7.2317,0.0,3.0,1.2,-0.0153,0.0164,0.5603,-0.3391,0.56,-0.0003,-0.0591,0.28,-2.29,-0.1145,6.0,1.0,6.0477,0.9893,6.0477,0.9893,7.0758,1.0281,0.9893,0.0,0.0,0.0,0.0,2.0,1-0,Não,,,,Tempo regulamentar/modelado,Real validado,Sim,Tabela base,Não,Sim,2-1,Alemanha
34,2026-06-20,Fase de grupos,E,2.0,Equador,Curaçao,1.266,1.053,2-1,1-1,representativo_probabilistico,maior_probabilidade,2,1,Equador,0.3868,0.2717,0.3416,0.0,baixa,0.046,33,12000,2.3986,2.29,-0.06,0.87,-1.2,-1.0,0.45,2.6364,4.4556,4.0,3.8,5.0,-0.0143,0.0164,-0.3596,0.5603,-0.2913,0.0683,0.0003,-0.56,-5.51,0.0,-1.0,-6.0,-1.1272,-5.2766,-1.1272,-5.2766,0.0,1.1272,0.9336,6.2101,0.0,0.0,0.0,2.0,2-1,Não,,,,Tempo regulamentar/modelado,Real validado,Sim,Tabela base,Não,Sim,0-0,Empate
35,2026-06-20,Fase de grupos,F,2.0,Países Baixos,Suécia,1.459,1.113,2-1,1-1,representativo_probabilistico,maior_probabilidade,2,1,Países Baixos,0.4782,0.2479,0.2738,0.0,média,0.046,34,12000,7.6507,8.35,0.85,1.37,0.57,0.4,1.06,0.1818,10.0056,1.8,1.2,1.8,-0.7572,-0.0127,-0.2813,-0.256,0.2787,0.56,-0.2771,-0.021,9.8,-1.9113,-3.0,1.0,-2.4927,0.7385,-2.4927,0.7385,2.224,4.7168,1.7985,1.0601,0.0,0.0,0.0,2.0,2-1,Não,,,,Tempo regulamentar/modelado,Real validado,Sim,Tabela base,Não,Sim,5-1,Países Baixos
36,2026-06-20,Fase de grupos,F,2.0,Tunísia,Japão,0.829,1.716,1-2,0-1,representativo_condicional,maior_probabilidade,1,2,Japão,0.2143,0.2211,0.5646,0.0,média,0.047,35,12000,-10.4558,-9.8,-1.17,-0.35,-1.99,-0.46,-0.68,-4.2727,-10.9872,-1.2,-3.8,-2.8,-0.3824,-0.0115,-0.3394,-0.3431,0.0202,0.3596,-0.56,-0.2169,-8.35,-1.2403,-1.0,3.0,-1.2988,3.1398,-1.2988,3.1398,1.0292,2.328,4.858,1.7182,0.0,0.0,0.0,2.0,1-2,Não,,,,Tempo regulamentar/modelado,Real validado,Sim,Tabela base,Não,Sim,0-4,Japão
37,2026-06-21,Fase de grupos,H,2.0,Uruguai,Cabo Verde,1.052,0.861,1-0,1-0,representativo_probabilistico,maior_probabilidade,1,0,Uruguai,0.4218,0.3004,0.2778,0.0,baixa,0.048,36,12000,6.9654,7.14,-0.33,1.39,0.84,0.7,0.25,9.1818,7.355,1.0,1.0,3.0,-0.0146,0.0435,0.2713,-0.4397,-0.0075,-0.2788,-0.022,0.4177,-9.24,-0.154,1.0,1.0,1.036,0.9653,1.036,0.9653,1.036,0.0,0.9653,0.0,0.0,0.0,0.0,2.0,1-0,Não,,,,Tempo regulamentar/modelado,Real validado,Sim,Tabela base,Não,Sim,2-2,Empate
38,2026-06-21,Fase de grupos,H,2.0,Espanha,Arábia Saudita,1.26,1.029,2-1,1-0,representativo_probabilistico,maior_probabilidade,2,1,Espanha,0.4449,0.2704,0.2847,0.0,baixa,0.048,37,12000,9.0801,9.24,0.67,-0.24,1.71,0.6,-0.48,25.6364,9.4739,0.0,4.0,1.2,-0.0157,0.0435,-0.3693,0.2241,-0.3442,0.025,0.2327,0.0086,-7.14,-0.119,-1.0,-1.0,-1.0812,-0.9249,-1.0812,-0.9249,0.0,1.0812,0.0,0.9249,0.0,0.0,0.0,2.0,2-1,Não,,,,Tempo regulamentar/modelado,Real validado,Sim,Tabela base,Não,Sim,4-0,Espanha
39,2026-06-21,Fase de grupos,G,2.0,Bélgica,Irã,1.372,0.967,2-1,1-0,representativo_condicional,maior_probabilidade,2,1,Bélgica,0.4864,0.2614,0.2522,0.0,média,0.049,38,12000,10.9134,11.07,-0.09,0.99,0.85,0.46,-0.17,33.3636,11.7656,0.0,4.0,2.0,-0.0252,0.0133,-0.3816,0.2452,-0.0886,0.293,-0.0615,-0.3067,-2.44,-0.0407,-1.0,-1.0,-1.023,-0.9769,-1.023,-0.9769,0.9875,2.0105,1.0127,1.9896,0.0,0.0,0.0,2.0,2-1,Não,,,,Tempo regulamentar/modelado,Real validado,Sim,Tabela base,Não,Sim,0-0,Empate
40,2026-06-21,Fase de grupos,G,2.0,Nova Zelândia,Egito,1.136,1.242,1-2,1-1,representativo_probabilistico,maior_probabilidade,1,2,Egito,0.3607,0.2666,0.3727,0.0,baixa,0.049,39,12000,2.27,2.44,-0.21,0.4,0.56,-0.02,0.0,8.3636,2.9917,-1.8,-2.0,-2.0,-0.0226,0.0133,0.2353,-0.3971,0.3067,0.0714,-0.2931,0.104,-11.07,-0.1845,1.0,1.0,0.8225,1.1538,0.8225,1.1538,1.9889,1.1665,2.0111,0.8573,0.0,0.0,0.0,2.0,1-2,Não,,,,Tempo regulamentar/modelado,Real validado,Sim,Tabela base,Não,Sim,1-3,Egito
41,2026-06-22,Fase de grupos,I,2.0,Noruega,Senegal,1.477,1.151,2-1,1-1,representativo_probabilistico,maior_probabilidade,2,1,Noruega,0.4188,0.2464,0.3348,0.0,baixa,0.05,40,12000,0.1908,-0.98,-0.17,-0.08,-0.53,0.4,-0.51,0.9091,0.0361,-1.2,0.0,-1.8,1.1123,0.0245,0.5971,0.4429,0.56,-0.0371,-0.0596,-0.5026,-10.06,3.0155,3.0,-2.0,2.6813,-1.644,2.6813,-1.644,3.793,1.1117,1.0546,2.6985,0.0,0.0,0.0,2.0,2-1,Não,,,,Tempo regulamentar/modelado,Real validado,Sim,Tabela base,Não,Sim,3-2,Noruega
42,2026-06-22,Fase de grupos,I,2.0,França,Iraque,1.859,0.795,2-0,1-0,representativo_condicional,maior_probabilidade,2,0,França,0.646,0.2128,0.1411,0.0,alta,0.051,41,12000,11.2684,10.06,0.67,0.72,1.09,0.04,-0.08,25.0909,11.3344,1.2,1.0,0.0,1.1124,0.0282,0.4979,0.5975,0.56,0.0621,0.0375,-0.56,0.98,3.5995,2.0,-3.0,2.2899,-2.7556,2.2899,-2.7556,3.3885,1.0986,0.8854,3.641,0.0,0.0,0.0,2.0,2-0,Não,,,,Tempo regulamentar/modelado,Real validado,Sim,Tabela base,Não,Sim,3-0,França
43,2026-06-22,Fase de grupos,J,2.0,Argentina,Áustria,1.449,0.968,2-1,1-0,representativo_probabilistico,maior_probabilidade,2,1,Argentina,0.4625,0.2967,0.2408,0.0,baixa,0.051,42,12000,4.0578,3.72,0.06,0.93,0.7,0.63,0.48,3.0909,3.66,-2.2,3.0,-3.0,0.0142,0.0145,0.0813,0.3523,0.56,0.4787,0.2839,-0.0685,8.45,0.4225,0.0,-1.0,0.4182,-1.0447,0.4182,-1.0447,3.2898,2.8716,0.0,1.0447,0.0,0.0,0.0,2.0,2-1,Não,,,,Tempo regulamentar/modelado,Real validado,Sim,Tabela base,Não,Sim,2-0,Argentina
44,2026-06-22,Fase de grupos,J,2.0,Jordânia,Argélia,1.003,1.415,1-2,1-1,representativo_probabilistico,maior_probabilidade,1,2,Argélia,0.2596,0.2576,0.4828,0.0,média,0.052,43,12000,-8.1506,-8.45,-1.26,-0.36,-0.9,0.7,0.68,-27.4545,-8.0639,3.0,-2.0,-1.0,0.0153,0.0145,0.3793,-0.0016,0.0728,-0.3065,-0.45,-0.4483,-3.72,0.0,1.0,0.0,1.1114,0.1726,1.1114,0.1726,1.1114,0.0,2.6993,2.5267,0.0,0.0,0.0,2.0,1-2,Não,,,,Tempo regulamentar/modelado,Real validado,Sim,Tabela base,Não,Sim,1-2,Argélia
45,2026-06-23,Fase de grupos,L,2.0,Inglaterra,Gana,1.498,1.011,2-1,1-0,representativo_probabilistico,maior_probabilidade,2,1,Inglaterra,0.4681,0.2941,0.2378,0.0,baixa,0.053,44,12000,9.3553,9.47,0.98,0.5,0.66,1.57,0.82,2.6364,11.4856,1.2,4.0,2.8,-0.0091,0.0245,0.4935,-0.6075,0.56,0.0665,-0.2336,0.3739,3.13,0.1565,3.0,2.0,3.4355,1.7656,3.4355,1.7656,4.531,1.0955,1.7656,0.0,0.0,0.0,0.0,2.0,2-1,Não,,,,Tempo regulamentar/modelado,Real validado,Sim,Tabela base,Não,Sim,0-0,Empate
46,2026-06-23,Fase de grupos,L,2.0,Panamá,Croácia,1.104,1.237,1-2,1-1,representativo_probabilistico,maior_probabilidade,1,2,Croácia,0.3077,0.2743,0.418,0.0,baixa,0.053,45,12000,-3.2659,-3.13,-0.62,0.96,0.5,-0.24,0.63,-21.2727,-3.0528,3.0,-5.0,-2.0,-0.0097,0.0245,-0.6403,0.4991,-0.3372,0.3031,-0.0609,-0.56,-9.47,0.0,-2.0,-3.0,-2.2989,-2.4678,-2.2989,-2.4678,0.0,2.2989,1.0121,3.4799,0.0,0.0,0.0,2.0,1-2,Não,,,,Tempo regulamentar/modelado,Real validado,Sim,Tabela base,Não,Sim,0-1,Croácia
47,2026-06-23,Fase de grupos,K,2.0,Portugal,Uzbequistão,1.669,0.793,2-0,1-0,representativo_condicional,maior_probabilidade,2,0,Portugal,0.6026,0.2318,0.1655,0.0,alta,0.054,46,12000,14.9535,14.75,1.21,1.33,1.44,0.76,0.42,31.0,14.1911,3.0,4.0,2.8,0.326,0.013,-0.1669,0.3873,-0.0862,0.0807,-0.0524,-0.4397,-5.11,1.1205,0.0,-2.0,-0.0736,-1.734,-0.0736,-1.734,1.0389,1.1125,0.9626,2.6966,0.0,0.0,0.0,2.0,2-0,Não,,,,Tempo regulamentar/modelado,Real validado,Sim,Tabela base,Não,Sim,5-0,Portugal
48,2026-06-23,Fase de grupos,K,2.0,Colômbia,RD Congo,1.274,0.98,2-1,1-1,representativo_condicional,maior_probabilidade,2,1,Colômbia,0.4361,0.2677,0.2962,0.0,baixa,0.054,47,12000,5.4651,5.11,-0.27,1.24,0.81,1.2,0.6,-2.4545,5.6617,0.0,2.8,1.8,0.6984,0.0143,0.4032,-0.173,0.4703,0.0671,-0.075,0.098,-14.75,1.7898,2.0,0.0,1.6837,0.2073,1.6837,0.2073,2.8845,1.2008,1.04,0.8328,0.0,0.0,0.0,2.0,2-1,Não,,,,Tempo regulamentar/modelado,Real validado,Sim,Tabela base,Não,Sim,1-0,Colômbia
49,2026-06-24,Fase de grupos,C,3.0,Escócia,Brasil,0.965,1.212,0-1,0-1,representativo_condicional,maior_probabilidade,0,1,Brasil,0.2743,0.2707,0.455,0.0,baixa,0.055,48,12000,0.0108,0.86,-0.27,0.41,0.75,0.03,0.13,0.9091,-0.3356,0.0,-4.0,-2.2,-0.7125,-0.0277,-0.8663,-0.1244,-0.4175,0.4488,0.1161,0.2405,0.1672,-1.1381,-1.5,0.0,-3.0811,-0.0004,-1.5405,-0.0002,0.5097,2.0503,0.4751,0.4753,0.0,0.0,0.0,3.0,0-1,Não,,,,Tempo regulamentar/modelado,Real validado,Sim,Tabela base,Não,Sim,0-3,Brasil
50,2026-06-24,Fase de grupos,C,3.0,Marrocos,Haiti,1.396,0.748,1-0,1-0,representativo_probabilistico,maior_probabilidade,1,0,Marrocos,0.5559,0.2598,0.1843,0.0,média,0.056,49,12000,5.9539,4.31,-0.42,0.29,1.45,-0.47,0.24,6.7273,4.1756,0.0,2.0,2.0,1.3553,0.0275,0.5346,0.8009,0.0699,-0.4647,0.439,-0.3619,0.2291,4.9512,1.0,-1.5,2.2981,-2.6147,1.149,-1.3074,1.149,0.0,0.4339,1.7413,0.0,0.0,0.0,3.0,1-0,Não,,,,Tempo regulamentar/modelado,Real validado,Sim,Tabela base,Não,Sim,4-2,Marrocos
51,2026-06-24,Fase de grupos,B,3.0,Suíça,Canadá,1.296,1.267,1-2,1-1,representativo_probabilistico,maior_probabilidade,1,2,Canadá,0.3549,0.2473,0.3977,0.0,baixa,0.056,50,12000,3.0465,3.33,0.3,0.18,0.07,-0.17,0.36,0.7273,6.9317,-2.2,0.0,-3.0,-0.0209,-0.0091,0.0145,-0.3923,0.5252,0.5108,-0.0586,0.3337,0.0415,-0.1738,-1.0,0.5,-2.5356,0.9238,-1.2678,0.4619,2.4532,3.721,0.9854,0.5235,0.0,0.0,0.0,3.0,1-2,Não,,,,Tempo regulamentar/modelado,Real validado,Sim,Tabela base,Não,Sim,2-1,Suíça
52,2026-06-24,Fase de grupos,B,3.0,Bósnia e Herzegovina,Catar,1.136,1.345,1-2,1-1,representativo_probabilistico,maior_probabilidade,1,2,Catar,0.3045,0.2539,0.4417,0.0,baixa,0.057,51,12000,-4.8704,-5.34,-1.03,-0.41,-1.28,-1.0,-2.07,22.6364,-7.2272,0.0,-4.0,-2.0,0.0452,0.0223,0.4718,0.0204,0.0958,-0.3761,-0.5011,-0.5215,0.0392,-0.0555,0.5,-1.0,1.1412,-1.8371,0.5706,-0.9186,1.1599,0.5893,2.1365,3.0551,0.0,0.0,0.0,3.0,1-2,Não,,,,Tempo regulamentar/modelado,Real validado,Sim,Tabela base,Não,Sim,3-1,Bósnia e Herzegovina
53,2026-06-24,Fase de grupos,A,3.0,Tchéquia,México,0.631,1.406,0-1,0-1,representativo_probabilistico,maior_probabilidade,0,1,México,0.2147,0.2547,0.5306,0.0,média,0.058,52,12000,-5.9429,-4.51,-1.62,0.33,-0.04,-0.83,-1.12,2.7273,-4.4772,0.0,-1.0,-1.8,-1.4048,-0.0358,-0.1789,-0.5989,-0.1049,0.0739,-0.1499,0.449,-0.4424,-5.5896,-0.5,1.5,-0.9825,2.8532,-0.4912,1.4266,1.0333,1.5246,1.4266,0.0,0.0,0.0,0.0,3.0,0-1,Não,,,,Tempo regulamentar/modelado,Real validado,Sim,Tabela base,Não,Sim,0-3,México
54,2026-06-24,Fase de grupos,A,3.0,África do Sul,Coreia do Sul,0.922,1.445,1-2,0-1,representativo_condicional,maior_probabilidade,1,2,Coreia do Sul,0.2278,0.2604,0.5118,0.0,média,0.058,53,12000,-10.6482,-10.2,0.0,-0.7,-0.07,-0.87,-1.28,-16.5455,-12.5911,0.0,-1.0,-1.8,-0.2492,-0.0021,-0.0181,-0.0678,-0.155,-0.1369,-0.0108,0.0571,-0.4247,-2.2172,-0.5,0.5,-1.0463,0.9222,-0.5231,0.4611,0.5189,1.0421,1.3956,0.9345,0.0,0.0,0.0,3.0,1-2,Não,,,,Tempo regulamentar/modelado,Real validado,Sim,Tabela base,Não,Sim,1-0,África do Sul
55,2026-06-25,Fase de grupos,E,3.0,Curaçao,Costa do Marfim,0.932,1.437,1-2,0-1,representativo_condicional,maior_probabilidade,1,2,Costa do Marfim,0.2303,0.2506,0.5191,0.0,média,0.059,54,12000,-4.7735,-4.09,-0.51,-0.33,0.18,0.53,-0.27,-7.0909,-5.0883,-3.0,-2.0,-3.8,-0.2923,-0.0358,-0.2597,-0.0113,-0.2601,-0.0004,-0.024,-0.0127,-0.4934,-2.2365,-0.5,2.5,-1.0346,4.446,-0.5173,2.223,0.5636,1.0809,3.1051,0.8821,0.0,0.0,0.0,3.0,1-2,Não,,,,Tempo regulamentar/modelado,Real validado,Sim,Tabela base,Não,Sim,0-2,Costa do Marfim
56,2026-06-25,Fase de grupos,E,3.0,Equador,Alemanha,0.632,1.423,0-1,0-1,representativo_probabilistico,maior_probabilidade,0,1,Alemanha,0.1657,0.2558,0.5785,0.0,média,0.059,55,12000,-8.7658,-7.31,-1.39,0.74,-1.24,-1.47,-0.2,-6.5455,-7.8644,1.0,-1.2,0.0,-1.38,-0.0281,-1.1397,0.3375,-0.5313,0.6083,0.2999,-0.0376,-0.487,-5.6192,-4.5,-0.5,-9.2283,-0.9848,-4.6142,-0.4924,0.0,4.6142,0.4668,0.9592,0.0,0.0,0.0,3.0,0-1,Não,,,,Tempo regulamentar/modelado,Real validado,Sim,Tabela base,Não,Sim,2-1,Equador
57,2026-06-25,Fase de grupos,F,3.0,Japão,Suécia,1.664,1.057,2-1,1-1,representativo_probabilistico,maior_probabilidade,2,1,Japão,0.5448,0.2285,0.2267,0.0,média,0.06,56,12000,6.7551,5.97,0.42,0.44,1.83,0.03,0.92,-3.7273,6.0611,3.0,0.0,1.8,0.6464,0.006,0.4509,0.6619,0.7974,0.3465,0.088,-0.5739,-0.2539,1.2113,0.0,-2.0,0.1952,-3.6404,0.0976,-1.8202,3.0376,2.94,0.8591,2.6793,0.0,0.0,0.0,3.0,2-1,Não,,,,Tempo regulamentar/modelado,Real validado,Sim,Tabela base,Não,Sim,1-1,Empate
58,2026-06-25,Fase de grupos,F,3.0,Tunísia,Países Baixos,0.559,1.982,0-2,0-2,representativo_probabilistico,maior_probabilidade,0,2,Países Baixos,0.0884,0.1831,0.7285,0.0,alta,0.061,57,12000,-14.0551,-12.18,-2.1,-0.78,-0.73,-0.83,-0.82,-8.1818,-14.9317,0.0,-5.0,-2.8,-1.2897,-0.0486,-1.0026,-0.7658,-0.2587,0.7439,-0.9296,-0.1638,-0.2757,-4.5355,-3.0,3.0,-6.3765,5.6888,-3.1882,2.8444,0.5146,3.7029,4.2261,1.3817,0.0,0.0,0.0,3.0,0-2,Não,,,,Tempo regulamentar/modelado,Real validado,Sim,Tabela base,Não,Sim,1-3,Países Baixos
59,2026-06-25,Fase de grupos,D,3.0,Turquia,Estados Unidos,0.683,1.544,0-2,0-1,representativo_condicional,maior_probabilidade,0,2,Estados Unidos,0.1515,0.2363,0.6122,0.0,alta,0.061,58,12000,-4.4826,-2.2,-0.86,0.42,0.16,0.37,0.02,-3.7273,-3.39,0.0,0.0,-1.2,-1.7639,-0.0127,-1.1041,-0.471,-0.5765,0.5276,-0.2205,0.2505,-0.6533,-6.6097,-3.0,1.0,-6.0399,1.9246,-3.02,0.9623,0.0,3.02,1.4704,0.508,0.0,0.0,0.0,3.0,0-2,Não,,,,Tempo regulamentar/modelado,Real validado,Sim,Tabela base,Não,Sim,3-2,Turquia
60,2026-06-25,Fase de grupos,D,3.0,Paraguai,Austrália,1.038,1.15,1-2,1-1,representativo_condicional,maior_probabilidade,1,2,Austrália,0.356,0.2761,0.368,0.0,baixa,0.062,59,12000,-2.3675,-2.14,-0.68,0.41,0.45,-1.13,-0.13,-6.0,-1.3117,0.0,0.0,0.0,0.4669,-0.008,0.1687,-0.0722,0.0735,-0.0951,0.0434,0.1156,-0.6259,-0.036,0.0,1.0,0.0552,1.6762,0.0276,0.8381,1.1634,1.1358,1.6678,0.8298,0.0,0.0,0.0,3.0,1-2,Não,,,,Tempo regulamentar/modelado,Real validado,Sim,Tabela base,Não,Sim,0-0,Empate
61,2026-06-26,Fase de grupos,I,3.0,Noruega,França,1.264,1.369,1-2,1-1,representativo_probabilistico,maior_probabilidade,1,2,França,0.367,0.254,0.379,0.0,baixa,0.062,60,12000,0.4409,0.64,-0.22,-0.09,-0.19,0.5,0.01,0.6364,1.4028,-1.2,0.0,0.0,0.035,-0.0006,0.1879,-0.4857,0.8586,0.6707,-0.2511,0.2346,-0.0487,-0.0049,0.5,1.0,0.9449,1.9508,0.4725,0.9754,3.5804,3.1079,1.4181,0.4427,0.0,0.0,0.0,3.0,1-2,Não,,,,Tempo regulamentar/modelado,Real validado,Sim,Tabela base,Não,Sim,1-4,França
62,2026-06-26,Fase de grupos,I,3.0,Senegal,Iraque,1.646,1.038,2-1,1-1,representativo_probabilistico,maior_probabilidade,2,1,Senegal,0.4786,0.2982,0.2232,0.0,média,0.063,61,12000,11.7763,11.68,0.66,0.67,1.43,0.14,0.44,24.8182,12.7011,1.2,1.0,1.8,-0.0761,-0.0294,0.4464,-0.073,0.2382,-0.2082,-0.7279,-0.655,-0.0675,0.0,1.0,-0.5,2.223,-0.9069,1.1115,-0.4535,1.6608,0.5493,2.7068,3.1603,0.0,0.0,0.0,3.0,2-1,Não,,,,Tempo regulamentar/modelado,Real validado,Sim,Tabela base,Não,Sim,5-0,Senegal
63,2026-06-26,Fase de grupos,G,3.0,Egito,Irã,1.192,1.041,1-0,1-1,representativo_condicional,maior_probabilidade,1,0,Egito,0.3698,0.3275,0.3027,0.0,baixa,0.064,62,12000,-0.7237,-1.49,-0.72,0.21,-1.0,-0.62,-0.75,14.2727,-2.9417,1.8,1.0,2.0,0.7569,0.0373,0.6772,-0.1309,0.552,-0.1252,0.1035,0.2344,0.0941,2.168,1.0,0.0,2.1706,-0.1371,1.0853,-0.0686,2.0905,1.0052,0.9262,0.9948,0.0,0.0,0.0,3.0,1-0,Não,,,,Tempo regulamentar/modelado,Real validado,Sim,Tabela base,Não,Sim,1-1,Empate
64,2026-06-26,Fase de grupos,G,3.0,Nova Zelândia,Bélgica,0.838,1.466,0-2,0-1,representativo_condicional,maior_probabilidade,0,2,Bélgica,0.2033,0.2443,0.5524,0.0,média,0.064,63,12000,-10.3634,-10.12,-0.99,-0.23,-1.29,-1.1,-0.58,-10.7273,-11.7156,0.0,-5.0,-2.0,-0.3404,-0.0199,0.5981,-0.9333,0.1682,-0.4299,-0.7014,0.2319,0.1008,-1.0412,1.0,2.0,1.9905,4.0317,0.9952,2.0159,1.489,0.4937,2.5222,0.5063,0.0,0.0,0.0,3.0,0-2,Não,,,,Tempo regulamentar/modelado,Real validado,Sim,Tabela base,Não,Sim,1-5,Bélgica
65,2026-06-26,Fase de grupos,H,3.0,Cabo Verde,Arábia Saudita,1.216,1.078,2-1,1-1,representativo_probabilistico,maior_probabilidade,2,1,Cabo Verde,0.4239,0.2724,0.3037,0.0,baixa,0.065,64,12000,0.0754,-0.94,-0.82,-0.1,-0.02,-0.27,-0.25,11.5455,-2.0467,0.0,-1.0,-1.8,0.401,0.0344,0.4928,0.5912,0.1605,-0.3322,0.0369,-0.5543,0.0487,1.2338,0.5,-1.5,1.0794,-2.4785,0.5397,-1.2392,1.0803,0.5406,0.9256,2.1649,0.0,0.0,0.0,3.0,2-1,Não,,,,Tempo regulamentar/modelado,Real validado,Sim,Tabela base,Não,Sim,0-0,Empate
66,2026-06-26,Fase de grupos,H,3.0,Uruguai,Espanha,0.947,1.445,1-2,0-1,representativo_condicional,maior_probabilidade,1,2,Espanha,0.2352,0.2497,0.5151,0.0,média,0.066,65,12000,-3.9377,-3.04,-0.19,-0.1,-0.89,-0.17,0.48,-4.9091,-4.1656,1.0,-4.0,0.0,-0.7518,-0.0353,-0.0856,-0.8037,0.2472,0.3328,-0.3413,0.4623,0.0561,-2.1599,-0.5,1.5,-1.1556,3.0149,-0.5778,1.5074,1.4938,2.0716,1.5074,0.0,0.0,0.0,0.0,3.0,1-2,Não,,,,Tempo regulamentar/modelado,Real validado,Sim,Tabela base,Não,Sim,0-1,Espanha
67,2026-06-27,Fase de grupos,L,3.0,Panamá,Inglaterra,0.887,1.304,1-2,0-1,representativo_condicional,maior_probabilidade,1,2,Inglaterra,0.2353,0.2577,0.507,0.0,média,0.066,66,12000,-4.0776,-2.86,0.06,0.62,1.01,-0.67,1.34,-24.0909,-3.9728,0.0,-5.0,-3.8,-1.0186,-0.0342,-0.5305,-0.0962,-0.5816,-0.0511,0.0416,0.1378,-0.5012,-4.7485,-2.0,0.0,-4.531,0.1328,-2.2655,0.0664,0.0,2.2655,0.9492,0.8828,0.0,0.0,0.0,3.0,1-2,Não,,,,Tempo regulamentar/modelado,Real validado,Sim,Tabela base,Não,Sim,0-2,Inglaterra
68,2026-06-27,Fase de grupos,L,3.0,Croácia,Gana,1.262,0.89,2-1,1-0,representativo_condicional,maior_probabilidade,2,1,Croácia,0.4293,0.326,0.2447,0.0,baixa,0.067,67,12000,9.0542,9.74,0.64,1.18,1.17,1.14,1.53,-0.1818,10.5656,-1.8,4.0,1.0,0.0523,0.006,0.4143,-0.7572,0.1209,-0.2934,-0.0225,0.7347,-0.5118,-1.2554,1.0,2.0,2.2929,3.4799,1.1465,1.7399,1.6942,0.5478,1.7399,0.0,0.0,0.0,0.0,3.0,2-1,Não,,,,Tempo regulamentar/modelado,Real validado,Sim,Tabela base,Não,Sim,2-1,Croácia
69,2026-06-27,Fase de grupos,J,3.0,Argélia,Áustria,1.147,1.174,2-1,1-1,representativo_probabilistico,maior_probabilidade,2,1,Argélia,0.3955,0.2641,0.3404,0.0,baixa,0.068,68,12000,-3.3482,-2.95,-0.2,0.83,-0.49,-0.57,-0.56,-1.8182,-4.5056,-4.0,0.0,-3.0,0.4574,0.0221,-0.0138,-0.1176,-0.0326,-0.0188,-0.2951,-0.1775,-0.6334,-0.0214,-0.5,0.5,-0.9669,0.8609,-0.4834,0.4305,0.9523,1.4358,1.7884,1.3579,0.0,0.0,0.0,3.0,2-1,Não,,,,Tempo regulamentar/modelado,Real validado,Sim,Tabela base,Não,Sim,3-3,Empate
70,2026-06-27,Fase de grupos,J,3.0,Jordânia,Argentina,0.469,1.903,0-2,0-1,representativo_probabilistico,maior_probabilidade,0,2,Argentina,0.077,0.18,0.743,0.0,alta,0.068,69,12000,-17.2347,-15.12,-1.36,-0.62,-2.09,-0.5,-0.36,-32.3636,-16.2294,1.2,-5.0,-1.0,-1.7338,-0.0615,-0.4982,-0.9616,0.0471,0.5454,-0.4612,0.5004,-0.6142,-7.1276,-1.5,2.5,-3.3242,4.5369,-1.6621,2.2684,1.0999,2.762,2.2684,0.0,0.0,0.0,0.0,3.0,0-2,Não,,,,Tempo regulamentar/modelado,Real validado,Sim,Tabela base,Não,Sim,1-3,Argentina
71,2026-06-27,Fase de grupos,K,3.0,Colômbia,Portugal,1.067,1.232,1-2,1-1,representativo_probabilistico,maior_probabilidade,1,2,Portugal,0.37,0.2552,0.3748,0.0,baixa,0.069,70,12000,-3.13,-3.48,-0.93,0.13,-0.92,0.6,-0.23,-5.0,-3.39,0.0,-1.2,0.0,0.469,0.012,-0.2553,0.0615,0.2478,0.5031,0.2463,0.1847,0.2637,2.2674,-1.0,0.0,-1.8987,0.0775,-0.9493,0.0387,1.9624,2.9117,0.52,0.4813,0.0,0.0,0.0,3.0,1-2,Não,,,,Tempo regulamentar/modelado,Real validado,Sim,Tabela base,Não,Sim,0-0,Empate
72,2026-06-27,Fase de grupos,K,3.0,RD Congo,Uzbequistão,1.468,0.883,2-0,1-0,representativo_condicional,maior_probabilidade,2,0,RD Congo,0.5209,0.2669,0.2122,0.0,média,0.069,71,12000,7.0497,6.16,0.1,0.67,-0.29,0.16,-0.41,28.4545,5.1394,3.0,0.0,1.0,0.1865,0.0072,-0.053,0.9835,-0.2728,-0.2197,0.1333,-0.8502,0.3396,1.2637,0.0,-3.0,0.0883,-5.1411,0.0442,-2.5705,0.6004,0.5563,0.8636,3.4342,0.0,0.0,0.0,3.0,2-0,Não,,,,Tempo regulamentar/modelado,Real validado,Sim,Tabela base,Não,Sim,3-1,RD Congo
73,2026-06-28,16 avos de final,,0.0,África do Sul,Canadá,0.874,1.387,0-1,0-1,representativo_condicional,maior_probabilidade,0,1,Canadá,0.2632,0.2589,0.4779,0.1388,média,0.07,72,12000,-11.4685,-11.32,-0.39,-1.23,0.13,-0.27,-1.28,-23.9091,-12.9894,-1.0,-1.0,-3.0,0.6069,-0.0785,-0.4334,0.3876,-0.1084,0.325,0.4464,0.0587,0.5991,0.2142,-2.0,0.0,-6.4879,0.0545,-2.1626,0.0182,0.7126,2.8753,0.9304,0.9122,0.0,0.0,1.0,0.0,0-1,Não,,,,Tempo regulamentar/modelado,Real validado,Sim,Tabela base,Não,Sim,0-1,Canadá
74,2026-06-29,16 avos de final,,0.0,Alemanha,Paraguai,1.241,0.757,1-0,1-0,representativo_probabilistico,maior_probabilidade,1,0,Alemanha,0.4472,0.3467,0.2061,0.1972,baixa,0.071,73,12000,9.9452,9.59,-0.4,1.7,0.76,1.7,0.43,8.8182,11.0017,0.0,4.0,3.0,-0.0348,0.1247,0.6514,-0.758,0.349,-0.3024,-0.4021,0.3559,-4.7786,1.9572,2.6667,0.0,7.924,0.5387,2.6413,0.1796,3.4169,0.7756,1.2915,1.1119,0.0,0.0,1.0,0.0,1-0,Não,,,,Tempo regulamentar/modelado,Real validado,Sim,Tabela base,Não,Sim,1-1,Paraguai
75,2026-06-29,16 avos de final,,0.0,Países Baixos,Marrocos,1.285,1.001,2-0,1-1,representativo_condicional,maior_probabilidade,2,0,Países Baixos,0.398,0.2617,0.3404,0.1402,baixa,0.071,74,12000,5.044,5.26,0.33,1.58,0.27,-0.63,0.42,2.9091,7.305,-1.2,3.0,1.8,-0.0716,0.0034,0.2174,-0.2012,0.8235,0.6061,-0.2472,-0.046,-4.0589,-0.5642,1.3333,0.3333,3.8585,0.9897,1.2862,0.3299,3.3969,2.1107,1.2802,0.9503,-1.0,0.0,1.0,0.0,2-0,Não,,,,Tempo regulamentar/modelado,Real validado,Sim,Tabela base,Não,Sim,1-1,Marrocos
76,2026-06-29,16 avos de final,,0.0,Brasil,Japão,1.349,0.899,2-1,1-0,representativo_condicional,maior_probabilidade,2,1,Brasil,0.4662,0.2989,0.2349,0.1609,baixa,0.072,75,12000,2.239,1.34,0.25,0.36,-0.92,1.17,0.27,3.0,1.4761,0.0,1.2,0.4,0.791,0.0551,0.4983,0.4143,0.8562,0.3579,0.4904,0.0761,1.843,2.6555,0.0,-0.6667,0.4142,-1.7388,0.1381,-0.5796,2.5064,2.3683,0.3168,0.8964,1.0,0.0,1.0,0.0,2-1,Não,,,,Tempo regulamentar/modelado,Real validado,Sim,Tabela base,Não,Sim,2-1,Brasil
77,2026-06-30,16 avos de final,,0.0,França,Suécia,1.578,0.871,2-1,1-0,representativo_condicional,maior_probabilidade,2,1,França,0.5716,0.2347,0.1937,0.1202,média,0.073,76,12000,6.0574,4.3,0.74,0.45,0.62,0.57,0.86,-0.8182,4.7167,3.0,-1.8,0.0,1.3578,0.085,0.7625,0.4592,1.0027,0.2402,0.253,-0.2063,-1.8874,5.8632,1.0,-1.6667,3.6539,-4.464,1.218,-1.488,3.5518,2.3338,0.5955,2.0834,-1.0,0.0,1.0,0.0,2-1,Não,,,,Tempo regulamentar/modelado,Real validado,Sim,Tabela base,Não,Sim,3-0,França
78,2026-06-30,16 avos de final,,0.0,Costa do Marfim,Noruega,1.214,1.078,2-1,1-1,representativo_probabilistico,maior_probabilidade,2,1,Costa do Marfim,0.3923,0.2711,0.3366,0.1453,baixa,0.073,77,12000,-2.0405,-2.32,-0.28,0.25,0.49,-0.97,-0.23,-4.1818,-4.0217,1.2,0.0,1.8,0.4693,0.0122,-0.3859,1.0025,0.1512,0.5371,0.2767,-0.7257,0.8198,-0.0375,-1.3333,-1.6667,-4.115,-4.6268,-1.3717,-1.5423,1.3903,2.762,0.588,2.1303,1.0,0.0,1.0,0.0,2-1,Não,,,,Tempo regulamentar/modelado,Real validado,Sim,Tabela base,Não,Sim,1-2,Noruega
79,2026-06-30,16 avos de final,,0.0,México,Equador,1.185,0.57,1-0,1-0,representativo_probabilistico,maior_probabilidade,1,0,México,0.5398,0.2931,0.1671,0.1758,média,0.074,78,12000,5.3086,3.95,-0.65,1.97,0.37,1.1,0.99,-4.9091,3.1678,-1.0,-1.8,-1.2,0.7499,0.0733,0.4668,0.1757,0.5324,0.0656,0.528,0.3523,-3.4348,5.0553,1.3333,-0.6667,3.8806,-1.8122,1.2935,-0.6041,2.0523,0.7588,0.0,0.6041,1.0,0.0,1.0,0.0,1-0,Não,,,,Tempo regulamentar/modelado,Real validado,Sim,Tabela base,Não,Sim,2-0,México
80,2026-07-01,16 avos de final,,0.0,Inglaterra,RD Congo,1.3,0.853,1-0,1-0,representativo_condicional,maior_probabilidade,1,0,Inglaterra,0.5029,0.2692,0.2279,0.148,média,0.074,79,12000,6.7062,6.01,0.19,0.3,0.7,1.57,0.12,3.2727,8.1867,0.0,4.0,1.8,0.4779,0.0831,0.0002,0.3147,0.2186,0.2184,0.3834,0.0688,-0.407,3.9612,0.6667,-0.3333,2.6545,-1.0158,0.8848,-0.3386,2.2338,1.3489,0.5885,0.9271,0.0,0.0,1.0,0.0,1-0,Não,,,,Tempo regulamentar/modelado,Real validado,Sim,Tabela base,Não,Sim,2-1,Inglaterra
81,2026-07-01,16 avos de final,,0.0,Estados Unidos,Bósnia e Herzegovina,1.502,0.838,2-0,1-0,representativo_condicional,maior_probabilidade,2,0,Estados Unidos,0.5619,0.2396,0.1986,0.1257,média,0.075,80,12000,12.9362,12.76,1.0,1.91,2.08,0.96,1.0,3.0909,12.6272,3.0,2.8,5.0,-0.3122,0.0687,-0.0816,-0.1425,0.5409,0.6225,-0.3947,-0.2522,-3.3219,2.0678,1.0,-0.6667,2.7518,-1.5172,0.9173,-0.5057,2.7614,1.8441,1.2299,1.7357,-1.0,0.0,1.0,0.0,2-0,Não,,,,Tempo regulamentar/modelado,Real validado,Sim,Tabela base,Não,Sim,2-0,Estados Unidos
82,2026-07-01,16 avos de final,,0.0,Bélgica,Senegal,1.289,1.077,2-1,1-1,representativo_probabilistico,maior_probabilidade,2,1,Bélgica,0.3831,0.2508,0.3661,0.1323,baixa,0.076,81,12000,3.4256,3.11,0.2,0.22,0.48,0.16,0.15,-0.0909,4.6344,-3.0,3.0,-1.8,0.3421,0.0863,-0.441,0.367,0.2762,0.7172,0.1306,-0.2364,-3.4691,2.3599,-0.6667,-1.3333,-2.0288,-3.3989,-0.6763,-1.133,1.9926,2.6688,0.6715,1.8045,0.0,0.0,1.0,0.0,2-1,Não,,,,Tempo regulamentar/modelado,Real validado,Sim,Tabela base,Não,Sim,3-2,Bélgica
83,2026-07-02,16 avos de final,,0.0,Portugal,Croácia,1.14,0.978,1-0,1-1,representativo_probabilistico,maior_probabilidade,1,0,Portugal,0.3911,0.2812,0.3277,0.1565,baixa,0.076,82,12000,2.3991,2.31,0.13,0.81,0.52,-0.54,0.0,2.0909,1.785,3.0,0.0,1.8,-0.6368,0.0189,-0.331,0.5303,-0.0476,0.2835,0.4776,-0.0527,-2.1534,-1.3425,0.3333,-1.3333,0.4428,-3.5212,0.1476,-1.1737,1.9412,1.7936,0.3209,1.4946,0.0,0.0,1.0,0.0,1-0,Não,,,,Tempo regulamentar/modelado,Real validado,Sim,Tabela base,Não,Sim,2-1,Portugal
84,2026-07-02,16 avos de final,,0.0,Espanha,Áustria,1.389,0.905,2-0,1-0,representativo_condicional,maior_probabilidade,2,0,Espanha,0.5164,0.2615,0.2221,0.1393,média,0.077,83,12000,2.6478,1.61,0.29,-0.05,0.91,1.2,-0.66,3.2727,0.5917,-1.0,4.0,0.0,1.1288,0.102,-0.4578,1.2638,0.0898,0.5476,0.6398,-0.624,-2.5594,3.6431,-0.3333,-2.0,-0.9259,-5.4628,-0.3086,-1.8209,1.7406,2.0493,0.0,1.8209,1.0,0.0,1.0,0.0,2-0,Não,,,,Tempo regulamentar/modelado,Real validado,Sim,Tabela base,Não,Sim,3-0,Espanha
85,2026-07-02,16 avos de final,,0.0,Suíça,Argélia,1.516,0.845,2-0,1-0,representativo_condicional,maior_probabilidade,2,0,Suíça,0.5664,0.2404,0.1932,0.1256,média,0.077,84,12000,7.0963,5.7,-0.21,0.51,0.65,0.63,0.85,3.7273,8.2872,1.8,0.0,0.0,0.8976,0.0643,0.0848,0.7329,0.6233,0.5385,0.0421,-0.6908,-2.1599,3.6457,0.6667,-1.3333,1.9694,-3.4363,0.6565,-1.1454,2.4028,1.7463,0.9466,2.092,3.0,0.0,1.0,0.0,2-0,Não,,,,Tempo regulamentar/modelado,Real validado,Sim,Tabela base,Não,Sim,2-0,Suíça
86,2026-07-03,16 avos de final,,0.0,Argentina,Cabo Verde,1.485,0.503,2-0,1-0,representativo_condicional,maior_probabilidade,2,0,Argentina,0.6472,0.2413,0.1115,0.1349,alta,0.078,85,12000,13.953,12.29,0.49,1.61,1.52,0.3,0.91,13.9091,14.5889,-1.2,4.0,0.0,1.3905,0.1251,0.9785,-0.1425,0.6983,-0.2802,0.2111,0.3536,-2.0567,6.6618,2.0,-0.3333,6.2107,-0.7977,2.0702,-0.2659,2.7904,0.7202,0.3512,0.6171,-1.0,0.0,1.0,0.0,2-0,Não,,,,Tempo regulamentar/modelado,Real validado,Sim,Tabela base,Não,Sim,3-2,Argentina
87,2026-07-03,16 avos de final,,0.0,Colômbia,Gana,1.231,0.614,1-0,1-0,representativo_probabilistico,maior_probabilidade,1,0,Colômbia,0.5485,0.2781,0.1733,0.1632,média,0.079,86,12000,9.0702,8.57,0.52,1.44,0.77,1.2,1.3,-3.0909,8.9606,1.2,2.8,2.8,0.7925,0.1022,0.0146,0.2943,-0.1919,-0.2065,0.6129,0.3186,-4.2936,2.9457,0.6667,-0.3333,1.6962,-0.7251,0.5654,-0.2417,1.3083,0.7429,0.3467,0.5884,0.0,0.0,1.0,0.0,1-0,Não,,,,Tempo regulamentar/modelado,Real validado,Sim,Tabela base,Não,Sim,1-0,Colômbia
88,2026-07-03,16 avos de final,,0.0,Austrália,Egito,1.08,0.969,1-0,1-0,representativo_probabilistico,maior_probabilidade,1,0,Austrália,0.4261,0.2783,0.2956,0.1574,baixa,0.079,87,12000,3.7603,4.21,0.08,0.22,0.34,0.78,-0.23,15.1818,3.6289,1.2,-1.0,0.0,-0.3954,-0.0305,-0.7305,0.3009,-0.4108,0.3197,0.3856,0.0847,3.0926,-0.8398,-1.0,-0.3333,-2.904,-1.1984,-0.968,-0.3995,0.7572,1.7252,0.5532,0.9526,1.0,0.0,1.0,0.0,1-0,Não,,,,Tempo regulamentar/modelado,Real validado,Sim,Tabela base,Não,Sim,1-1,Egito
89,2026-07-04,Oitavas de final,,0.0,Paraguai,França,0.698,1.406,0-1,0-1,representativo_probabilistico,maior_probabilidade,0,1,França,0.1699,0.2483,0.5818,0.137,alta,0.08,88,12000,-8.0912,-5.76,-0.94,-0.08,-0.24,-1.17,-0.27,-10.2727,-6.3889,0.0,-1.0,0.0,-0.9641,-0.1141,-1.2156,-0.1175,-0.126,1.0896,0.3044,0.4219,4.7507,-6.287,-2.5,0.75,-10.2913,2.4331,-2.5728,0.6083,0.8646,3.4374,1.0549,0.4466,1.0,0.0,1.0,0.0,0-1,Não,,,,Tempo regulamentar/modelado,Real validado,Sim,Derivado do chaveamento,Não,Sim,0-1,França
90,2026-07-04,Oitavas de final,,0.0,Canadá,Marrocos,1.173,1.011,2-1,1-0,representativo_condicional,maior_probabilidade,2,1,Canadá,0.4445,0.2669,0.2886,0.1464,baixa,0.08,89,12000,2.3629,2.76,0.45,0.69,0.78,-0.63,0.65,0.0909,2.1022,1.0,0.0,3.0,-0.2612,0.0967,-0.2649,0.2755,0.1383,0.4032,0.3456,0.0701,-5.0831,-3.1816,0.5,-0.25,2.0957,-0.9666,0.5239,-0.2417,2.4003,1.8764,0.6842,0.9258,1.0,0.0,1.0,0.0,2-1,Não,,,,Tempo regulamentar/modelado,Real validado,Sim,Derivado do chaveamento,Não,Sim,0-3,Marrocos
91,2026-07-05,Oitavas de final,,0.0,Brasil,Noruega,1.429,0.95,2-1,1-0,representativo_condicional,maior_probabilidade,2,1,Brasil,0.5173,0.2463,0.2364,0.1289,média,0.08,90,12000,3.4498,2.37,0.2,0.39,0.48,0.13,0.32,-0.5455,1.4178,1.2,3.0,2.2,0.5305,0.1526,0.1836,0.7726,0.8164,0.6329,0.3548,-0.4178,1.9426,1.6614,-0.25,-1.5,-0.6862,-5.4739,-0.1715,-1.3685,2.4392,2.6107,0.4611,1.8296,1.0,0.0,1.0,0.0,2-1,Não,,,,Tempo regulamentar/modelado,Real validado,Sim,Derivado do chaveamento,Não,Sim,1-2,Noruega
92,2026-07-05,Oitavas de final,,0.0,México,Inglaterra,1.128,0.909,1-0,1-0,representativo_probabilistico,maior_probabilidade,1,0,México,0.3844,0.2835,0.3321,0.1606,baixa,0.08,91,12000,-1.552,-2.4,-0.05,1.12,-0.51,-0.57,0.85,-13.9091,-4.1511,0.0,-3.0,0.0,0.2341,-0.0054,0.2246,0.3029,0.5832,0.3586,0.5233,0.2204,-2.503,1.6453,0.0,-0.75,-0.565,-2.7259,-0.1413,-0.6815,2.0548,2.196,0.0,0.6815,1.0,0.0,1.0,0.0,1-0,Não,,,,Tempo regulamentar/modelado,Real validado,Sim,Derivado do chaveamento,Não,Sim,2-3,Inglaterra
93,2026-07-06,Oitavas de final,,0.0,Portugal,Espanha,1.098,1.131,0-1,1-1,representativo_condicional,maior_probabilidade,0,1,Espanha,0.3146,0.265,0.4205,0.1441,baixa,0.08,92,12000,0.7657,1.71,0.94,0.17,-0.09,-1.04,0.97,0.0,1.1044,0.0,-1.0,-1.2,-0.431,-0.066,-0.3388,-0.4147,0.239,0.5777,0.3029,0.7176,0.7152,-2.4075,0.0,0.5,-0.4587,1.8421,-0.1147,0.4605,2.0243,2.139,0.4605,0.0,0.0,0.0,1.0,0.0,0-1,Não,,,,Tempo regulamentar/modelado,Real validado,Sim,Derivado do chaveamento,Não,Sim,0-1,Espanha
94,2026-07-06,Oitavas de final,,0.0,Estados Unidos,Bélgica,1.238,1.099,2-1,1-1,representativo_probabilistico,maior_probabilidade,2,1,Estados Unidos,0.4414,0.2608,0.2978,0.1385,baixa,0.08,93,12000,0.3331,0.06,0.36,0.75,-0.07,-0.3,-0.23,-1.2727,-1.7339,3.0,-1.2,3.0,-0.3059,-0.0168,-0.2423,0.1143,0.4839,0.7262,-0.0321,-0.1463,0.9898,0.8275,0.25,0.0,0.8398,-0.0978,0.21,-0.0244,2.5505,2.3405,0.9224,0.9469,0.0,0.0,1.0,0.0,2-1,Não,,,,Tempo regulamentar/modelado,Real validado,Sim,Derivado do chaveamento,Não,Sim,1-4,Bélgica
95,2026-07-07,Oitavas de final,,0.0,Argentina,Egito,1.57,0.709,2-0,1-0,representativo_condicional,maior_probabilidade,2,0,Argentina,0.6098,0.2329,0.1572,0.1229,alta,0.08,94,12000,14.6469,13.68,0.73,1.12,2.1,1.05,0.89,19.5455,15.6022,0.0,3.0,0.0,0.8532,0.0682,0.675,-0.3836,0.8916,0.2167,-0.294,0.0896,-1.0481,5.5451,1.25,-0.25,5.0758,-0.71,1.2689,-0.1775,2.8241,1.5552,0.7762,0.9537,0.0,0.0,1.0,0.0,2-0,Não,,,,Tempo regulamentar/modelado,Real validado,Sim,Derivado do chaveamento,Não,Sim,3-2,Argentina
96,2026-07-07,Oitavas de final,,0.0,Suíça,Colômbia,1.132,0.84,1-0,1-0,representativo_probabilistico,maior_probabilidade,1,0,Suíça,0.3906,0.2831,0.3263,0.1626,baixa,0.08,95,12000,3.2136,2.91,-0.4,0.78,0.26,-0.7,0.21,3.6364,5.4756,-1.2,-1.8,-1.8,0.2978,0.0152,0.7536,-0.2822,0.5628,-0.1909,0.293,0.5752,0.7746,0.4418,1.0,0.5,4.4747,1.7997,1.1187,0.4499,2.348,1.2294,0.7099,0.26,1.0,0.0,1.0,0.0,1-0,Não,,,,Tempo regulamentar/modelado,Real validado,Sim,Derivado do chaveamento,Não,Sim,0-0,Suíça
97,2026-07-09,Quartas de final,,0.0,França,Marrocos,1.204,0.988,1-0,1-0,representativo_condicional,maior_probabilidade,1,0,França,0.4368,0.2655,0.2977,0.1453,baixa,0.08,96,12000,1.8578,1.21,0.22,0.66,0.32,-0.46,0.22,1.9091,2.0161,0.0,0.0,0.0,0.2133,0.0219,-0.2192,0.0468,0.6069,0.8261,0.4715,0.4247,-4.9709,2.4573,0.8,-0.4,3.7755,-1.9169,0.7551,-0.3834,2.9474,2.1923,0.3573,0.7406,0.0,0.0,1.0,0.0,1-0,Não,,,,Tempo regulamentar/modelado,Real validado,Sim,Derivado do chaveamento,Não,Sim,2-0,França
98,2026-07-10,Quartas de final,,0.0,Espanha,Bélgica,1.204,1.115,2-1,1-1,representativo_probabilistico,maior_probabilidade,2,1,Espanha,0.3786,0.2548,0.3666,0.1358,baixa,0.08,97,12000,-0.1135,-0.99,0.18,-0.49,0.46,0.54,-0.83,0.6364,-2.1733,3.0,1.0,3.0,0.1151,0.0204,-0.7024,0.8618,0.3369,1.0393,0.8459,-0.016,2.0028,2.5865,-0.8,-1.0,-4.4343,-4.6141,-0.8869,-0.9228,1.9534,2.8402,0.0,0.9228,0.0,0.0,1.0,0.0,2-1,Não,,,,Tempo regulamentar/modelado,Real validado,Sim,Derivado do chaveamento,Não,Sim,2-1,Espanha
99,2026-07-11,Quartas de final,,0.0,Noruega,Inglaterra,1.133,1.318,1-2,1-1,representativo_probabilistico,maior_probabilidade,1,2,Inglaterra,0.2898,0.2507,0.4595,0.1299,baixa,0.08,98,12000,-2.4442,-2.23,-0.01,-0.18,-0.35,-0.23,-0.09,-0.3636,-2.6644,-1.2,-3.0,-1.8,-0.1929,-0.0422,-0.0337,-0.0618,0.763,0.7967,-0.1347,-0.0729,0.0394,-1.4224,0.2,0.8,0.6535,3.655,0.1307,0.731,2.5583,2.4276,1.6339,0.903,0.0,0.0,1.0,0.0,1-2,Não,,,,Tempo regulamentar/modelado,Real validado,Sim,Derivado do chaveamento,Não,Sim,1-2,Inglaterra
100,2026-07-11,Quartas de final,,0.0,Argentina,Suíça,1.186,1.083,2-1,1-1,representativo_probabilistico,maior_probabilidade,2,1,Argentina,0.3762,0.2596,0.3642,0.1399,baixa,0.08,99,12000,1.4925,0.97,-0.25,0.31,0.54,0.57,0.19,1.1818,-0.1217,0.0,3.0,0.0,0.3852,0.0207,0.9731,-1.0146,0.9877,0.0147,-0.5565,0.4581,-3.0492,2.7205,1.0,0.4,4.8959,2.2707,0.9792,0.4541,2.8576,1.8784,1.0221,0.5679,0.0,0.0,1.0,0.0,2-1,Não,,,,Tempo regulamentar/modelado,Real validado,Sim,Derivado do chaveamento,Não,Sim,3-1,Argentina
101,2026-07-14,Semifinais,,0.0,França,Espanha,1.13,1.147,1-2,1-1,representativo_probabilistico,maior_probabilidade,1,2,Espanha,0.326,0.2613,0.4127,0.1406,baixa,0.08,100,12000,-3.0406,-3.74,0.47,-0.52,-1.28,-0.8,0.16,-0.2727,-3.8278,0.0,-4.0,-3.0,0.0162,0.002,0.1547,0.0127,0.6405,0.4859,0.6091,0.5963,-3.17,1.18,0.8333,0.1667,4.7592,0.9406,0.7932,0.1568,2.8151,2.0219,0.2977,0.141,1.0,0.0,1.0,0.0,1-2,Não,,,,Tempo regulamentar/modelado,Real validado,Sim,Derivado do chaveamento,Não,Sim,0-2,Espanha
102,2026-07-15,Semifinais,,0.0,Inglaterra,Argentina,1.123,1.352,1-2,1-1,representativo_probabilistico,maior_probabilidade,1,2,Argentina,0.3637,0.2487,0.3876,0.1282,baixa,0.08,101,12000,-3.5043,-2.98,-0.42,-0.5,-0.91,0.5,-0.88,0.9091,-2.8289,1.2,0.0,1.8,-0.0512,-0.0057,-0.473,0.3329,0.7389,1.2119,-0.0066,-0.3395,2.2094,-1.4831,-0.6667,0.0,-3.504,-0.5362,-0.584,-0.0894,2.395,2.979,0.9018,0.9912,0.0,0.0,1.0,0.0,1-2,Não,,,,Tempo regulamentar/modelado,Real validado,Sim,Derivado do chaveamento,Não,Sim,1-2,Argentina
103,2026-07-18,Disputa de 3º lugar,,0.0,França,Inglaterra,1.19,1.134,1-2,1-1,representativo_probabilistico,maior_probabilidade,1,2,Inglaterra,0.3425,0.2594,0.3981,0.1381,baixa,0.08,102,12000,-1.8355,-2.87,0.34,-0.22,-0.16,-0.73,-0.1,-1.0,-4.0672,0.0,-3.0,-1.8,0.0411,0.0043,-0.4052,0.3576,0.0406,0.4458,0.2042,-0.1534,-2.2842,1.448,0.2857,-0.5714,1.3034,-3.6114,0.1862,-0.5159,2.413,2.2268,0.4918,1.0077,1.0,0.0,1.0,0.0,1-2,Não,,,,Tempo regulamentar/modelado,Real validado,Sim,Derivado do chaveamento,Não,Sim,4-6,Inglaterra
104,2026-07-19,Final,,0.0,Espanha,Argentina,1.176,1.185,1-2,1-1,representativo_probabilistico,maior_probabilidade,1,2,Argentina,0.3693,0.2547,0.376,0.1346,baixa,0.08,103,12000,-1.7626,-2.11,-0.12,-0.63,0.21,0.57,-1.14,0.1818,-3.0683,1.2,1.0,3.0,-0.0118,-0.0006,-0.4173,0.9413,0.5955,1.0128,0.7576,-0.1837,2.3928,-1.2935,-0.8571,-0.8571,-5.7884,-5.9533,-0.8269,-0.8505,2.0618,2.8887,0.1208,0.9713,1.0,0.0,1.0,0.0,1-2,Não,,,,Tempo regulamentar/modelado,Real validado,Sim,Derivado do chaveamento,Não,Sim,1-0,Espanha
