espn_event_id,date,datetime_utc,name,short_name,phase_espn,home_team_espn,away_team_espn,home_team,away_team,home_score,away_score,status_name,status_description,status_detail,completed,winner_home,winner_away,venue,city,country,source_url,collected_at,source_sha256,jogo,repo_equipe1,repo_equipe2,mapping_confidence
760415,2026-06-11,2026-06-11T19:00Z,South Africa at Mexico,RSA @ MEX,"FIFA World Cup, Group A",Mexico,South Africa,mexico,africa do sul,2,0,STATUS_FULL_TIME,Full Time,FT,True,True,False,Estadio Banorte,Mexico City,Mexico,https://site.api.espn.com/apis/site/v2/sports/soccer/fifa.world/scoreboard?dates=2026&limit=500,2026-07-04T01:19:58.590299+00:00,39487b51d5bd171102632dfd64f674c0eed904a521f3aee3e9160390dd706768,1,México,África do Sul,date_team
760414,2026-06-12,2026-06-12T02:00Z,Czechia at South Korea,CZE @ KOR,"FIFA World Cup, Group A",South Korea,Czechia,coreia do sul,tchequia,2,1,STATUS_FULL_TIME,Full Time,FT,True,True,False,Estadio Akron,Guadalajara,Mexico,https://site.api.espn.com/apis/site/v2/sports/soccer/fifa.world/scoreboard?dates=2026&limit=500,2026-07-04T01:19:58.590299+00:00,39487b51d5bd171102632dfd64f674c0eed904a521f3aee3e9160390dd706768,2,Coreia do Sul,Tchéquia,team_only
760416,2026-06-12,2026-06-12T19:00Z,Bosnia-Herzegovina at Canada,BIH @ CAN,"FIFA World Cup, Group B",Canada,Bosnia-Herzegovina,canada,bosnia e herzegovina,1,1,STATUS_FULL_TIME,Full Time,FT,True,False,False,BMO Field,Toronto,Canada,https://site.api.espn.com/apis/site/v2/sports/soccer/fifa.world/scoreboard?dates=2026&limit=500,2026-07-04T01:19:58.590299+00:00,39487b51d5bd171102632dfd64f674c0eed904a521f3aee3e9160390dd706768,3,Canadá,Bósnia e Herzegovina,date_team
760417,2026-06-13,2026-06-13T01:00Z,Paraguay at United States,PAR @ USA,"FIFA World Cup, Group D",United States,Paraguay,estados unidos,paraguai,4,1,STATUS_FULL_TIME,Full Time,FT,True,True,False,SoFi Stadium,"Inglewood, California",USA,https://site.api.espn.com/apis/site/v2/sports/soccer/fifa.world/scoreboard?dates=2026&limit=500,2026-07-04T01:19:58.590299+00:00,39487b51d5bd171102632dfd64f674c0eed904a521f3aee3e9160390dd706768,4,Estados Unidos,Paraguai,team_only
760420,2026-06-13,2026-06-13T19:00Z,Switzerland at Qatar,SUI @ QAT,"FIFA World Cup, Group B",Qatar,Switzerland,catar,suica,1,1,STATUS_FULL_TIME,Full Time,FT,True,False,False,Levi's Stadium,"Santa Clara, California",USA,https://site.api.espn.com/apis/site/v2/sports/soccer/fifa.world/scoreboard?dates=2026&limit=500,2026-07-04T01:19:58.590299+00:00,39487b51d5bd171102632dfd64f674c0eed904a521f3aee3e9160390dd706768,8,Catar,Suíça,date_team
760419,2026-06-13,2026-06-13T22:00Z,Morocco at Brazil,MAR @ BRA,"FIFA World Cup, Group C",Brazil,Morocco,brasil,marrocos,1,1,STATUS_FULL_TIME,Full Time,FT,True,False,False,MetLife Stadium,"East Rutherford, New Jersey",USA,https://site.api.espn.com/apis/site/v2/sports/soccer/fifa.world/scoreboard?dates=2026&limit=500,2026-07-04T01:19:58.590299+00:00,39487b51d5bd171102632dfd64f674c0eed904a521f3aee3e9160390dd706768,7,Brasil,Marrocos,date_team
760418,2026-06-14,2026-06-14T01:00Z,Scotland at Haiti,SCO @ HAI,"FIFA World Cup, Group C",Haiti,Scotland,haiti,escocia,0,1,STATUS_FULL_TIME,Full Time,FT,True,False,True,Gillette Stadium,"Foxborough, Massachusetts",USA,https://site.api.espn.com/apis/site/v2/sports/soccer/fifa.world/scoreboard?dates=2026&limit=500,2026-07-04T01:19:58.590299+00:00,39487b51d5bd171102632dfd64f674c0eed904a521f3aee3e9160390dd706768,5,Haiti,Escócia,team_only
760421,2026-06-14,2026-06-14T04:00Z,Türkiye at Australia,TUR @ AUS,"FIFA World Cup, Group D",Australia,Türkiye,australia,turquia,2,0,STATUS_FULL_TIME,Full Time,FT,True,True,False,BC Place,Vancouver,Canada,https://site.api.espn.com/apis/site/v2/sports/soccer/fifa.world/scoreboard?dates=2026&limit=500,2026-07-04T01:19:58.590299+00:00,39487b51d5bd171102632dfd64f674c0eed904a521f3aee3e9160390dd706768,6,Austrália,Turquia,team_only
760422,2026-06-14,2026-06-14T17:00Z,Curaçao at Germany,CUW @ GER,"FIFA World Cup, Group E",Germany,Curaçao,alemanha,curacao,7,1,STATUS_FULL_TIME,Full Time,FT,True,True,False,NRG Stadium,"Houston, Texas",USA,https://site.api.espn.com/apis/site/v2/sports/soccer/fifa.world/scoreboard?dates=2026&limit=500,2026-07-04T01:19:58.590299+00:00,39487b51d5bd171102632dfd64f674c0eed904a521f3aee3e9160390dd706768,10,Alemanha,Curaçao,date_team
760425,2026-06-14,2026-06-14T20:00Z,Japan at Netherlands,JPN @ NED,"FIFA World Cup, Group F",Netherlands,Japan,paises baixos,japao,2,2,STATUS_FULL_TIME,Full Time,FT,True,False,False,AT&T Stadium,"Arlington, Texas",USA,https://site.api.espn.com/apis/site/v2/sports/soccer/fifa.world/scoreboard?dates=2026&limit=500,2026-07-04T01:19:58.590299+00:00,39487b51d5bd171102632dfd64f674c0eed904a521f3aee3e9160390dd706768,11,Países Baixos,Japão,date_team
760423,2026-06-14,2026-06-14T23:00Z,Ecuador at Ivory Coast,ECU @ CIV,"FIFA World Cup, Group E",Ivory Coast,Ecuador,costa do marfim,equador,1,0,STATUS_FULL_TIME,Full Time,FT,True,True,False,Lincoln Financial Field,"Philadelphia, Pennsylvania",USA,https://site.api.espn.com/apis/site/v2/sports/soccer/fifa.world/scoreboard?dates=2026&limit=500,2026-07-04T01:19:58.590299+00:00,39487b51d5bd171102632dfd64f674c0eed904a521f3aee3e9160390dd706768,9,Costa do Marfim,Equador,date_team
760424,2026-06-15,2026-06-15T02:00Z,Tunisia at Sweden,TUN @ SWE,"FIFA World Cup, Group F",Sweden,Tunisia,suecia,tunisia,5,1,STATUS_FULL_TIME,Full Time,FT,True,True,False,Estadio BBVA,Guadalupe,Mexico,https://site.api.espn.com/apis/site/v2/sports/soccer/fifa.world/scoreboard?dates=2026&limit=500,2026-07-04T01:19:58.590299+00:00,39487b51d5bd171102632dfd64f674c0eed904a521f3aee3e9160390dd706768,12,Suécia,Tunísia,team_only
760428,2026-06-15,2026-06-15T16:00Z,Cape Verde at Spain,CPV @ ESP,"FIFA World Cup, Group H",Spain,Cape Verde,espanha,cabo verde,0,0,STATUS_FULL_TIME,Full Time,FT,True,False,False,Mercedes-Benz Stadium,"Atlanta, Georgia",USA,https://site.api.espn.com/apis/site/v2/sports/soccer/fifa.world/scoreboard?dates=2026&limit=500,2026-07-04T01:19:58.590299+00:00,39487b51d5bd171102632dfd64f674c0eed904a521f3aee3e9160390dd706768,14,Espanha,Cabo Verde,date_team
760426,2026-06-15,2026-06-15T19:00Z,Egypt at Belgium,EGY @ BEL,"FIFA World Cup, Group G",Belgium,Egypt,belgica,egito,1,1,STATUS_FULL_TIME,Full Time,FT,True,False,False,Lumen Field,"Seattle, Washington",USA,https://site.api.espn.com/apis/site/v2/sports/soccer/fifa.world/scoreboard?dates=2026&limit=500,2026-07-04T01:19:58.590299+00:00,39487b51d5bd171102632dfd64f674c0eed904a521f3aee3e9160390dd706768,16,Bélgica,Egito,date_team
760429,2026-06-15,2026-06-15T22:00Z,Uruguay at Saudi Arabia,URU @ KSA,"FIFA World Cup, Group H",Saudi Arabia,Uruguay,arabia saudita,uruguai,1,1,STATUS_FULL_TIME,Full Time,FT,True,False,False,Hard Rock Stadium,"Miami Gardens, Florida",USA,https://site.api.espn.com/apis/site/v2/sports/soccer/fifa.world/scoreboard?dates=2026&limit=500,2026-07-04T01:19:58.590299+00:00,39487b51d5bd171102632dfd64f674c0eed904a521f3aee3e9160390dd706768,13,Arábia Saudita,Uruguai,date_team
760427,2026-06-16,2026-06-16T01:00Z,New Zealand at Iran,NZL @ IRN,"FIFA World Cup, Group G",Iran,New Zealand,ira,nova zelandia,2,2,STATUS_FULL_TIME,Full Time,FT,True,False,False,SoFi Stadium,"Inglewood, California",USA,https://site.api.espn.com/apis/site/v2/sports/soccer/fifa.world/scoreboard?dates=2026&limit=500,2026-07-04T01:19:58.590299+00:00,39487b51d5bd171102632dfd64f674c0eed904a521f3aee3e9160390dd706768,15,Irã,Nova Zelândia,team_only
760432,2026-06-16,2026-06-16T19:00Z,Senegal at France,SEN @ FRA,"FIFA World Cup, Group I",France,Senegal,franca,senegal,3,1,STATUS_FULL_TIME,Full Time,FT,True,True,False,MetLife Stadium,"East Rutherford, New Jersey",USA,https://site.api.espn.com/apis/site/v2/sports/soccer/fifa.world/scoreboard?dates=2026&limit=500,2026-07-04T01:19:58.590299+00:00,39487b51d5bd171102632dfd64f674c0eed904a521f3aee3e9160390dd706768,17,França,Senegal,date_team
760430,2026-06-16,2026-06-16T22:00Z,Norway at Iraq,NOR @ IRQ,"FIFA World Cup, Group I",Iraq,Norway,iraq,noruega,1,4,STATUS_FULL_TIME,Full Time,FT,True,False,True,Gillette Stadium,"Foxborough, Massachusetts",USA,https://site.api.espn.com/apis/site/v2/sports/soccer/fifa.world/scoreboard?dates=2026&limit=500,2026-07-04T01:19:58.590299+00:00,39487b51d5bd171102632dfd64f674c0eed904a521f3aee3e9160390dd706768,,,,none
760433,2026-06-17,2026-06-17T01:00Z,Algeria at Argentina,ALG @ ARG,"FIFA World Cup, Group J",Argentina,Algeria,argentina,argelia,3,0,STATUS_FULL_TIME,Full Time,FT,True,True,False,GEHA Field at Arrowhead Stadium,"Kansas City, Missouri",USA,https://site.api.espn.com/apis/site/v2/sports/soccer/fifa.world/scoreboard?dates=2026&limit=500,2026-07-04T01:19:58.590299+00:00,39487b51d5bd171102632dfd64f674c0eed904a521f3aee3e9160390dd706768,19,Argentina,Argélia,team_only
760431,2026-06-17,2026-06-17T04:00Z,Jordan at Austria,JOR @ AUT,"FIFA World Cup, Group J",Austria,Jordan,austria,jordania,3,1,STATUS_FULL_TIME,Full Time,FT,True,True,False,Levi's Stadium,"Santa Clara, California",USA,https://site.api.espn.com/apis/site/v2/sports/soccer/fifa.world/scoreboard?dates=2026&limit=500,2026-07-04T01:19:58.590299+00:00,39487b51d5bd171102632dfd64f674c0eed904a521f3aee3e9160390dd706768,20,Áustria,Jordânia,team_only
760435,2026-06-17,2026-06-17T17:00Z,Congo DR at Portugal,COD @ POR,"FIFA World Cup, Group K",Portugal,Congo DR,portugal,rd congo,1,1,STATUS_FULL_TIME,Full Time,FT,True,False,False,NRG Stadium,"Houston, Texas",USA,https://site.api.espn.com/apis/site/v2/sports/soccer/fifa.world/scoreboard?dates=2026&limit=500,2026-07-04T01:19:58.590299+00:00,39487b51d5bd171102632dfd64f674c0eed904a521f3aee3e9160390dd706768,23,Portugal,RD Congo,date_team
760437,2026-06-17,2026-06-17T20:00Z,Croatia at England,CRO @ ENG,"FIFA World Cup, Group L",England,Croatia,inglaterra,croacia,4,2,STATUS_FULL_TIME,Full Time,FT,True,True,False,AT&T Stadium,"Arlington, Texas",USA,https://site.api.espn.com/apis/site/v2/sports/soccer/fifa.world/scoreboard?dates=2026&limit=500,2026-07-04T01:19:58.590299+00:00,39487b51d5bd171102632dfd64f674c0eed904a521f3aee3e9160390dd706768,22,Inglaterra,Croácia,date_team
760434,2026-06-17,2026-06-17T23:00Z,Panama at Ghana,PAN @ GHA,"FIFA World Cup, Group L",Ghana,Panama,gana,panama,1,0,STATUS_FULL_TIME,Full Time,FT,True,True,False,BMO Field,Toronto,Canada,https://site.api.espn.com/apis/site/v2/sports/soccer/fifa.world/scoreboard?dates=2026&limit=500,2026-07-04T01:19:58.590299+00:00,39487b51d5bd171102632dfd64f674c0eed904a521f3aee3e9160390dd706768,21,Gana,Panamá,date_team
760436,2026-06-18,2026-06-18T02:00Z,Colombia at Uzbekistan,COL @ UZB,"FIFA World Cup, Group K",Uzbekistan,Colombia,uzbequistao,colombia,1,3,STATUS_FULL_TIME,Full Time,FT,True,False,True,Estadio Banorte,Mexico City,Mexico,https://site.api.espn.com/apis/site/v2/sports/soccer/fifa.world/scoreboard?dates=2026&limit=500,2026-07-04T01:19:58.590299+00:00,39487b51d5bd171102632dfd64f674c0eed904a521f3aee3e9160390dd706768,24,Uzbequistão,Colômbia,team_only
760438,2026-06-18,2026-06-18T16:00Z,South Africa at Czechia,RSA @ CZE,"FIFA World Cup, Group A",Czechia,South Africa,tchequia,africa do sul,1,1,STATUS_FULL_TIME,Full Time,FT,True,False,False,Mercedes-Benz Stadium,"Atlanta, Georgia",USA,https://site.api.espn.com/apis/site/v2/sports/soccer/fifa.world/scoreboard?dates=2026&limit=500,2026-07-04T01:19:58.590299+00:00,39487b51d5bd171102632dfd64f674c0eed904a521f3aee3e9160390dd706768,25,Tchéquia,África do Sul,date_team
760439,2026-06-18,2026-06-18T19:00Z,Bosnia-Herzegovina at Switzerland,BIH @ SUI,"FIFA World Cup, Group B",Switzerland,Bosnia-Herzegovina,suica,bosnia e herzegovina,4,1,STATUS_FULL_TIME,Full Time,FT,True,True,False,SoFi Stadium,"Inglewood, California",USA,https://site.api.espn.com/apis/site/v2/sports/soccer/fifa.world/scoreboard?dates=2026&limit=500,2026-07-04T01:19:58.590299+00:00,39487b51d5bd171102632dfd64f674c0eed904a521f3aee3e9160390dd706768,26,Suíça,Bósnia e Herzegovina,date_team
760440,2026-06-18,2026-06-18T22:00Z,Qatar at Canada,QAT @ CAN,"FIFA World Cup, Group B",Canada,Qatar,canada,catar,6,0,STATUS_FULL_TIME,Full Time,FT,True,True,False,BC Place,Vancouver,Canada,https://site.api.espn.com/apis/site/v2/sports/soccer/fifa.world/scoreboard?dates=2026&limit=500,2026-07-04T01:19:58.590299+00:00,39487b51d5bd171102632dfd64f674c0eed904a521f3aee3e9160390dd706768,27,Canadá,Catar,date_team
760441,2026-06-19,2026-06-19T01:00Z,South Korea at Mexico,KOR @ MEX,"FIFA World Cup, Group A",Mexico,South Korea,mexico,coreia do sul,1,0,STATUS_FULL_TIME,Full Time,FT,True,True,False,Estadio Akron,Guadalajara,Mexico,https://site.api.espn.com/apis/site/v2/sports/soccer/fifa.world/scoreboard?dates=2026&limit=500,2026-07-04T01:19:58.590299+00:00,39487b51d5bd171102632dfd64f674c0eed904a521f3aee3e9160390dd706768,28,México,Coreia do Sul,team_only
760442,2026-06-19,2026-06-19T19:00Z,Australia at United States,AUS @ USA,"FIFA World Cup, Group D",United States,Australia,estados unidos,australia,2,0,STATUS_FULL_TIME,Full Time,FT,True,True,False,Lumen Field,"Seattle, Washington",USA,https://site.api.espn.com/apis/site/v2/sports/soccer/fifa.world/scoreboard?dates=2026&limit=500,2026-07-04T01:19:58.590299+00:00,39487b51d5bd171102632dfd64f674c0eed904a521f3aee3e9160390dd706768,32,Estados Unidos,Austrália,date_team
760445,2026-06-19,2026-06-19T22:00Z,Morocco at Scotland,MAR @ SCO,"FIFA World Cup, Group C",Scotland,Morocco,escocia,marrocos,0,1,STATUS_FULL_TIME,Full Time,FT,True,False,True,Gillette Stadium,"Foxborough, Massachusetts",USA,https://site.api.espn.com/apis/site/v2/sports/soccer/fifa.world/scoreboard?dates=2026&limit=500,2026-07-04T01:19:58.590299+00:00,39487b51d5bd171102632dfd64f674c0eed904a521f3aee3e9160390dd706768,30,Escócia,Marrocos,date_team
760444,2026-06-20,2026-06-20T00:30Z,Haiti at Brazil,HAI @ BRA,"FIFA World Cup, Group C",Brazil,Haiti,brasil,haiti,3,0,STATUS_FULL_TIME,Full Time,FT,True,True,False,Lincoln Financial Field,"Philadelphia, Pennsylvania",USA,https://site.api.espn.com/apis/site/v2/sports/soccer/fifa.world/scoreboard?dates=2026&limit=500,2026-07-04T01:19:58.590299+00:00,39487b51d5bd171102632dfd64f674c0eed904a521f3aee3e9160390dd706768,29,Brasil,Haiti,team_only
760443,2026-06-20,2026-06-20T03:00Z,Paraguay at Türkiye,PAR @ TUR,"FIFA World Cup, Group D",Türkiye,Paraguay,turquia,paraguai,0,1,STATUS_FULL_TIME,Full Time,FT,True,False,True,Levi's Stadium,"Santa Clara, California",USA,https://site.api.espn.com/apis/site/v2/sports/soccer/fifa.world/scoreboard?dates=2026&limit=500,2026-07-04T01:19:58.590299+00:00,39487b51d5bd171102632dfd64f674c0eed904a521f3aee3e9160390dd706768,31,Turquia,Paraguai,team_only
760447,2026-06-20,2026-06-20T17:00Z,Sweden at Netherlands,SWE @ NED,"FIFA World Cup, Group F",Netherlands,Sweden,paises baixos,suecia,5,1,STATUS_FULL_TIME,Full Time,FT,True,True,False,NRG Stadium,"Houston, Texas",USA,https://site.api.espn.com/apis/site/v2/sports/soccer/fifa.world/scoreboard?dates=2026&limit=500,2026-07-04T01:19:58.590299+00:00,39487b51d5bd171102632dfd64f674c0eed904a521f3aee3e9160390dd706768,35,Países Baixos,Suécia,date_team
760448,2026-06-20,2026-06-20T20:00Z,Ivory Coast at Germany,CIV @ GER,"FIFA World Cup, Group E",Germany,Ivory Coast,alemanha,costa do marfim,2,1,STATUS_FULL_TIME,Full Time,FT,True,True,False,BMO Field,Toronto,Canada,https://site.api.espn.com/apis/site/v2/sports/soccer/fifa.world/scoreboard?dates=2026&limit=500,2026-07-04T01:19:58.590299+00:00,39487b51d5bd171102632dfd64f674c0eed904a521f3aee3e9160390dd706768,33,Alemanha,Costa do Marfim,date_team
760446,2026-06-21,2026-06-21T00:00Z,Curaçao at Ecuador,CUW @ ECU,"FIFA World Cup, Group E",Ecuador,Curaçao,equador,curacao,0,0,STATUS_FULL_TIME,Full Time,FT,True,False,False,GEHA Field at Arrowhead Stadium,"Kansas City, Missouri",USA,https://site.api.espn.com/apis/site/v2/sports/soccer/fifa.world/scoreboard?dates=2026&limit=500,2026-07-04T01:19:58.590299+00:00,39487b51d5bd171102632dfd64f674c0eed904a521f3aee3e9160390dd706768,34,Equador,Curaçao,team_only
760449,2026-06-21,2026-06-21T04:00Z,Japan at Tunisia,JPN @ TUN,"FIFA World Cup, Group F",Tunisia,Japan,tunisia,japao,0,4,STATUS_FULL_TIME,Full Time,FT,True,False,True,Estadio BBVA,Guadalupe,Mexico,https://site.api.espn.com/apis/site/v2/sports/soccer/fifa.world/scoreboard?dates=2026&limit=500,2026-07-04T01:19:58.590299+00:00,39487b51d5bd171102632dfd64f674c0eed904a521f3aee3e9160390dd706768,36,Tunísia,Japão,team_only
760453,2026-06-21,2026-06-21T16:00Z,Saudi Arabia at Spain,KSA @ ESP,"FIFA World Cup, Group H",Spain,Saudi Arabia,espanha,arabia saudita,4,0,STATUS_FULL_TIME,Full Time,FT,True,True,False,Mercedes-Benz Stadium,"Atlanta, Georgia",USA,https://site.api.espn.com/apis/site/v2/sports/soccer/fifa.world/scoreboard?dates=2026&limit=500,2026-07-04T01:19:58.590299+00:00,39487b51d5bd171102632dfd64f674c0eed904a521f3aee3e9160390dd706768,38,Espanha,Arábia Saudita,date_team
760451,2026-06-21,2026-06-21T19:00Z,Iran at Belgium,IRN @ BEL,"FIFA World Cup, Group G",Belgium,Iran,belgica,ira,0,0,STATUS_FULL_TIME,Full Time,FT,True,False,False,SoFi Stadium,"Inglewood, California",USA,https://site.api.espn.com/apis/site/v2/sports/soccer/fifa.world/scoreboard?dates=2026&limit=500,2026-07-04T01:19:58.590299+00:00,39487b51d5bd171102632dfd64f674c0eed904a521f3aee3e9160390dd706768,39,Bélgica,Irã,date_team
760450,2026-06-21,2026-06-21T22:00Z,Cape Verde at Uruguay,CPV @ URU,"FIFA World Cup, Group H",Uruguay,Cape Verde,uruguai,cabo verde,2,2,STATUS_FULL_TIME,Full Time,FT,True,False,False,Hard Rock Stadium,"Miami Gardens, Florida",USA,https://site.api.espn.com/apis/site/v2/sports/soccer/fifa.world/scoreboard?dates=2026&limit=500,2026-07-04T01:19:58.590299+00:00,39487b51d5bd171102632dfd64f674c0eed904a521f3aee3e9160390dd706768,37,Uruguai,Cabo Verde,date_team
760452,2026-06-22,2026-06-22T01:00Z,Egypt at New Zealand,EGY @ NZL,"FIFA World Cup, Group G",New Zealand,Egypt,nova zelandia,egito,1,3,STATUS_FULL_TIME,Full Time,FT,True,False,True,BC Place,Vancouver,Canada,https://site.api.espn.com/apis/site/v2/sports/soccer/fifa.world/scoreboard?dates=2026&limit=500,2026-07-04T01:19:58.590299+00:00,39487b51d5bd171102632dfd64f674c0eed904a521f3aee3e9160390dd706768,40,Nova Zelândia,Egito,team_only
760456,2026-06-22,2026-06-22T17:00Z,Austria at Argentina,AUT @ ARG,"FIFA World Cup, Group J",Argentina,Austria,argentina,austria,2,0,STATUS_FULL_TIME,Full Time,FT,True,True,False,AT&T Stadium,"Arlington, Texas",USA,https://site.api.espn.com/apis/site/v2/sports/soccer/fifa.world/scoreboard?dates=2026&limit=500,2026-07-04T01:19:58.590299+00:00,39487b51d5bd171102632dfd64f674c0eed904a521f3aee3e9160390dd706768,43,Argentina,Áustria,date_team
760457,2026-06-22,2026-06-22T21:00Z,Iraq at France,IRQ @ FRA,"FIFA World Cup, Group I",France,Iraq,franca,iraq,3,0,STATUS_FULL_TIME,Full Time,FT,True,True,False,Lincoln Financial Field,"Philadelphia, Pennsylvania",USA,https://site.api.espn.com/apis/site/v2/sports/soccer/fifa.world/scoreboard?dates=2026&limit=500,2026-07-04T01:19:58.590299+00:00,39487b51d5bd171102632dfd64f674c0eed904a521f3aee3e9160390dd706768,,,,none
760454,2026-06-23,2026-06-23T00:00Z,Senegal at Norway,SEN @ NOR,"FIFA World Cup, Group I",Norway,Senegal,noruega,senegal,3,2,STATUS_FULL_TIME,Full Time,FT,True,True,False,MetLife Stadium,"East Rutherford, New Jersey",USA,https://site.api.espn.com/apis/site/v2/sports/soccer/fifa.world/scoreboard?dates=2026&limit=500,2026-07-04T01:19:58.590299+00:00,39487b51d5bd171102632dfd64f674c0eed904a521f3aee3e9160390dd706768,41,Noruega,Senegal,team_only
760455,2026-06-23,2026-06-23T03:00Z,Algeria at Jordan,ALG @ JOR,"FIFA World Cup, Group J",Jordan,Algeria,jordania,argelia,1,2,STATUS_FULL_TIME,Full Time,FT,True,False,True,Levi's Stadium,"Santa Clara, California",USA,https://site.api.espn.com/apis/site/v2/sports/soccer/fifa.world/scoreboard?dates=2026&limit=500,2026-07-04T01:19:58.590299+00:00,39487b51d5bd171102632dfd64f674c0eed904a521f3aee3e9160390dd706768,44,Jordânia,Argélia,team_only
760461,2026-06-23,2026-06-23T17:00Z,Uzbekistan at Portugal,UZB @ POR,"FIFA World Cup, Group K",Portugal,Uzbekistan,portugal,uzbequistao,5,0,STATUS_FULL_TIME,Full Time,FT,True,True,False,NRG Stadium,"Houston, Texas",USA,https://site.api.espn.com/apis/site/v2/sports/soccer/fifa.world/scoreboard?dates=2026&limit=500,2026-07-04T01:19:58.590299+00:00,39487b51d5bd171102632dfd64f674c0eed904a521f3aee3e9160390dd706768,47,Portugal,Uzbequistão,date_team
760458,2026-06-23,2026-06-23T20:00Z,Ghana at England,GHA @ ENG,"FIFA World Cup, Group L",England,Ghana,inglaterra,gana,0,0,STATUS_FULL_TIME,Full Time,FT,True,False,False,Gillette Stadium,"Foxborough, Massachusetts",USA,https://site.api.espn.com/apis/site/v2/sports/soccer/fifa.world/scoreboard?dates=2026&limit=500,2026-07-04T01:19:58.590299+00:00,39487b51d5bd171102632dfd64f674c0eed904a521f3aee3e9160390dd706768,45,Inglaterra,Gana,date_team
760460,2026-06-23,2026-06-23T23:00Z,Croatia at Panama,CRO @ PAN,"FIFA World Cup, Group L",Panama,Croatia,panama,croacia,0,1,STATUS_FULL_TIME,Full Time,FT,True,False,True,BMO Field,Toronto,Canada,https://site.api.espn.com/apis/site/v2/sports/soccer/fifa.world/scoreboard?dates=2026&limit=500,2026-07-04T01:19:58.590299+00:00,39487b51d5bd171102632dfd64f674c0eed904a521f3aee3e9160390dd706768,46,Panamá,Croácia,date_team
760459,2026-06-24,2026-06-24T02:00Z,Congo DR at Colombia,COD @ COL,"FIFA World Cup, Group K",Colombia,Congo DR,colombia,rd congo,1,0,STATUS_FULL_TIME,Full Time,FT,True,True,False,Estadio Akron,Guadalajara,Mexico,https://site.api.espn.com/apis/site/v2/sports/soccer/fifa.world/scoreboard?dates=2026&limit=500,2026-07-04T01:19:58.590299+00:00,39487b51d5bd171102632dfd64f674c0eed904a521f3aee3e9160390dd706768,48,Colômbia,RD Congo,team_only
760462,2026-06-24,2026-06-24T19:00Z,Qatar at Bosnia-Herzegovina,QAT @ BIH,"FIFA World Cup, Group B",Bosnia-Herzegovina,Qatar,bosnia e herzegovina,catar,3,1,STATUS_FULL_TIME,Full Time,FT,True,True,False,Lumen Field,"Seattle, Washington",USA,https://site.api.espn.com/apis/site/v2/sports/soccer/fifa.world/scoreboard?dates=2026&limit=500,2026-07-04T01:19:58.590299+00:00,39487b51d5bd171102632dfd64f674c0eed904a521f3aee3e9160390dd706768,52,Bósnia e Herzegovina,Catar,date_team
760463,2026-06-24,2026-06-24T19:00Z,Canada at Switzerland,CAN @ SUI,"FIFA World Cup, Group B",Switzerland,Canada,suica,canada,2,1,STATUS_FULL_TIME,Full Time,FT,True,True,False,BC Place,Vancouver,Canada,https://site.api.espn.com/apis/site/v2/sports/soccer/fifa.world/scoreboard?dates=2026&limit=500,2026-07-04T01:19:58.590299+00:00,39487b51d5bd171102632dfd64f674c0eed904a521f3aee3e9160390dd706768,51,Suíça,Canadá,date_team
760464,2026-06-24,2026-06-24T22:00Z,Haiti at Morocco,HAI @ MAR,"FIFA World Cup, Group C",Morocco,Haiti,marrocos,haiti,4,2,STATUS_FULL_TIME,Full Time,FT,True,True,False,Mercedes-Benz Stadium,"Atlanta, Georgia",USA,https://site.api.espn.com/apis/site/v2/sports/soccer/fifa.world/scoreboard?dates=2026&limit=500,2026-07-04T01:19:58.590299+00:00,39487b51d5bd171102632dfd64f674c0eed904a521f3aee3e9160390dd706768,50,Marrocos,Haiti,date_team
760465,2026-06-24,2026-06-24T22:00Z,Brazil at Scotland,BRA @ SCO,"FIFA World Cup, Group C",Scotland,Brazil,escocia,brasil,0,3,STATUS_FULL_TIME,Full Time,FT,True,False,True,Hard Rock Stadium,"Miami Gardens, Florida",USA,https://site.api.espn.com/apis/site/v2/sports/soccer/fifa.world/scoreboard?dates=2026&limit=500,2026-07-04T01:19:58.590299+00:00,39487b51d5bd171102632dfd64f674c0eed904a521f3aee3e9160390dd706768,49,Escócia,Brasil,date_team
760467,2026-06-25,2026-06-25T01:00Z,Mexico at Czechia,MEX @ CZE,"FIFA World Cup, Group A",Czechia,Mexico,tchequia,mexico,0,3,STATUS_FULL_TIME,Full Time,FT,True,False,True,Estadio Banorte,Mexico City,Mexico,https://site.api.espn.com/apis/site/v2/sports/soccer/fifa.world/scoreboard?dates=2026&limit=500,2026-07-04T01:19:58.590299+00:00,39487b51d5bd171102632dfd64f674c0eed904a521f3aee3e9160390dd706768,53,Tchéquia,México,team_only
760466,2026-06-25,2026-06-25T01:00Z,South Korea at South Africa,KOR @ RSA,"FIFA World Cup, Group A",South Africa,South Korea,africa do sul,coreia do sul,1,0,STATUS_FULL_TIME,Full Time,FT,True,True,False,Estadio BBVA,Guadalupe,Mexico,https://site.api.espn.com/apis/site/v2/sports/soccer/fifa.world/scoreboard?dates=2026&limit=500,2026-07-04T01:19:58.590299+00:00,39487b51d5bd171102632dfd64f674c0eed904a521f3aee3e9160390dd706768,54,África do Sul,Coreia do Sul,team_only
760473,2026-06-25,2026-06-25T20:00Z,Ivory Coast at Curaçao,CIV @ CUW,"FIFA World Cup, Group E",Curaçao,Ivory Coast,curacao,costa do marfim,0,2,STATUS_FULL_TIME,Full Time,FT,True,False,True,Lincoln Financial Field,"Philadelphia, Pennsylvania",USA,https://site.api.espn.com/apis/site/v2/sports/soccer/fifa.world/scoreboard?dates=2026&limit=500,2026-07-04T01:19:58.590299+00:00,39487b51d5bd171102632dfd64f674c0eed904a521f3aee3e9160390dd706768,55,Curaçao,Costa do Marfim,date_team
760468,2026-06-25,2026-06-25T20:00Z,Germany at Ecuador,GER @ ECU,"FIFA World Cup, Group E",Ecuador,Germany,equador,alemanha,2,1,STATUS_FULL_TIME,Full Time,FT,True,True,False,MetLife Stadium,"East Rutherford, New Jersey",USA,https://site.api.espn.com/apis/site/v2/sports/soccer/fifa.world/scoreboard?dates=2026&limit=500,2026-07-04T01:19:58.590299+00:00,39487b51d5bd171102632dfd64f674c0eed904a521f3aee3e9160390dd706768,56,Equador,Alemanha,date_team
760471,2026-06-25,2026-06-25T23:00Z,Sweden at Japan,SWE @ JPN,"FIFA World Cup, Group F",Japan,Sweden,japao,suecia,1,1,STATUS_FULL_TIME,Full Time,FT,True,False,False,AT&T Stadium,"Arlington, Texas",USA,https://site.api.espn.com/apis/site/v2/sports/soccer/fifa.world/scoreboard?dates=2026&limit=500,2026-07-04T01:19:58.590299+00:00,39487b51d5bd171102632dfd64f674c0eed904a521f3aee3e9160390dd706768,57,Japão,Suécia,date_team
760472,2026-06-25,2026-06-25T23:00Z,Netherlands at Tunisia,NED @ TUN,"FIFA World Cup, Group F",Tunisia,Netherlands,tunisia,paises baixos,1,3,STATUS_FULL_TIME,Full Time,FT,True,False,True,GEHA Field at Arrowhead Stadium,"Kansas City, Missouri",USA,https://site.api.espn.com/apis/site/v2/sports/soccer/fifa.world/scoreboard?dates=2026&limit=500,2026-07-04T01:19:58.590299+00:00,39487b51d5bd171102632dfd64f674c0eed904a521f3aee3e9160390dd706768,58,Tunísia,Países Baixos,date_team
760469,2026-06-26,2026-06-26T02:00Z,Australia at Paraguay,AUS @ PAR,"FIFA World Cup, Group D",Paraguay,Australia,paraguai,australia,0,0,STATUS_FULL_TIME,Full Time,FT,True,False,False,Levi's Stadium,"Santa Clara, California",USA,https://site.api.espn.com/apis/site/v2/sports/soccer/fifa.world/scoreboard?dates=2026&limit=500,2026-07-04T01:19:58.590299+00:00,39487b51d5bd171102632dfd64f674c0eed904a521f3aee3e9160390dd706768,60,Paraguai,Austrália,team_only
760470,2026-06-26,2026-06-26T02:00Z,United States at Türkiye,USA @ TUR,"FIFA World Cup, Group D",Türkiye,United States,turquia,estados unidos,3,2,STATUS_FULL_TIME,Full Time,FT,True,True,False,SoFi Stadium,"Inglewood, California",USA,https://site.api.espn.com/apis/site/v2/sports/soccer/fifa.world/scoreboard?dates=2026&limit=500,2026-07-04T01:19:58.590299+00:00,39487b51d5bd171102632dfd64f674c0eed904a521f3aee3e9160390dd706768,59,Turquia,Estados Unidos,team_only
760475,2026-06-26,2026-06-26T19:00Z,France at Norway,FRA @ NOR,"FIFA World Cup, Group I",Norway,France,noruega,franca,1,4,STATUS_FULL_TIME,Full Time,FT,True,False,True,Gillette Stadium,"Foxborough, Massachusetts",USA,https://site.api.espn.com/apis/site/v2/sports/soccer/fifa.world/scoreboard?dates=2026&limit=500,2026-07-04T01:19:58.590299+00:00,39487b51d5bd171102632dfd64f674c0eed904a521f3aee3e9160390dd706768,61,Noruega,França,date_team
760474,2026-06-26,2026-06-26T19:00Z,Iraq at Senegal,IRQ @ SEN,"FIFA World Cup, Group I",Senegal,Iraq,senegal,iraq,5,0,STATUS_FULL_TIME,Full Time,FT,True,True,False,BMO Field,Toronto,Canada,https://site.api.espn.com/apis/site/v2/sports/soccer/fifa.world/scoreboard?dates=2026&limit=500,2026-07-04T01:19:58.590299+00:00,39487b51d5bd171102632dfd64f674c0eed904a521f3aee3e9160390dd706768,,,,none
760478,2026-06-27,2026-06-27T00:00Z,Saudi Arabia at Cape Verde,KSA @ CPV,"FIFA World Cup, Group H",Cape Verde,Saudi Arabia,cabo verde,arabia saudita,0,0,STATUS_FULL_TIME,Full Time,FT,True,False,False,NRG Stadium,"Houston, Texas",USA,https://site.api.espn.com/apis/site/v2/sports/soccer/fifa.world/scoreboard?dates=2026&limit=500,2026-07-04T01:19:58.590299+00:00,39487b51d5bd171102632dfd64f674c0eed904a521f3aee3e9160390dd706768,65,Cabo Verde,Arábia Saudita,team_only
760479,2026-06-27,2026-06-27T00:00Z,Spain at Uruguay,ESP @ URU,"FIFA World Cup, Group H",Uruguay,Spain,uruguai,espanha,0,1,STATUS_FULL_TIME,Full Time,FT,True,False,True,Estadio Akron,Guadalajara,Mexico,https://site.api.espn.com/apis/site/v2/sports/soccer/fifa.world/scoreboard?dates=2026&limit=500,2026-07-04T01:19:58.590299+00:00,39487b51d5bd171102632dfd64f674c0eed904a521f3aee3e9160390dd706768,66,Uruguai,Espanha,team_only
760476,2026-06-27,2026-06-27T03:00Z,Iran at Egypt,IRN @ EGY,"FIFA World Cup, Group G",Egypt,Iran,egito,ira,1,1,STATUS_FULL_TIME,Full Time,FT,True,False,False,Lumen Field,"Seattle, Washington",USA,https://site.api.espn.com/apis/site/v2/sports/soccer/fifa.world/scoreboard?dates=2026&limit=500,2026-07-04T01:19:58.590299+00:00,39487b51d5bd171102632dfd64f674c0eed904a521f3aee3e9160390dd706768,63,Egito,Irã,team_only
760477,2026-06-27,2026-06-27T03:00Z,Belgium at New Zealand,BEL @ NZL,"FIFA World Cup, Group G",New Zealand,Belgium,nova zelandia,belgica,1,5,STATUS_FULL_TIME,Full Time,FT,True,False,True,BC Place,Vancouver,Canada,https://site.api.espn.com/apis/site/v2/sports/soccer/fifa.world/scoreboard?dates=2026&limit=500,2026-07-04T01:19:58.590299+00:00,39487b51d5bd171102632dfd64f674c0eed904a521f3aee3e9160390dd706768,64,Nova Zelândia,Bélgica,team_only
760480,2026-06-27,2026-06-27T21:00Z,Ghana at Croatia,GHA @ CRO,"FIFA World Cup, Group L",Croatia,Ghana,croacia,gana,2,1,STATUS_FULL_TIME,Full Time,FT,True,True,False,Lincoln Financial Field,"Philadelphia, Pennsylvania",USA,https://site.api.espn.com/apis/site/v2/sports/soccer/fifa.world/scoreboard?dates=2026&limit=500,2026-07-04T01:19:58.590299+00:00,39487b51d5bd171102632dfd64f674c0eed904a521f3aee3e9160390dd706768,68,Croácia,Gana,date_team
760485,2026-06-27,2026-06-27T21:00Z,England at Panama,ENG @ PAN,"FIFA World Cup, Group L",Panama,England,panama,inglaterra,0,2,STATUS_FULL_TIME,Full Time,FT,True,False,True,MetLife Stadium,"East Rutherford, New Jersey",USA,https://site.api.espn.com/apis/site/v2/sports/soccer/fifa.world/scoreboard?dates=2026&limit=500,2026-07-04T01:19:58.590299+00:00,39487b51d5bd171102632dfd64f674c0eed904a521f3aee3e9160390dd706768,67,Panamá,Inglaterra,date_team
760481,2026-06-27,2026-06-27T23:30Z,Portugal at Colombia,POR @ COL,"FIFA World Cup, Group K",Colombia,Portugal,colombia,portugal,0,0,STATUS_FULL_TIME,Full Time,FT,True,False,False,Hard Rock Stadium,"Miami Gardens, Florida",USA,https://site.api.espn.com/apis/site/v2/sports/soccer/fifa.world/scoreboard?dates=2026&limit=500,2026-07-04T01:19:58.590299+00:00,39487b51d5bd171102632dfd64f674c0eed904a521f3aee3e9160390dd706768,71,Colômbia,Portugal,date_team
760482,2026-06-27,2026-06-27T23:30Z,Uzbekistan at Congo DR,UZB @ COD,"FIFA World Cup, Group K",Congo DR,Uzbekistan,rd congo,uzbequistao,3,1,STATUS_FULL_TIME,Full Time,FT,True,True,False,Mercedes-Benz Stadium,"Atlanta, Georgia",USA,https://site.api.espn.com/apis/site/v2/sports/soccer/fifa.world/scoreboard?dates=2026&limit=500,2026-07-04T01:19:58.590299+00:00,39487b51d5bd171102632dfd64f674c0eed904a521f3aee3e9160390dd706768,72,RD Congo,Uzbequistão,date_team
760484,2026-06-28,2026-06-28T02:00Z,Austria at Algeria,AUT @ ALG,"FIFA World Cup, Group J",Algeria,Austria,argelia,austria,3,3,STATUS_FULL_TIME,Full Time,FT,True,False,False,GEHA Field at Arrowhead Stadium,"Kansas City, Missouri",USA,https://site.api.espn.com/apis/site/v2/sports/soccer/fifa.world/scoreboard?dates=2026&limit=500,2026-07-04T01:19:58.590299+00:00,39487b51d5bd171102632dfd64f674c0eed904a521f3aee3e9160390dd706768,69,Argélia,Áustria,team_only
760483,2026-06-28,2026-06-28T02:00Z,Argentina at Jordan,ARG @ JOR,"FIFA World Cup, Group J",Jordan,Argentina,jordania,argentina,1,3,STATUS_FULL_TIME,Full Time,FT,True,False,True,AT&T Stadium,"Arlington, Texas",USA,https://site.api.espn.com/apis/site/v2/sports/soccer/fifa.world/scoreboard?dates=2026&limit=500,2026-07-04T01:19:58.590299+00:00,39487b51d5bd171102632dfd64f674c0eed904a521f3aee3e9160390dd706768,70,Jordânia,Argentina,team_only
760486,2026-06-28,2026-06-28T19:00Z,Canada at South Africa,CAN @ RSA,"FIFA World Cup, Round of 32",South Africa,Canada,africa do sul,canada,0,1,STATUS_FULL_TIME,Full Time,FT,True,False,True,SoFi Stadium,"Inglewood, California",USA,https://site.api.espn.com/apis/site/v2/sports/soccer/fifa.world/scoreboard?dates=2026&limit=500,2026-07-04T01:19:58.590299+00:00,39487b51d5bd171102632dfd64f674c0eed904a521f3aee3e9160390dd706768,73,África do Sul,Canadá,date_team
760487,2026-06-29,2026-06-29T17:00Z,Japan at Brazil,JPN @ BRA,"FIFA World Cup, Round of 32",Brazil,Japan,brasil,japao,2,1,STATUS_FULL_TIME,Full Time,FT,True,True,False,NRG Stadium,"Houston, Texas",USA,https://site.api.espn.com/apis/site/v2/sports/soccer/fifa.world/scoreboard?dates=2026&limit=500,2026-07-04T01:19:58.590299+00:00,39487b51d5bd171102632dfd64f674c0eed904a521f3aee3e9160390dd706768,76,Brasil,Japão,date_team
760489,2026-06-29,2026-06-29T20:30Z,Paraguay at Germany,PAR @ GER,"FIFA World Cup, Round of 32",Germany,Paraguay,alemanha,paraguai,1,1,STATUS_FINAL_PEN,Final Score - After Penalties,FT-Pens,True,False,True,Gillette Stadium,"Foxborough, Massachusetts",USA,https://site.api.espn.com/apis/site/v2/sports/soccer/fifa.world/scoreboard?dates=2026&limit=500,2026-07-04T01:19:58.590299+00:00,39487b51d5bd171102632dfd64f674c0eed904a521f3aee3e9160390dd706768,74,Alemanha,Paraguai,date_team
760488,2026-06-30,2026-06-30T01:00Z,Morocco at Netherlands,MAR @ NED,"FIFA World Cup, Round of 32",Netherlands,Morocco,paises baixos,marrocos,1,1,STATUS_FINAL_PEN,Final Score - After Penalties,FT-Pens,True,False,True,Estadio BBVA,Guadalupe,Mexico,https://site.api.espn.com/apis/site/v2/sports/soccer/fifa.world/scoreboard?dates=2026&limit=500,2026-07-04T01:19:58.590299+00:00,39487b51d5bd171102632dfd64f674c0eed904a521f3aee3e9160390dd706768,75,Países Baixos,Marrocos,team_only
760490,2026-06-30,2026-06-30T17:00Z,Norway at Ivory Coast,NOR @ CIV,"FIFA World Cup, Round of 32",Ivory Coast,Norway,costa do marfim,noruega,1,2,STATUS_FULL_TIME,Full Time,FT,True,False,True,AT&T Stadium,"Arlington, Texas",USA,https://site.api.espn.com/apis/site/v2/sports/soccer/fifa.world/scoreboard?dates=2026&limit=500,2026-07-04T01:19:58.590299+00:00,39487b51d5bd171102632dfd64f674c0eed904a521f3aee3e9160390dd706768,78,Costa do Marfim,Noruega,date_team
760492,2026-06-30,2026-06-30T21:00Z,Sweden at France,SWE @ FRA,"FIFA World Cup, Round of 32",France,Sweden,franca,suecia,3,0,STATUS_FULL_TIME,Full Time,FT,True,True,False,MetLife Stadium,"East Rutherford, New Jersey",USA,https://site.api.espn.com/apis/site/v2/sports/soccer/fifa.world/scoreboard?dates=2026&limit=500,2026-07-04T01:19:58.590299+00:00,39487b51d5bd171102632dfd64f674c0eed904a521f3aee3e9160390dd706768,77,França,Suécia,date_team
760491,2026-07-01,2026-07-01T02:00Z,Ecuador at Mexico,ECU @ MEX,"FIFA World Cup, Round of 32",Mexico,Ecuador,mexico,equador,2,0,STATUS_FULL_TIME,Full Time,FT,True,True,False,Estadio Banorte,Mexico City,Mexico,https://site.api.espn.com/apis/site/v2/sports/soccer/fifa.world/scoreboard?dates=2026&limit=500,2026-07-04T01:19:58.590299+00:00,39487b51d5bd171102632dfd64f674c0eed904a521f3aee3e9160390dd706768,79,México,Equador,team_only
760495,2026-07-01,2026-07-01T16:00Z,Congo DR at England,COD @ ENG,"FIFA World Cup, Round of 32",England,Congo DR,inglaterra,rd congo,2,1,STATUS_FULL_TIME,Full Time,FT,True,True,False,Mercedes-Benz Stadium,"Atlanta, Georgia",USA,https://site.api.espn.com/apis/site/v2/sports/soccer/fifa.world/scoreboard?dates=2026&limit=500,2026-07-04T01:19:58.590299+00:00,39487b51d5bd171102632dfd64f674c0eed904a521f3aee3e9160390dd706768,80,Inglaterra,RD Congo,date_team
760493,2026-07-01,2026-07-01T20:00Z,Senegal at Belgium,SEN @ BEL,"FIFA World Cup, Round of 32",Belgium,Senegal,belgica,senegal,3,2,STATUS_FINAL_AET,Final Score - After Extra Time,AET,True,True,False,Lumen Field,"Seattle, Washington",USA,https://site.api.espn.com/apis/site/v2/sports/soccer/fifa.world/scoreboard?dates=2026&limit=500,2026-07-04T01:19:58.590299+00:00,39487b51d5bd171102632dfd64f674c0eed904a521f3aee3e9160390dd706768,82,Bélgica,Senegal,date_team
760494,2026-07-02,2026-07-02T00:00Z,Bosnia-Herzegovina at United States,BIH @ USA,"FIFA World Cup, Round of 32",United States,Bosnia-Herzegovina,estados unidos,bosnia e herzegovina,2,0,STATUS_FULL_TIME,Full Time,FT,True,True,False,Levi's Stadium,"Santa Clara, California",USA,https://site.api.espn.com/apis/site/v2/sports/soccer/fifa.world/scoreboard?dates=2026&limit=500,2026-07-04T01:19:58.590299+00:00,39487b51d5bd171102632dfd64f674c0eed904a521f3aee3e9160390dd706768,81,Estados Unidos,Bósnia e Herzegovina,team_only
760497,2026-07-02,2026-07-02T19:00Z,Austria at Spain,AUT @ ESP,"FIFA World Cup, Round of 32",Spain,Austria,espanha,austria,3,0,STATUS_FULL_TIME,Full Time,FT,True,True,False,SoFi Stadium,"Inglewood, California",USA,https://site.api.espn.com/apis/site/v2/sports/soccer/fifa.world/scoreboard?dates=2026&limit=500,2026-07-04T01:19:58.590299+00:00,39487b51d5bd171102632dfd64f674c0eed904a521f3aee3e9160390dd706768,84,Espanha,Áustria,date_team
760496,2026-07-02,2026-07-02T23:00Z,Croatia at Portugal,CRO @ POR,"FIFA World Cup, Round of 32",Portugal,Croatia,portugal,croacia,2,1,STATUS_FULL_TIME,Full Time,FT,True,True,False,BMO Field,Toronto,Canada,https://site.api.espn.com/apis/site/v2/sports/soccer/fifa.world/scoreboard?dates=2026&limit=500,2026-07-04T01:19:58.590299+00:00,39487b51d5bd171102632dfd64f674c0eed904a521f3aee3e9160390dd706768,83,Portugal,Croácia,date_team
760498,2026-07-03,2026-07-03T03:00Z,Algeria at Switzerland,ALG @ SUI,"FIFA World Cup, Round of 32",Switzerland,Algeria,suica,argelia,2,0,STATUS_FULL_TIME,Full Time,FT,True,True,False,BC Place,Vancouver,Canada,https://site.api.espn.com/apis/site/v2/sports/soccer/fifa.world/scoreboard?dates=2026&limit=500,2026-07-04T01:19:58.590299+00:00,39487b51d5bd171102632dfd64f674c0eed904a521f3aee3e9160390dd706768,85,Suíça,Argélia,team_only
760499,2026-07-03,2026-07-03T18:00Z,Egypt at Australia,EGY @ AUS,"FIFA World Cup, Round of 32",Australia,Egypt,australia,egito,1,1,STATUS_FINAL_PEN,Final Score - After Penalties,FT-Pens,True,False,True,AT&T Stadium,"Arlington, Texas",USA,https://site.api.espn.com/apis/site/v2/sports/soccer/fifa.world/scoreboard?dates=2026&limit=500,2026-07-04T01:19:58.590299+00:00,39487b51d5bd171102632dfd64f674c0eed904a521f3aee3e9160390dd706768,88,Austrália,Egito,date_team
760500,2026-07-03,2026-07-03T22:00Z,Cape Verde at Argentina,CPV @ ARG,"FIFA World Cup, Round of 32",Argentina,Cape Verde,argentina,cabo verde,3,2,STATUS_FINAL_AET,Final Score - After Extra Time,AET,True,True,False,Hard Rock Stadium,"Miami Gardens, Florida",USA,https://site.api.espn.com/apis/site/v2/sports/soccer/fifa.world/scoreboard?dates=2026&limit=500,2026-07-04T01:19:58.590299+00:00,39487b51d5bd171102632dfd64f674c0eed904a521f3aee3e9160390dd706768,86,Argentina,Cabo Verde,date_team
760501,2026-07-04,2026-07-04T01:30Z,Ghana at Colombia,GHA @ COL,"FIFA World Cup, Round of 32",Colombia,Ghana,colombia,gana,0,0,STATUS_SCHEDULED,Scheduled,"Fri, July 3rd at 9:30 PM EDT",False,False,False,GEHA Field at Arrowhead Stadium,"Kansas City, Missouri",USA,https://site.api.espn.com/apis/site/v2/sports/soccer/fifa.world/scoreboard?dates=2026&limit=500,2026-07-04T01:19:58.590299+00:00,39487b51d5bd171102632dfd64f674c0eed904a521f3aee3e9160390dd706768,87,Colômbia,Gana,team_only
760502,2026-07-04,2026-07-04T17:00Z,Morocco at Canada,MAR @ CAN,"FIFA World Cup, Round of 16",Canada,Morocco,canada,marrocos,0,0,STATUS_SCHEDULED,Scheduled,"Sat, July 4th at 1:00 PM EDT",False,False,False,NRG Stadium,"Houston, Texas",USA,https://site.api.espn.com/apis/site/v2/sports/soccer/fifa.world/scoreboard?dates=2026&limit=500,2026-07-04T01:19:58.590299+00:00,39487b51d5bd171102632dfd64f674c0eed904a521f3aee3e9160390dd706768,89,Canadá,Marrocos,date_team
760503,2026-07-04,2026-07-04T21:00Z,France at Paraguay,FRA @ PAR,"FIFA World Cup, Round of 16",Paraguay,France,paraguai,franca,0,0,STATUS_SCHEDULED,Scheduled,"Sat, July 4th at 5:00 PM EDT",False,False,False,Lincoln Financial Field,"Philadelphia, Pennsylvania",USA,https://site.api.espn.com/apis/site/v2/sports/soccer/fifa.world/scoreboard?dates=2026&limit=500,2026-07-04T01:19:58.590299+00:00,39487b51d5bd171102632dfd64f674c0eed904a521f3aee3e9160390dd706768,90,Paraguai,França,date_team
760504,2026-07-05,2026-07-05T20:00Z,Norway at Brazil,NOR @ BRA,"FIFA World Cup, Round of 16",Brazil,Norway,brasil,noruega,0,0,STATUS_SCHEDULED,Scheduled,"Sun, July 5th at 4:00 PM EDT",False,False,False,MetLife Stadium,"East Rutherford, New Jersey",USA,https://site.api.espn.com/apis/site/v2/sports/soccer/fifa.world/scoreboard?dates=2026&limit=500,2026-07-04T01:19:58.590299+00:00,39487b51d5bd171102632dfd64f674c0eed904a521f3aee3e9160390dd706768,91,Brasil,Noruega,date_team
760505,2026-07-06,2026-07-06T00:00Z,England at Mexico,ENG @ MEX,"FIFA World Cup, Round of 16",Mexico,England,mexico,inglaterra,0,0,STATUS_SCHEDULED,Scheduled,"Sun, July 5th at 8:00 PM EDT",False,False,False,Estadio Banorte,Mexico City,Mexico,https://site.api.espn.com/apis/site/v2/sports/soccer/fifa.world/scoreboard?dates=2026&limit=500,2026-07-04T01:19:58.590299+00:00,39487b51d5bd171102632dfd64f674c0eed904a521f3aee3e9160390dd706768,92,México,Inglaterra,team_only
760506,2026-07-06,2026-07-06T19:00Z,Spain at Portugal,ESP @ POR,"FIFA World Cup, Round of 16",Portugal,Spain,portugal,espanha,0,0,STATUS_SCHEDULED,Scheduled,"Mon, July 6th at 3:00 PM EDT",False,False,False,AT&T Stadium,"Arlington, Texas",USA,https://site.api.espn.com/apis/site/v2/sports/soccer/fifa.world/scoreboard?dates=2026&limit=500,2026-07-04T01:19:58.590299+00:00,39487b51d5bd171102632dfd64f674c0eed904a521f3aee3e9160390dd706768,93,Portugal,Espanha,date_team
760507,2026-07-07,2026-07-07T00:00Z,Belgium at United States,BEL @ USA,"FIFA World Cup, Round of 16",United States,Belgium,estados unidos,belgica,0,0,STATUS_SCHEDULED,Scheduled,"Mon, July 6th at 8:00 PM EDT",False,False,False,Lumen Field,"Seattle, Washington",USA,https://site.api.espn.com/apis/site/v2/sports/soccer/fifa.world/scoreboard?dates=2026&limit=500,2026-07-04T01:19:58.590299+00:00,39487b51d5bd171102632dfd64f674c0eed904a521f3aee3e9160390dd706768,94,Estados Unidos,Bélgica,team_only
760509,2026-07-07,2026-07-07T16:00Z,Egypt at Argentina,EGY @ ARG,"FIFA World Cup, Round of 16",Argentina,Egypt,argentina,egito,0,0,STATUS_SCHEDULED,Scheduled,"Tue, July 7th at 12:00 PM EDT",False,False,False,Mercedes-Benz Stadium,"Atlanta, Georgia",USA,https://site.api.espn.com/apis/site/v2/sports/soccer/fifa.world/scoreboard?dates=2026&limit=500,2026-07-04T01:19:58.590299+00:00,39487b51d5bd171102632dfd64f674c0eed904a521f3aee3e9160390dd706768,95,Argentina,Egito,date_team
760508,2026-07-07,2026-07-07T20:00Z,Round of 32 15 Winner at Switzerland,RD32 @ SUI,"FIFA World Cup, Round of 16",Switzerland,Round of 32 15 Winner,suica,round of 32 15 winner,0,0,STATUS_SCHEDULED,Scheduled,"Tue, July 7th at 4:00 PM EDT",False,False,False,BC Place,Vancouver,Canada,https://site.api.espn.com/apis/site/v2/sports/soccer/fifa.world/scoreboard?dates=2026&limit=500,2026-07-04T01:19:58.590299+00:00,39487b51d5bd171102632dfd64f674c0eed904a521f3aee3e9160390dd706768,,,,none
760510,2026-07-09,2026-07-09T20:00Z,Round of 16 2 Winner at Round of 16 1 Winner,RD16 W2 @ RD16 W1,"FIFA World Cup, Quarterfinals",Round of 16 1 Winner,Round of 16 2 Winner,round of 16 1 winner,round of 16 2 winner,0,0,STATUS_SCHEDULED,Scheduled,"Thu, July 9th at 4:00 PM EDT",False,False,False,Gillette Stadium,"Foxborough, Massachusetts",USA,https://site.api.espn.com/apis/site/v2/sports/soccer/fifa.world/scoreboard?dates=2026&limit=500,2026-07-04T01:19:58.590299+00:00,39487b51d5bd171102632dfd64f674c0eed904a521f3aee3e9160390dd706768,,,,none
760511,2026-07-10,2026-07-10T19:00Z,Round of 16 6 Winner at Round of 16 5 Winner,RD16 W6 @ RD16 W5,"FIFA World Cup, Quarterfinals",Round of 16 5 Winner,Round of 16 6 Winner,round of 16 5 winner,round of 16 6 winner,0,0,STATUS_SCHEDULED,Scheduled,"Fri, July 10th at 3:00 PM EDT",False,False,False,SoFi Stadium,"Inglewood, California",USA,https://site.api.espn.com/apis/site/v2/sports/soccer/fifa.world/scoreboard?dates=2026&limit=500,2026-07-04T01:19:58.590299+00:00,39487b51d5bd171102632dfd64f674c0eed904a521f3aee3e9160390dd706768,,,,none
760512,2026-07-11,2026-07-11T21:00Z,Round of 16 4 Winner at Round of 16 3 Winner,RD16 W4 @ RD16 W3,"FIFA World Cup, Quarterfinals",Round of 16 3 Winner,Round of 16 4 Winner,round of 16 3 winner,round of 16 4 winner,0,0,STATUS_SCHEDULED,Scheduled,"Sat, July 11th at 5:00 PM EDT",False,False,False,Hard Rock Stadium,"Miami Gardens, Florida",USA,https://site.api.espn.com/apis/site/v2/sports/soccer/fifa.world/scoreboard?dates=2026&limit=500,2026-07-04T01:19:58.590299+00:00,39487b51d5bd171102632dfd64f674c0eed904a521f3aee3e9160390dd706768,,,,none
760513,2026-07-12,2026-07-12T01:00Z,Round of 16 8 Winner at Round of 16 7 Winner,RD16 W8 @ RD16 W7,"FIFA World Cup, Quarterfinals",Round of 16 7 Winner,Round of 16 8 Winner,round of 16 7 winner,round of 16 8 winner,0,0,STATUS_SCHEDULED,Scheduled,"Sat, July 11th at 9:00 PM EDT",False,False,False,GEHA Field at Arrowhead Stadium,"Kansas City, Missouri",USA,https://site.api.espn.com/apis/site/v2/sports/soccer/fifa.world/scoreboard?dates=2026&limit=500,2026-07-04T01:19:58.590299+00:00,39487b51d5bd171102632dfd64f674c0eed904a521f3aee3e9160390dd706768,,,,none
760514,2026-07-14,2026-07-14T19:00Z,Quarterfinal 2 Winner at Quarterfinal 1 Winner,QFW2 @ QFW1,"FIFA World Cup, Semifinals",Quarterfinal 1 Winner,Quarterfinal 2 Winner,quarterfinal 1 winner,quarterfinal 2 winner,0,0,STATUS_SCHEDULED,Scheduled,"Tue, July 14th at 3:00 PM EDT",False,False,False,AT&T Stadium,"Arlington, Texas",USA,https://site.api.espn.com/apis/site/v2/sports/soccer/fifa.world/scoreboard?dates=2026&limit=500,2026-07-04T01:19:58.590299+00:00,39487b51d5bd171102632dfd64f674c0eed904a521f3aee3e9160390dd706768,,,,none
760515,2026-07-15,2026-07-15T19:00Z,Quarterfinal 4 Winner at Quarterfinal 3 Winner,QW4 @ QFW3,"FIFA World Cup, Semifinals",Quarterfinal 3 Winner,Quarterfinal 4 Winner,quarterfinal 3 winner,quarterfinal 4 winner,0,0,STATUS_SCHEDULED,Scheduled,"Wed, July 15th at 3:00 PM EDT",False,False,False,Mercedes-Benz Stadium,"Atlanta, Georgia",USA,https://site.api.espn.com/apis/site/v2/sports/soccer/fifa.world/scoreboard?dates=2026&limit=500,2026-07-04T01:19:58.590299+00:00,39487b51d5bd171102632dfd64f674c0eed904a521f3aee3e9160390dd706768,,,,none
760516,2026-07-18,2026-07-18T21:00Z,Semifinal 2 Loser at Semifinal 1 Loser,SF L2 @ SF L1,"FIFA World Cup, 3rd-Place Match",Semifinal 1 Loser,Semifinal 2 Loser,semifinal 1 loser,semifinal 2 loser,0,0,STATUS_SCHEDULED,Scheduled,"Sat, July 18th at 5:00 PM EDT",False,False,False,Hard Rock Stadium,"Miami Gardens, Florida",USA,https://site.api.espn.com/apis/site/v2/sports/soccer/fifa.world/scoreboard?dates=2026&limit=500,2026-07-04T01:19:58.590299+00:00,39487b51d5bd171102632dfd64f674c0eed904a521f3aee3e9160390dd706768,,,,none
760517,2026-07-19,2026-07-19T19:00Z,Semifinal 2 Winner at Semifinal 1 Winner,SFW2 @ SFW1,"FIFA World Cup, Final",Semifinal 1 Winner,Semifinal 2 Winner,semifinal 1 winner,semifinal 2 winner,0,0,STATUS_SCHEDULED,Scheduled,"Sun, July 19th at 3:00 PM EDT",False,False,False,MetLife Stadium,"East Rutherford, New Jersey",USA,https://site.api.espn.com/apis/site/v2/sports/soccer/fifa.world/scoreboard?dates=2026&limit=500,2026-07-04T01:19:58.590299+00:00,39487b51d5bd171102632dfd64f674c0eed904a521f3aee3e9160390dd706768,,,,none
