jogo,espn_event_id,team_espn,team_norm,stat_foulsCommitted,stat_yellowCards,stat_redCards,stat_offsides,stat_wonCorners,stat_saves,stat_possessionPct,stat_totalShots,stat_shotsOnTarget,stat_shotPct,stat_penaltyKickGoals,stat_penaltyKickShots,stat_accuratePasses,stat_totalPasses,stat_passPct,stat_accurateCrosses,stat_totalCrosses,stat_crossPct,stat_totalLongBalls,stat_accurateLongBalls,stat_longballPct,stat_blockedShots,stat_effectiveTackles,stat_totalTackles,stat_tacklePct,stat_interceptions,stat_effectiveClearance,stat_totalClearance,source_file,source_url,collected_at,stat_goalDifference,stat_totalGoals,stat_goalAssists,stat_goalsConceded
73,760486,South Africa,africa do sul,10.0,0.0,0.0,1.0,1.0,5.0,58.4,6.0,1.0,0.2,0.0,0.0,466.0,554.0,0.8,2.0,7.0,0.3,72.0,31.0,0.4,1.0,13.0,22.0,0.6,15.0,33.0,33.0,espn_summary_event_760486__5d36922d-406b-4989-b891-fb72e2e0a4a9.json,https://site.api.espn.com/apis/site/v2/sports/soccer/fifa.world/summary?event=760486,2026-07-04T01:34:46.510253+00:00,,,,
73,760486,Canada,canada,16.0,2.0,0.0,0.0,4.0,1.0,41.6,12.0,7.0,0.6,0.0,0.0,298.0,379.0,0.8,5.0,13.0,0.4,31.0,15.0,0.5,0.0,15.0,20.0,0.8,8.0,16.0,16.0,espn_summary_event_760486__5d36922d-406b-4989-b891-fb72e2e0a4a9.json,https://site.api.espn.com/apis/site/v2/sports/soccer/fifa.world/summary?event=760486,2026-07-04T01:34:46.510253+00:00,,,,
31,760443,Türkiye,turquia,14.0,1.0,0.0,2.0,12.0,1.0,78.5,32.0,5.0,0.2,0.0,0.0,559.0,629.0,0.9,8.0,42.0,0.2,42.0,28.0,0.7,12.0,11.0,17.0,0.6,6.0,29.0,29.0,espn_summary_event_760443__588b215c-005d-41ac-9be9-0a411793895c.json,https://site.api.espn.com/apis/site/v2/sports/soccer/fifa.world/summary?event=760443,2026-07-04T01:26:53.293149+00:00,,,,
31,760443,Paraguay,paraguai,15.0,1.0,1.0,3.0,0.0,5.0,21.5,7.0,2.0,0.3,0.0,0.0,96.0,178.0,0.5,2.0,6.0,0.3,64.0,22.0,0.3,2.0,15.0,25.0,0.6,9.0,48.0,48.0,espn_summary_event_760443__588b215c-005d-41ac-9be9-0a411793895c.json,https://site.api.espn.com/apis/site/v2/sports/soccer/fifa.world/summary?event=760443,2026-07-04T01:26:53.293149+00:00,,,,
55,760473,Curaçao,curacao,11.0,2.0,0.0,2.0,4.0,1.0,36.7,11.0,2.0,0.2,0.0,0.0,295.0,355.0,0.8,5.0,15.0,0.3,30.0,14.0,0.5,2.0,11.0,17.0,0.6,15.0,17.0,17.0,espn_summary_event_760473__29d41309-edc7-4b51-88fe-321a17140b43.json,https://site.api.espn.com/apis/site/v2/sports/soccer/fifa.world/summary?event=760473,2026-07-04T01:31:19.864634+00:00,,,,
55,760473,Ivory Coast,costa do marfim,6.0,1.0,0.0,1.0,6.0,2.0,63.3,7.0,3.0,0.4,0.0,0.0,558.0,624.0,0.9,3.0,16.0,0.2,38.0,20.0,0.5,1.0,9.0,16.0,0.6,12.0,19.0,19.0,espn_summary_event_760473__29d41309-edc7-4b51-88fe-321a17140b43.json,https://site.api.espn.com/apis/site/v2/sports/soccer/fifa.world/summary?event=760473,2026-07-04T01:31:19.864634+00:00,,,,
27,760440,Canada,canada,9.0,1.0,0.0,1.0,19.0,0.0,79.0,32.0,10.0,0.3,0.0,0.0,515.0,567.0,0.9,13.0,55.0,0.2,16.0,10.0,0.6,14.0,5.0,9.0,0.6,6.0,3.0,3.0,espn_summary_event_760440__ae5f05b3-26cb-4568-8874-5c0c5fc85d80.json,https://site.api.espn.com/apis/site/v2/sports/soccer/fifa.world/summary?event=760440,2026-07-04T01:25:52.181401+00:00,,,,
27,760440,Qatar,catar,10.0,1.0,2.0,1.0,1.0,4.0,21.0,2.0,0.0,0.0,0.0,0.0,104.0,162.0,0.6,1.0,3.0,0.3,54.0,17.0,0.3,1.0,10.0,16.0,0.6,10.0,61.0,61.0,espn_summary_event_760440__ae5f05b3-26cb-4568-8874-5c0c5fc85d80.json,https://site.api.espn.com/apis/site/v2/sports/soccer/fifa.world/summary?event=760440,2026-07-04T01:25:52.181401+00:00,,,,
63,760476,Egypt,egito,11.0,3.0,0.0,0.0,8.0,2.0,61.4,15.0,3.0,0.2,0.0,0.0,513.0,589.0,0.9,4.0,15.0,0.3,44.0,18.0,0.4,6.0,10.0,17.0,0.6,7.0,38.0,38.0,espn_summary_event_760476__9b24e55c-6457-4da2-847b-3cb44cfd7bee.json,https://site.api.espn.com/apis/site/v2/sports/soccer/fifa.world/summary?event=760476,2026-07-04T01:33:20.267029+00:00,,,,
63,760476,Iran,ira,16.0,4.0,0.0,3.0,2.0,2.0,38.6,13.0,4.0,0.3,0.0,1.0,281.0,367.0,0.8,1.0,10.0,0.1,66.0,29.0,0.4,3.0,17.0,22.0,0.8,8.0,32.0,32.0,espn_summary_event_760476__9b24e55c-6457-4da2-847b-3cb44cfd7bee.json,https://site.api.espn.com/apis/site/v2/sports/soccer/fifa.world/summary?event=760476,2026-07-04T01:33:20.267029+00:00,,,,
58,760472,Tunisia,tunisia,11.0,0.0,0.0,2.0,4.0,4.0,28.6,10.0,4.0,0.4,0.0,0.0,199.0,258.0,0.8,4.0,13.0,0.3,47.0,20.0,0.4,1.0,9.0,17.0,0.5,8.0,35.0,35.0,espn_summary_event_760472__ca5e180e-f1a7-40a4-b433-ea541e5bc6f4.json,https://site.api.espn.com/apis/site/v2/sports/soccer/fifa.world/summary?event=760472,2026-07-04T01:31:46.446888+00:00,,,,
58,760472,Netherlands,paises baixos,10.0,0.0,0.0,1.0,6.0,3.0,71.4,20.0,7.0,0.4,0.0,0.0,602.0,647.0,0.9,6.0,27.0,0.2,22.0,15.0,0.7,5.0,5.0,8.0,0.6,10.0,17.0,17.0,espn_summary_event_760472__ca5e180e-f1a7-40a4-b433-ea541e5bc6f4.json,https://site.api.espn.com/apis/site/v2/sports/soccer/fifa.world/summary?event=760472,2026-07-04T01:31:46.446888+00:00,,,,
70,760483,Jordan,jordania,13.0,3.0,0.0,1.0,2.0,1.0,26.7,5.0,1.0,0.2,0.0,0.0,228.0,285.0,0.8,2.0,7.0,0.3,36.0,14.0,0.4,2.0,8.0,16.0,0.5,19.0,13.0,13.0,espn_summary_event_760483__fc97ba5f-0f7a-4b38-8317-7e04032ee3eb.json,https://site.api.espn.com/apis/site/v2/sports/soccer/fifa.world/summary?event=760483,2026-07-04T01:34:37.893118+00:00,,,,
70,760483,Argentina,argentina,7.0,0.0,0.0,3.0,6.0,0.0,73.3,12.0,4.0,0.3,0.0,1.0,737.0,801.0,0.9,3.0,5.0,0.6,25.0,15.0,0.6,1.0,5.0,14.0,0.4,12.0,9.0,9.0,espn_summary_event_760483__fc97ba5f-0f7a-4b38-8317-7e04032ee3eb.json,https://site.api.espn.com/apis/site/v2/sports/soccer/fifa.world/summary?event=760483,2026-07-04T01:34:37.893118+00:00,,,,
51,760463,Switzerland,suica,19.0,1.0,0.0,1.0,2.0,6.0,55.3,6.0,4.0,0.7,0.0,0.0,369.0,443.0,0.8,1.0,6.0,0.2,45.0,17.0,0.4,1.0,7.0,16.0,0.4,4.0,44.0,44.0,espn_summary_event_760463__67346007-8051-4dda-8333-f18c1da094c4.json,https://site.api.espn.com/apis/site/v2/sports/soccer/fifa.world/summary?event=760463,2026-07-04T01:30:20.062610+00:00,,,,
51,760463,Canada,canada,13.0,2.0,0.0,3.0,7.0,2.0,44.7,13.0,7.0,0.5,0.0,0.0,271.0,339.0,0.8,6.0,26.0,0.2,43.0,20.0,0.5,3.0,5.0,9.0,0.6,13.0,19.0,19.0,espn_summary_event_760463__67346007-8051-4dda-8333-f18c1da094c4.json,https://site.api.espn.com/apis/site/v2/sports/soccer/fifa.world/summary?event=760463,2026-07-04T01:30:20.062610+00:00,,,,
72,760482,Congo DR,rd congo,6.0,3.0,0.0,3.0,2.0,1.0,57.6,19.0,4.0,0.2,0.0,1.0,400.0,485.0,0.8,6.0,22.0,0.3,60.0,28.0,0.5,1.0,13.0,20.0,0.7,7.0,25.0,25.0,espn_summary_event_760482__14d836fe-0c32-41df-8e02-29d05367e7c5.json,https://site.api.espn.com/apis/site/v2/sports/soccer/fifa.world/summary?event=760482,2026-07-04T01:34:04.007124+00:00,,,,
72,760482,Uzbekistan,uzbequistao,16.0,2.0,0.0,1.0,4.0,1.0,42.4,3.0,1.0,0.3,0.0,0.0,269.0,355.0,0.8,2.0,16.0,0.1,59.0,21.0,0.4,0.0,18.0,29.0,0.6,12.0,38.0,38.0,espn_summary_event_760482__14d836fe-0c32-41df-8e02-29d05367e7c5.json,https://site.api.espn.com/apis/site/v2/sports/soccer/fifa.world/summary?event=760482,2026-07-04T01:34:04.007124+00:00,,,,
8,760420,Qatar,catar,12.0,2.0,0.0,0.0,3.0,5.0,32.0,6.0,3.0,0.5,0.0,0.0,200.0,278.0,0.7,1.0,9.0,0.1,64.0,19.0,0.3,0.0,9.0,14.0,0.6,11.0,31.0,31.0,espn_summary_event_760420__9686c615-6578-40ee-a0fd-23d246836130.json,https://site.api.espn.com/apis/site/v2/sports/soccer/fifa.world/summary?event=760420,2026-07-04T01:21:51.555955+00:00,,,,
8,760420,Switzerland,suica,11.0,1.0,0.0,1.0,10.0,3.0,68.0,26.0,7.0,0.3,0.0,1.0,527.0,576.0,0.9,6.0,35.0,0.2,35.0,27.0,0.8,9.0,6.0,8.0,0.8,7.0,13.0,13.0,espn_summary_event_760420__9686c615-6578-40ee-a0fd-23d246836130.json,https://site.api.espn.com/apis/site/v2/sports/soccer/fifa.world/summary?event=760420,2026-07-04T01:21:51.555955+00:00,,,,
47,760461,Portugal,portugal,14.0,1.0,0.0,2.0,3.0,2.0,65.9,17.0,9.0,0.5,0.0,0.0,561.0,624.0,0.9,5.0,22.0,0.2,40.0,22.0,0.6,3.0,10.0,14.0,0.7,6.0,16.0,16.0,espn_summary_event_760461__f907ffce-5b74-42d5-9eba-ddb4fbf5728c.json,https://site.api.espn.com/apis/site/v2/sports/soccer/fifa.world/summary?event=760461,2026-07-04T01:29:18.459530+00:00,,,,
47,760461,Uzbekistan,uzbequistao,15.0,1.0,0.0,2.0,2.0,4.0,34.1,7.0,2.0,0.3,0.0,0.0,262.0,327.0,0.8,0.0,8.0,0.0,30.0,9.0,0.3,3.0,13.0,18.0,0.7,14.0,30.0,30.0,espn_summary_event_760461__f907ffce-5b74-42d5-9eba-ddb4fbf5728c.json,https://site.api.espn.com/apis/site/v2/sports/soccer/fifa.world/summary?event=760461,2026-07-04T01:29:18.459530+00:00,,,,
,760514,Quarterfinal 1 Winner,quarterfinal 1 winner,,,,,,,,,,,,,,,,,,,,,,,,,,,,,espn_summary_event_760514__d3d68f68-b1d1-4857-a5fa-45357db115f5.json,https://site.api.espn.com/apis/site/v2/sports/soccer/fifa.world/summary?event=760514,2026-07-04T01:40:13.606536+00:00,,,,
,760514,Quarterfinal 2 Winner,quarterfinal 2 winner,,,,,,,,,,,,,,,,,,,,,,,,,,,,,espn_summary_event_760514__d3d68f68-b1d1-4857-a5fa-45357db115f5.json,https://site.api.espn.com/apis/site/v2/sports/soccer/fifa.world/summary?event=760514,2026-07-04T01:40:13.606536+00:00,,,,
38,760453,Spain,espanha,10.0,0.0,0.0,2.0,6.0,1.0,67.1,22.0,8.0,0.4,0.0,0.0,668.0,726.0,0.9,7.0,25.0,0.3,38.0,28.0,0.7,2.0,8.0,10.0,0.8,13.0,17.0,17.0,espn_summary_event_760453__1285d58d-5776-43fc-92b7-269268c1359b.json,https://site.api.espn.com/apis/site/v2/sports/soccer/fifa.world/summary?event=760453,2026-07-04T01:27:53.021359+00:00,,,,
38,760453,Saudi Arabia,arabia saudita,2.0,2.0,0.0,3.0,1.0,5.0,32.9,3.0,1.0,0.3,0.0,0.0,294.0,364.0,0.8,0.0,5.0,0.0,35.0,14.0,0.4,1.0,12.0,15.0,0.8,13.0,35.0,35.0,espn_summary_event_760453__1285d58d-5776-43fc-92b7-269268c1359b.json,https://site.api.espn.com/apis/site/v2/sports/soccer/fifa.world/summary?event=760453,2026-07-04T01:27:53.021359+00:00,,,,
95,760509,Argentina,argentina,,,,,,,,,,,,,,,,,,,,,,,,,,,,,espn_summary_event_760509__6ff0a0a0-6ff6-463b-a938-f518a1236b9c.json,https://site.api.espn.com/apis/site/v2/sports/soccer/fifa.world/summary?event=760509,2026-07-04T01:39:05.371415+00:00,7.0,8.0,3.0,1.0
95,760509,Egypt,egito,,,,,,,,,,,,,,,,,,,,,,,,,,,,,espn_summary_event_760509__6ff0a0a0-6ff6-463b-a938-f518a1236b9c.json,https://site.api.espn.com/apis/site/v2/sports/soccer/fifa.world/summary?event=760509,2026-07-04T01:39:05.371415+00:00,2.0,5.0,5.0,3.0
3,760416,Canada,canada,10.0,2.0,0.0,1.0,9.0,2.0,61.1,13.0,4.0,0.3,0.0,0.0,310.0,421.0,0.7,5.0,24.0,0.2,41.0,18.0,0.4,4.0,15.0,23.0,0.7,4.0,21.0,21.0,espn_summary_event_760416__df752df7-940c-4899-a3dd-6478a4163cda.json,https://site.api.espn.com/apis/site/v2/sports/soccer/fifa.world/summary?event=760416,2026-07-04T01:20:33.148692+00:00,,,,
3,760416,Bosnia-Herzegovina,bosnia e herzegovina,20.0,3.0,0.0,0.0,4.0,1.0,38.9,8.0,3.0,0.4,0.0,0.0,172.0,271.0,0.6,6.0,10.0,0.6,62.0,17.0,0.3,1.0,12.0,20.0,0.6,11.0,70.0,70.0,espn_summary_event_760416__df752df7-940c-4899-a3dd-6478a4163cda.json,https://site.api.espn.com/apis/site/v2/sports/soccer/fifa.world/summary?event=760416,2026-07-04T01:20:33.148692+00:00,,,,
14,760428,Spain,espanha,10.0,1.0,0.0,2.0,11.0,1.0,74.3,27.0,7.0,0.3,0.0,0.0,734.0,800.0,0.9,6.0,36.0,0.2,30.0,24.0,0.8,8.0,12.0,13.0,0.9,6.0,7.0,7.0,espn_summary_event_760428__09123a91-a30d-49b7-95d9-50f1bb12a7aa.json,https://site.api.espn.com/apis/site/v2/sports/soccer/fifa.world/summary?event=760428,2026-07-04T01:23:18.254196+00:00,,,,
14,760428,Cape Verde,cabo verde,1.0,1.0,0.0,3.0,1.0,7.0,25.7,6.0,1.0,0.2,0.0,0.0,205.0,278.0,0.7,1.0,4.0,0.3,56.0,19.0,0.3,2.0,11.0,18.0,0.6,15.0,46.0,46.0,espn_summary_event_760428__09123a91-a30d-49b7-95d9-50f1bb12a7aa.json,https://site.api.espn.com/apis/site/v2/sports/soccer/fifa.world/summary?event=760428,2026-07-04T01:23:18.254196+00:00,,,,
9,760423,Ivory Coast,costa do marfim,10.0,3.0,0.0,0.0,3.0,1.0,48.4,15.0,4.0,0.3,0.0,0.0,397.0,470.0,0.8,2.0,8.0,0.3,40.0,18.0,0.5,3.0,9.0,14.0,0.6,11.0,29.0,29.0,espn_summary_event_760423__8d54cec2-65ac-4580-82af-09694af2b676.json,https://site.api.espn.com/apis/site/v2/sports/soccer/fifa.world/summary?event=760423,2026-07-04T01:23:00.752569+00:00,,,,
9,760423,Ecuador,equador,13.0,1.0,0.0,0.0,6.0,3.0,51.6,12.0,1.0,0.1,0.0,0.0,419.0,492.0,0.9,4.0,14.0,0.3,36.0,11.0,0.3,3.0,15.0,21.0,0.7,13.0,18.0,18.0,espn_summary_event_760423__8d54cec2-65ac-4580-82af-09694af2b676.json,https://site.api.espn.com/apis/site/v2/sports/soccer/fifa.world/summary?event=760423,2026-07-04T01:23:00.752569+00:00,,,,
34,760446,Ecuador,equador,7.0,1.0,0.0,1.0,9.0,3.0,74.6,27.0,15.0,0.6,0.0,0.0,581.0,644.0,0.9,11.0,33.0,0.3,34.0,14.0,0.4,2.0,11.0,19.0,0.6,7.0,17.0,17.0,espn_summary_event_760446__8a6a37ff-46ab-4bd2-b183-b2c1278183f1.json,https://site.api.espn.com/apis/site/v2/sports/soccer/fifa.world/summary?event=760446,2026-07-04T01:27:35.660243+00:00,,,,
34,760446,Curaçao,curacao,10.0,5.0,0.0,2.0,0.0,15.0,25.4,10.0,3.0,0.3,0.0,0.0,159.0,227.0,0.7,1.0,1.0,1.0,50.0,15.0,0.3,3.0,7.0,17.0,0.4,8.0,32.0,32.0,espn_summary_event_760446__8a6a37ff-46ab-4bd2-b183-b2c1278183f1.json,https://site.api.espn.com/apis/site/v2/sports/soccer/fifa.world/summary?event=760446,2026-07-04T01:27:35.660243+00:00,,,,
71,760481,Colombia,colombia,12.0,1.0,0.0,3.0,5.0,2.0,54.6,24.0,6.0,0.3,0.0,0.0,485.0,544.0,0.9,3.0,11.0,0.3,46.0,25.0,0.5,7.0,8.0,15.0,0.5,6.0,16.0,16.0,espn_summary_event_760481__726692a8-cdaa-42d1-9244-41926a6881e4.json,https://site.api.espn.com/apis/site/v2/sports/soccer/fifa.world/summary?event=760481,2026-07-04T01:33:55.231948+00:00,,,,
71,760481,Portugal,portugal,6.0,0.0,0.0,2.0,2.0,6.0,45.4,13.0,2.0,0.2,0.0,0.0,405.0,446.0,0.9,2.0,13.0,0.2,29.0,20.0,0.7,4.0,5.0,9.0,0.6,13.0,22.0,22.0,espn_summary_event_760481__726692a8-cdaa-42d1-9244-41926a6881e4.json,https://site.api.espn.com/apis/site/v2/sports/soccer/fifa.world/summary?event=760481,2026-07-04T01:33:55.231948+00:00,,,,
91,760504,Brazil,brasil,,,,,,,,,,,,,,,,,,,,,,,,,,,,,espn_summary_event_760504__9a1e4918-08ae-411a-a7fb-cf6dd4f36602.json,https://site.api.espn.com/apis/site/v2/sports/soccer/fifa.world/summary?event=760504,2026-07-04T01:38:13.352187+00:00,7.0,9.0,8.0,2.0
91,760504,Norway,noruega,,,,,,,,,,,,,,,,,,,,,,,,,,,,,espn_summary_event_760504__9a1e4918-08ae-411a-a7fb-cf6dd4f36602.json,https://site.api.espn.com/apis/site/v2/sports/soccer/fifa.world/summary?event=760504,2026-07-04T01:38:13.352187+00:00,2.0,10.0,7.0,8.0
24,760436,Uzbekistan,uzbequistao,14.0,1.0,0.0,0.0,3.0,1.0,38.6,8.0,2.0,0.3,0.0,0.0,243.0,319.0,0.8,3.0,13.0,0.2,53.0,17.0,0.3,2.0,7.0,10.0,0.7,7.0,24.0,24.0,espn_summary_event_760436__578b413c-47fa-433d-a445-3d9a7129dc73.json,https://site.api.espn.com/apis/site/v2/sports/soccer/fifa.world/summary?event=760436,2026-07-04T01:25:26.028476+00:00,,,,
24,760436,Colombia,colombia,11.0,1.0,0.0,3.0,4.0,1.0,61.4,15.0,4.0,0.3,0.0,0.0,444.0,519.0,0.9,6.0,16.0,0.4,48.0,17.0,0.4,4.0,3.0,10.0,0.3,6.0,20.0,20.0,espn_summary_event_760436__578b413c-47fa-433d-a445-3d9a7129dc73.json,https://site.api.espn.com/apis/site/v2/sports/soccer/fifa.world/summary?event=760436,2026-07-04T01:25:26.028476+00:00,,,,
77,760492,France,franca,14.0,0.0,0.0,3.0,9.0,3.0,61.0,25.0,12.0,0.5,0.0,0.0,484.0,551.0,0.9,4.0,17.0,0.2,36.0,17.0,0.5,4.0,7.0,13.0,0.5,5.0,23.0,23.0,espn_summary_event_760492__3cbbb970-a2e6-4594-9ce6-8c6af8da7dbd.json,https://site.api.espn.com/apis/site/v2/sports/soccer/fifa.world/summary?event=760492,2026-07-04T01:35:46.905725+00:00,,,,
77,760492,Sweden,suecia,10.0,0.0,0.0,1.0,1.0,9.0,39.0,8.0,3.0,0.4,0.0,0.0,278.0,350.0,0.8,3.0,11.0,0.3,45.0,11.0,0.2,1.0,9.0,13.0,0.7,12.0,26.0,26.0,espn_summary_event_760492__3cbbb970-a2e6-4594-9ce6-8c6af8da7dbd.json,https://site.api.espn.com/apis/site/v2/sports/soccer/fifa.world/summary?event=760492,2026-07-04T01:35:46.905725+00:00,,,,
52,760462,Bosnia-Herzegovina,bosnia e herzegovina,9.0,1.0,0.0,1.0,5.0,2.0,54.4,14.0,5.0,0.4,0.0,0.0,452.0,515.0,0.9,3.0,22.0,0.1,50.0,30.0,0.6,5.0,9.0,10.0,0.9,4.0,22.0,22.0,espn_summary_event_760462__1106ebb5-738d-4238-8cb3-e881fb34e535.json,https://site.api.espn.com/apis/site/v2/sports/soccer/fifa.world/summary?event=760462,2026-07-04T01:30:11.093035+00:00,,,,
52,760462,Qatar,catar,14.0,1.0,0.0,3.0,5.0,3.0,45.6,9.0,3.0,0.3,0.0,0.0,371.0,434.0,0.9,5.0,17.0,0.3,52.0,16.0,0.3,0.0,5.0,13.0,0.4,4.0,24.0,24.0,espn_summary_event_760462__1106ebb5-738d-4238-8cb3-e881fb34e535.json,https://site.api.espn.com/apis/site/v2/sports/soccer/fifa.world/summary?event=760462,2026-07-04T01:30:11.093035+00:00,,,,
36,760449,Tunisia,tunisia,8.0,0.0,0.0,1.0,3.0,1.0,37.9,2.0,0.0,0.0,0.0,0.0,284.0,354.0,0.8,2.0,10.0,0.2,56.0,16.0,0.3,1.0,16.0,18.0,0.9,14.0,23.0,23.0,espn_summary_event_760449__3e60e735-1a29-4da8-a364-ee02a1417372.json,https://site.api.espn.com/apis/site/v2/sports/soccer/fifa.world/summary?event=760449,2026-07-04T01:27:44.134302+00:00,,,,
36,760449,Japan,japao,15.0,0.0,0.0,1.0,5.0,0.0,62.1,11.0,5.0,0.5,0.0,0.0,521.0,583.0,0.9,2.0,11.0,0.2,32.0,18.0,0.6,3.0,12.0,18.0,0.7,7.0,25.0,25.0,espn_summary_event_760449__3e60e735-1a29-4da8-a364-ee02a1417372.json,https://site.api.espn.com/apis/site/v2/sports/soccer/fifa.world/summary?event=760449,2026-07-04T01:27:44.134302+00:00,,,,
,760430,Iraq,iraq,12.0,1.0,0.0,1.0,2.0,2.0,38.7,11.0,1.0,0.1,0.0,0.0,271.0,334.0,0.8,6.0,13.0,0.5,54.0,22.0,0.4,2.0,13.0,19.0,0.7,5.0,20.0,20.0,espn_summary_event_760430__0e53b211-6e2a-4626-8e49-f06089e819ab.json,https://site.api.espn.com/apis/site/v2/sports/soccer/fifa.world/summary?event=760430,2026-07-04T01:24:17.785314+00:00,,,,
,760430,Norway,noruega,13.0,0.0,0.0,0.0,5.0,0.0,61.3,12.0,5.0,0.4,0.0,0.0,477.0,537.0,0.9,7.0,17.0,0.4,42.0,18.0,0.4,3.0,10.0,15.0,0.7,2.0,22.0,22.0,espn_summary_event_760430__0e53b211-6e2a-4626-8e49-f06089e819ab.json,https://site.api.espn.com/apis/site/v2/sports/soccer/fifa.world/summary?event=760430,2026-07-04T01:24:17.785314+00:00,,,,
,760474,Senegal,senegal,10.0,2.0,0.0,1.0,12.0,1.0,69.2,28.0,12.0,0.4,0.0,0.0,517.0,590.0,0.9,7.0,25.0,0.3,43.0,23.0,0.5,5.0,9.0,12.0,0.8,2.0,10.0,10.0,espn_summary_event_760474__6aa507d7-dafc-450d-a062-6f2352d5c308.json,https://site.api.espn.com/apis/site/v2/sports/soccer/fifa.world/summary?event=760474,2026-07-04T01:32:38.157993+00:00,,,,
,760474,Iraq,iraq,11.0,2.0,1.0,0.0,3.0,7.0,30.8,6.0,1.0,0.2,0.0,0.0,184.0,266.0,0.7,0.0,6.0,0.0,68.0,13.0,0.2,4.0,13.0,20.0,0.7,7.0,34.0,34.0,espn_summary_event_760474__6aa507d7-dafc-450d-a062-6f2352d5c308.json,https://site.api.espn.com/apis/site/v2/sports/soccer/fifa.world/summary?event=760474,2026-07-04T01:32:38.157993+00:00,,,,
75,760488,Netherlands,paises baixos,18.0,0.0,0.0,3.0,5.0,5.0,29.9,6.0,2.0,0.3,0.0,0.0,292.0,371.0,0.8,3.0,10.0,0.3,47.0,16.0,0.3,3.0,10.0,19.0,0.5,11.0,22.0,22.0,espn_summary_event_760488__71387d98-23e5-461f-a00e-ca3a14182a3b.json,https://site.api.espn.com/apis/site/v2/sports/soccer/fifa.world/summary?event=760488,2026-07-04T01:35:12.722917+00:00,,,,
75,760488,Morocco,marrocos,15.0,1.0,0.0,0.0,8.0,1.0,70.1,11.0,5.0,0.5,0.0,0.0,801.0,879.0,0.9,4.0,18.0,0.2,48.0,21.0,0.4,2.0,14.0,19.0,0.7,11.0,34.0,34.0,espn_summary_event_760488__71387d98-23e5-461f-a00e-ca3a14182a3b.json,https://site.api.espn.com/apis/site/v2/sports/soccer/fifa.world/summary?event=760488,2026-07-04T01:35:12.722917+00:00,,,,
43,760456,Argentina,argentina,13.0,2.0,0.0,2.0,1.0,1.0,53.6,12.0,5.0,0.4,0.0,1.0,494.0,554.0,0.9,1.0,4.0,0.3,27.0,12.0,0.4,3.0,11.0,21.0,0.5,8.0,35.0,35.0,espn_summary_event_760456__aafddf57-ac0e-4e0a-a01c-8832aab64b82.json,https://site.api.espn.com/apis/site/v2/sports/soccer/fifa.world/summary?event=760456,2026-07-04T01:28:44.917364+00:00,,,,
43,760456,Austria,austria,13.0,2.0,0.0,0.0,3.0,2.0,46.4,6.0,1.0,0.2,0.0,0.0,401.0,468.0,0.9,3.0,17.0,0.2,21.0,11.0,0.5,0.0,7.0,12.0,0.6,9.0,15.0,15.0,espn_summary_event_760456__aafddf57-ac0e-4e0a-a01c-8832aab64b82.json,https://site.api.espn.com/apis/site/v2/sports/soccer/fifa.world/summary?event=760456,2026-07-04T01:28:44.917364+00:00,,,,
57,760471,Japan,japao,20.0,1.0,0.0,3.0,2.0,4.0,52.3,8.0,3.0,0.4,0.0,0.0,378.0,445.0,0.8,4.0,13.0,0.3,49.0,18.0,0.4,2.0,7.0,13.0,0.5,4.0,40.0,40.0,espn_summary_event_760471__d2131264-8036-436e-9dc5-397cbaac8942.json,https://site.api.espn.com/apis/site/v2/sports/soccer/fifa.world/summary?event=760471,2026-07-04T01:31:37.584482+00:00,,,,
57,760471,Sweden,suecia,11.0,2.0,0.0,2.0,8.0,2.0,47.7,11.0,5.0,0.5,0.0,0.0,312.0,395.0,0.8,4.0,16.0,0.3,50.0,18.0,0.4,3.0,3.0,7.0,0.4,5.0,21.0,21.0,espn_summary_event_760471__d2131264-8036-436e-9dc5-397cbaac8942.json,https://site.api.espn.com/apis/site/v2/sports/soccer/fifa.world/summary?event=760471,2026-07-04T01:31:37.584482+00:00,,,,
16,760426,Belgium,belgica,15.0,2.0,0.0,0.0,2.0,2.0,53.6,15.0,3.0,0.2,0.0,0.0,391.0,455.0,0.9,6.0,16.0,0.4,30.0,18.0,0.6,5.0,11.0,17.0,0.6,10.0,25.0,25.0,espn_summary_event_760426__6a1a9fbe-cfc0-4719-bc13-a5ae924e890f.json,https://site.api.espn.com/apis/site/v2/sports/soccer/fifa.world/summary?event=760426,2026-07-04T01:23:26.787394+00:00,,,,
16,760426,Egypt,egito,15.0,2.0,0.0,1.0,7.0,3.0,46.4,14.0,3.0,0.2,0.0,0.0,323.0,398.0,0.8,2.0,13.0,0.2,53.0,20.0,0.4,7.0,17.0,28.0,0.6,16.0,17.0,17.0,espn_summary_event_760426__6a1a9fbe-cfc0-4719-bc13-a5ae924e890f.json,https://site.api.espn.com/apis/site/v2/sports/soccer/fifa.world/summary?event=760426,2026-07-04T01:23:26.787394+00:00,,,,
20,760431,Austria,austria,12.0,1.0,0.0,3.0,4.0,3.0,63.2,11.0,4.0,0.4,0.0,1.0,487.0,580.0,0.8,3.0,17.0,0.2,47.0,18.0,0.4,1.0,7.0,17.0,0.4,15.0,24.0,24.0,espn_summary_event_760431__6986a2fe-ad5a-4312-a9d8-9632cae7c363.json,https://site.api.espn.com/apis/site/v2/sports/soccer/fifa.world/summary?event=760431,2026-07-04T01:24:34.914248+00:00,,,,
20,760431,Jordan,jordania,7.0,0.0,0.0,1.0,3.0,1.0,36.8,11.0,4.0,0.4,0.0,0.0,241.0,332.0,0.7,3.0,15.0,0.2,52.0,23.0,0.4,2.0,6.0,15.0,0.4,12.0,39.0,39.0,espn_summary_event_760431__6986a2fe-ad5a-4312-a9d8-9632cae7c363.json,https://site.api.espn.com/apis/site/v2/sports/soccer/fifa.world/summary?event=760431,2026-07-04T01:24:34.914248+00:00,,,,
13,760429,Saudi Arabia,arabia saudita,11.0,1.0,0.0,0.0,4.0,9.0,33.2,7.0,3.0,0.4,0.0,0.0,236.0,322.0,0.7,3.0,6.0,0.5,41.0,10.0,0.2,1.0,8.0,11.0,0.7,9.0,43.0,43.0,espn_summary_event_760429__8deef1af-2e0e-48b2-b504-0073744867d7.json,https://site.api.espn.com/apis/site/v2/sports/soccer/fifa.world/summary?event=760429,2026-07-04T01:23:35.792845+00:00,,,,
13,760429,Uruguay,uruguai,6.0,0.0,0.0,6.0,14.0,2.0,66.8,27.0,10.0,0.4,0.0,0.0,540.0,612.0,0.9,16.0,47.0,0.3,41.0,24.0,0.6,7.0,2.0,3.0,0.7,10.0,17.0,17.0,espn_summary_event_760429__8deef1af-2e0e-48b2-b504-0073744867d7.json,https://site.api.espn.com/apis/site/v2/sports/soccer/fifa.world/summary?event=760429,2026-07-04T01:23:35.792845+00:00,,,,
19,760433,Argentina,argentina,13.0,0.0,0.0,3.0,2.0,0.0,47.8,10.0,6.0,0.6,0.0,0.0,504.0,561.0,0.9,1.0,6.0,0.2,32.0,17.0,0.5,1.0,19.0,27.0,0.7,10.0,17.0,17.0,espn_summary_event_760433__89093508-3461-465a-bba7-3b5bbf58387f.json,https://site.api.espn.com/apis/site/v2/sports/soccer/fifa.world/summary?event=760433,2026-07-04T01:24:26.502348+00:00,,,,
19,760433,Algeria,argelia,8.0,0.0,0.0,1.0,2.0,3.0,52.2,7.0,1.0,0.0,0.0,0.0,563.0,609.0,0.9,1.0,9.0,0.1,25.0,15.0,0.6,3.0,10.0,17.0,0.6,8.0,12.0,12.0,espn_summary_event_760433__89093508-3461-465a-bba7-3b5bbf58387f.json,https://site.api.espn.com/apis/site/v2/sports/soccer/fifa.world/summary?event=760433,2026-07-04T01:24:26.502348+00:00,,,,
86,760500,Argentina,argentina,13.0,1.0,0.0,3.0,8.0,3.0,63.6,22.0,10.0,0.5,0.0,0.0,780.0,850.0,0.9,6.0,15.0,0.4,39.0,25.0,0.6,7.0,13.0,22.0,0.6,9.0,24.0,24.0,espn_summary_event_760500__bc7280e1-db30-4e2f-a92c-f4d1f704abba.json,https://site.api.espn.com/apis/site/v2/sports/soccer/fifa.world/summary?event=760500,2026-07-04T01:37:20.933650+00:00,,,,
86,760500,Cape Verde,cabo verde,12.0,1.0,0.0,2.0,8.0,8.0,36.4,16.0,5.0,0.3,0.0,0.0,408.0,475.0,0.9,6.0,21.0,0.3,50.0,22.0,0.4,6.0,7.0,19.0,0.4,9.0,26.0,26.0,espn_summary_event_760500__bc7280e1-db30-4e2f-a92c-f4d1f704abba.json,https://site.api.espn.com/apis/site/v2/sports/soccer/fifa.world/summary?event=760500,2026-07-04T01:37:20.933650+00:00,,,,
68,760480,Croatia,croacia,9.0,1.0,0.0,1.0,3.0,0.0,53.3,8.0,4.0,0.5,0.0,0.0,477.0,523.0,0.9,3.0,15.0,0.2,38.0,16.0,0.4,2.0,8.0,14.0,0.6,4.0,23.0,23.0,espn_summary_event_760480__e4e1aa47-776f-4af5-82fd-e756b67e0ef5.json,https://site.api.espn.com/apis/site/v2/sports/soccer/fifa.world/summary?event=760480,2026-07-04T01:33:37.233146+00:00,,,,
68,760480,Ghana,gana,13.0,1.0,0.0,2.0,2.0,2.0,46.7,6.0,1.0,0.2,0.0,0.0,402.0,455.0,0.9,3.0,12.0,0.3,39.0,18.0,0.5,2.0,7.0,13.0,0.5,9.0,11.0,11.0,espn_summary_event_760480__e4e1aa47-776f-4af5-82fd-e756b67e0ef5.json,https://site.api.espn.com/apis/site/v2/sports/soccer/fifa.world/summary?event=760480,2026-07-04T01:33:37.233146+00:00,,,,
30,760445,Scotland,escocia,11.0,1.0,0.0,1.0,2.0,1.0,41.1,6.0,0.0,0.0,0.0,0.0,388.0,456.0,0.9,3.0,13.0,0.2,47.0,20.0,0.4,3.0,12.0,20.0,0.6,9.0,17.0,17.0,espn_summary_event_760445__bbd081b8-ff8f-4650-84c0-78a9c7500c7c.json,https://site.api.espn.com/apis/site/v2/sports/soccer/fifa.world/summary?event=760445,2026-07-04T01:26:35.530237+00:00,,,,
30,760445,Morocco,marrocos,8.0,1.0,0.0,0.0,5.0,0.0,58.9,12.0,2.0,0.2,0.0,0.0,600.0,670.0,0.9,2.0,10.0,0.2,44.0,14.0,0.3,4.0,6.0,10.0,0.6,5.0,14.0,14.0,espn_summary_event_760445__bbd081b8-ff8f-4650-84c0-78a9c7500c7c.json,https://site.api.espn.com/apis/site/v2/sports/soccer/fifa.world/summary?event=760445,2026-07-04T01:26:35.530237+00:00,,,,
40,760452,New Zealand,nova zelandia,14.0,2.0,0.0,3.0,4.0,4.0,44.4,11.0,5.0,0.5,0.0,0.0,337.0,421.0,0.8,3.0,15.0,0.2,50.0,20.0,0.4,3.0,6.0,12.0,0.5,4.0,22.0,22.0,espn_summary_event_760452__8a5508a4-9e9b-42dc-bbcd-2a5a97b663ab.json,https://site.api.espn.com/apis/site/v2/sports/soccer/fifa.world/summary?event=760452,2026-07-04T01:28:19.429654+00:00,,,,
40,760452,Egypt,egito,8.0,1.0,0.0,0.0,4.0,4.0,55.6,19.0,7.0,0.4,0.0,0.0,460.0,526.0,0.9,7.0,22.0,0.3,48.0,22.0,0.5,6.0,13.0,16.0,0.8,6.0,37.0,37.0,espn_summary_event_760452__8a5508a4-9e9b-42dc-bbcd-2a5a97b663ab.json,https://site.api.espn.com/apis/site/v2/sports/soccer/fifa.world/summary?event=760452,2026-07-04T01:28:19.429654+00:00,,,,
4,760417,United States,estados unidos,13.0,1.0,0.0,2.0,3.0,1.0,65.3,16.0,6.0,0.4,0.0,0.0,509.0,598.0,0.9,3.0,19.0,0.2,48.0,26.0,0.5,4.0,7.0,9.0,0.8,9.0,15.0,15.0,espn_summary_event_760417__f89dedbd-719b-41f2-a68f-26eae0350852.json,https://site.api.espn.com/apis/site/v2/sports/soccer/fifa.world/summary?event=760417,2026-07-04T01:20:41.644716+00:00,,,,
4,760417,Paraguay,paraguai,17.0,5.0,0.0,1.0,1.0,3.0,34.7,9.0,1.0,0.1,0.0,0.0,232.0,319.0,0.7,1.0,5.0,0.0,59.0,20.0,0.3,5.0,16.0,21.0,0.8,10.0,33.0,33.0,espn_summary_event_760417__f89dedbd-719b-41f2-a68f-26eae0350852.json,https://site.api.espn.com/apis/site/v2/sports/soccer/fifa.world/summary?event=760417,2026-07-04T01:20:41.644716+00:00,,,,
,760512,Round of 16 3 Winner,round of 16 3 winner,,,,,,,,,,,,,,,,,,,,,,,,,,,,,espn_summary_event_760512__b7349807-e13f-4633-ace3-78abb75f64aa.json,https://site.api.espn.com/apis/site/v2/sports/soccer/fifa.world/summary?event=760512,2026-07-04T01:39:40.691806+00:00,,,,
,760512,Round of 16 4 Winner,round of 16 4 winner,,,,,,,,,,,,,,,,,,,,,,,,,,,,,espn_summary_event_760512__b7349807-e13f-4633-ace3-78abb75f64aa.json,https://site.api.espn.com/apis/site/v2/sports/soccer/fifa.world/summary?event=760512,2026-07-04T01:39:40.691806+00:00,,,,
11,760425,Netherlands,paises baixos,7.0,3.0,0.0,1.0,5.0,1.0,59.8,10.0,6.0,0.6,0.0,0.0,463.0,524.0,0.9,8.0,21.0,0.4,35.0,16.0,0.5,1.0,5.0,11.0,0.5,7.0,23.0,23.0,espn_summary_event_760425__f2f7b7a1-6474-465c-a8e6-1bb41d0a1647.json,https://site.api.espn.com/apis/site/v2/sports/soccer/fifa.world/summary?event=760425,2026-07-04T01:22:35.159178+00:00,,,,
11,760425,Japan,japao,7.0,0.0,0.0,0.0,4.0,4.0,40.2,10.0,3.0,0.3,0.0,0.0,286.0,341.0,0.8,6.0,23.0,0.3,36.0,13.0,0.4,1.0,10.0,11.0,0.9,4.0,32.0,32.0,espn_summary_event_760425__f2f7b7a1-6474-465c-a8e6-1bb41d0a1647.json,https://site.api.espn.com/apis/site/v2/sports/soccer/fifa.world/summary?event=760425,2026-07-04T01:22:35.159178+00:00,,,,
67,760485,Panama,panama,16.0,2.0,0.0,4.0,3.0,4.0,32.9,13.0,2.0,0.2,0.0,0.0,202.0,268.0,0.8,3.0,9.0,0.3,54.0,25.0,0.5,3.0,11.0,16.0,0.7,6.0,34.0,34.0,espn_summary_event_760485__6b2ee72c-e485-439b-9e35-6af560a822de.json,https://site.api.espn.com/apis/site/v2/sports/soccer/fifa.world/summary?event=760485,2026-07-04T01:33:46.197190+00:00,,,,
67,760485,England,inglaterra,13.0,1.0,0.0,4.0,7.0,2.0,67.1,17.0,6.0,0.4,0.0,0.0,490.0,558.0,0.9,4.0,25.0,0.2,36.0,20.0,0.6,3.0,17.0,18.0,0.9,5.0,20.0,20.0,espn_summary_event_760485__6b2ee72c-e485-439b-9e35-6af560a822de.json,https://site.api.espn.com/apis/site/v2/sports/soccer/fifa.world/summary?event=760485,2026-07-04T01:33:46.197190+00:00,,,,
74,760489,Germany,alemanha,18.0,2.0,0.0,4.0,16.0,2.0,75.6,21.0,6.0,0.3,0.0,0.0,725.0,805.0,0.9,9.0,55.0,0.2,40.0,27.0,0.7,8.0,7.0,13.0,0.5,4.0,23.0,23.0,espn_summary_event_760489__feb79357-dffa-4f8a-a0d9-e551fb45bee6.json,https://site.api.espn.com/apis/site/v2/sports/soccer/fifa.world/summary?event=760489,2026-07-04T01:35:04.229924+00:00,,,,
74,760489,Paraguay,paraguai,12.0,2.0,0.0,1.0,6.0,6.0,24.4,7.0,3.0,0.4,0.0,0.0,160.0,255.0,0.6,6.0,21.0,0.3,78.0,20.0,0.3,2.0,20.0,33.0,0.6,13.0,55.0,55.0,espn_summary_event_760489__feb79357-dffa-4f8a-a0d9-e551fb45bee6.json,https://site.api.espn.com/apis/site/v2/sports/soccer/fifa.world/summary?event=760489,2026-07-04T01:35:04.229924+00:00,,,,
,760457,France,franca,8.0,0.0,0.0,1.0,4.0,0.0,55.6,19.0,5.0,0.3,0.0,0.0,540.0,603.0,0.9,2.0,14.0,0.1,30.0,17.0,0.6,4.0,9.0,14.0,0.6,5.0,9.0,9.0,espn_summary_event_760457__46cf969c-c833-43e9-b544-607465044169.json,https://site.api.espn.com/apis/site/v2/sports/soccer/fifa.world/summary?event=760457,2026-07-04T01:28:53.237649+00:00,,,,
,760457,Iraq,iraq,4.0,1.0,0.0,0.0,2.0,2.0,44.4,4.0,0.0,0.0,0.0,0.0,413.0,481.0,0.9,4.0,9.0,0.4,51.0,21.0,0.4,1.0,8.0,16.0,0.5,10.0,28.0,28.0,espn_summary_event_760457__46cf969c-c833-43e9-b544-607465044169.json,https://site.api.espn.com/apis/site/v2/sports/soccer/fifa.world/summary?event=760457,2026-07-04T01:28:53.237649+00:00,,,,
61,760475,Norway,noruega,9.0,1.0,0.0,1.0,4.0,5.0,43.3,10.0,4.0,0.4,0.0,1.0,343.0,421.0,0.8,3.0,9.0,0.3,40.0,18.0,0.5,3.0,11.0,17.0,0.6,13.0,16.0,16.0,espn_summary_event_760475__1227913f-6a07-49fc-a65b-88b9304a6ee8.json,https://site.api.espn.com/apis/site/v2/sports/soccer/fifa.world/summary?event=760475,2026-07-04T01:32:29.894830+00:00,,,,
61,760475,France,franca,11.0,1.0,0.0,2.0,5.0,3.0,56.7,18.0,9.0,0.5,0.0,0.0,480.0,555.0,0.9,3.0,10.0,0.3,53.0,28.0,0.5,3.0,12.0,17.0,0.7,11.0,19.0,19.0,espn_summary_event_760475__1227913f-6a07-49fc-a65b-88b9304a6ee8.json,https://site.api.espn.com/apis/site/v2/sports/soccer/fifa.world/summary?event=760475,2026-07-04T01:32:29.894830+00:00,,,,
25,760438,Czechia,tchequia,12.0,1.0,0.0,2.0,5.0,3.0,38.3,14.0,3.0,0.2,0.0,0.0,272.0,341.0,0.8,7.0,16.0,0.4,45.0,22.0,0.5,3.0,4.0,12.0,0.3,9.0,22.0,22.0,espn_summary_event_760438__0ef912a3-8c81-4f92-bdbc-04f66d4e4fdc.json,https://site.api.espn.com/apis/site/v2/sports/soccer/fifa.world/summary?event=760438,2026-07-04T01:25:34.570667+00:00,,,,
25,760438,South Africa,africa do sul,10.0,2.0,0.0,3.0,5.0,2.0,61.7,17.0,4.0,0.2,0.0,1.0,508.0,563.0,0.9,4.0,17.0,0.2,58.0,30.0,0.5,8.0,11.0,20.0,0.6,9.0,24.0,24.0,espn_summary_event_760438__0ef912a3-8c81-4f92-bdbc-04f66d4e4fdc.json,https://site.api.espn.com/apis/site/v2/sports/soccer/fifa.world/summary?event=760438,2026-07-04T01:25:34.570667+00:00,,,,
,760511,Round of 16 5 Winner,round of 16 5 winner,,,,,,,,,,,,,,,,,,,,,,,,,,,,,espn_summary_event_760511__5e74cd9f-49f3-4ed6-b1b1-be0f2e5d6147.json,https://site.api.espn.com/apis/site/v2/sports/soccer/fifa.world/summary?event=760511,2026-07-04T01:39:32.113943+00:00,,,,
,760511,Round of 16 6 Winner,round of 16 6 winner,,,,,,,,,,,,,,,,,,,,,,,,,,,,,espn_summary_event_760511__5e74cd9f-49f3-4ed6-b1b1-be0f2e5d6147.json,https://site.api.espn.com/apis/site/v2/sports/soccer/fifa.world/summary?event=760511,2026-07-04T01:39:32.113943+00:00,,,,
7,760419,Brazil,brasil,16.0,2.0,0.0,0.0,6.0,2.0,51.4,12.0,5.0,0.4,0.0,0.0,449.0,514.0,0.9,4.0,16.0,0.3,36.0,18.0,0.5,3.0,13.0,23.0,0.6,5.0,23.0,23.0,espn_summary_event_760419__fa32bb37-6b9c-4034-b106-2f859e0d0fe0.json,https://site.api.espn.com/apis/site/v2/sports/soccer/fifa.world/summary?event=760419,2026-07-04T01:21:59.995576+00:00,,,,
7,760419,Morocco,marrocos,14.0,0.0,0.0,1.0,2.0,4.0,48.6,14.0,3.0,0.2,0.0,0.0,419.0,486.0,0.9,2.0,15.0,0.1,52.0,17.0,0.3,6.0,18.0,26.0,0.7,5.0,17.0,17.0,espn_summary_event_760419__fa32bb37-6b9c-4034-b106-2f859e0d0fe0.json,https://site.api.espn.com/apis/site/v2/sports/soccer/fifa.world/summary?event=760419,2026-07-04T01:21:59.995576+00:00,,,,
69,760484,Algeria,argelia,3.0,0.0,0.0,1.0,0.0,1.0,65.0,12.0,5.0,0.4,0.0,0.0,706.0,754.0,0.9,0.0,5.0,0.0,44.0,26.0,0.6,2.0,5.0,11.0,0.5,4.0,18.0,18.0,espn_summary_event_760484__193e92e1-7fb8-4416-9658-2102d81767ee.json,https://site.api.espn.com/apis/site/v2/sports/soccer/fifa.world/summary?event=760484,2026-07-04T01:34:28.866037+00:00,,,,
69,760484,Austria,austria,7.0,1.0,0.0,3.0,3.0,2.0,35.0,10.0,3.0,0.3,0.0,0.0,346.0,396.0,0.9,3.0,13.0,0.2,32.0,14.0,0.4,1.0,4.0,11.0,0.4,10.0,19.0,19.0,espn_summary_event_760484__193e92e1-7fb8-4416-9658-2102d81767ee.json,https://site.api.espn.com/apis/site/v2/sports/soccer/fifa.world/summary?event=760484,2026-07-04T01:34:28.866037+00:00,,,,
89,760502,Canada,canada,,,,,,,,,,,,,,,,,,,,,,,,,,,,,espn_summary_event_760502__52717877-03eb-4568-a070-1a117d953132.json,https://site.api.espn.com/apis/site/v2/sports/soccer/fifa.world/summary?event=760502,2026-07-04T01:37:56.225506+00:00,6.0,9.0,3.0,3.0
89,760502,Morocco,marrocos,,,,,,,,,,,,,,,,,,,,,,,,,,,,,espn_summary_event_760502__52717877-03eb-4568-a070-1a117d953132.json,https://site.api.espn.com/apis/site/v2/sports/soccer/fifa.world/summary?event=760502,2026-07-04T01:37:56.225506+00:00,3.0,7.0,6.0,4.0
35,760447,Netherlands,paises baixos,9.0,0.0,0.0,3.0,2.0,7.0,50.9,10.0,7.0,0.7,0.0,0.0,398.0,449.0,0.9,3.0,16.0,0.2,35.0,18.0,0.5,1.0,8.0,15.0,0.5,8.0,24.0,24.0,espn_summary_event_760447__efc7e956-3a25-437e-bbcd-4663c9efce5d.json,https://site.api.espn.com/apis/site/v2/sports/soccer/fifa.world/summary?event=760447,2026-07-04T01:27:02.088019+00:00,,,,
35,760447,Sweden,suecia,12.0,3.0,0.0,3.0,5.0,2.0,49.1,16.0,8.0,0.5,0.0,0.0,361.0,425.0,0.8,3.0,21.0,0.1,30.0,6.0,0.2,3.0,9.0,18.0,0.5,5.0,14.0,14.0,espn_summary_event_760447__efc7e956-3a25-437e-bbcd-4663c9efce5d.json,https://site.api.espn.com/apis/site/v2/sports/soccer/fifa.world/summary?event=760447,2026-07-04T01:27:02.088019+00:00,,,,
46,760460,Panama,panama,19.0,1.0,0.0,1.0,7.0,1.0,42.0,8.0,1.0,0.1,0.0,0.0,277.0,352.0,0.8,6.0,31.0,0.2,54.0,25.0,0.5,2.0,5.0,10.0,0.5,5.0,29.0,29.0,espn_summary_event_760460__31360300-6a11-4a8c-8ec0-aeeb87ea191b.json,https://site.api.espn.com/apis/site/v2/sports/soccer/fifa.world/summary?event=760460,2026-07-04T01:29:53.548689+00:00,,,,
46,760460,Croatia,croacia,12.0,1.0,0.0,2.0,2.0,1.0,58.0,6.0,2.0,0.3,0.0,0.0,432.0,512.0,0.8,5.0,18.0,0.3,51.0,19.0,0.4,1.0,7.0,19.0,0.4,5.0,38.0,38.0,espn_summary_event_760460__31360300-6a11-4a8c-8ec0-aeeb87ea191b.json,https://site.api.espn.com/apis/site/v2/sports/soccer/fifa.world/summary?event=760460,2026-07-04T01:29:53.548689+00:00,,,,
60,760469,Paraguay,paraguai,9.0,1.0,0.0,0.0,1.0,5.0,44.0,7.0,2.0,0.3,0.0,0.0,330.0,426.0,0.8,0.0,7.0,0.0,59.0,14.0,0.2,1.0,17.0,24.0,0.7,8.0,24.0,24.0,espn_summary_event_760469__d186fc53-aff5-4297-804b-06d806acb5b9.json,https://site.api.espn.com/apis/site/v2/sports/soccer/fifa.world/summary?event=760469,2026-07-04T01:32:11.737352+00:00,,,,
60,760469,Australia,australia,6.0,1.0,0.0,0.0,3.0,2.0,56.0,12.0,5.0,0.4,0.0,0.0,438.0,537.0,0.8,4.0,13.0,0.3,58.0,17.0,0.3,3.0,12.0,20.0,0.6,7.0,10.0,10.0,espn_summary_event_760469__d186fc53-aff5-4297-804b-06d806acb5b9.json,https://site.api.espn.com/apis/site/v2/sports/soccer/fifa.world/summary?event=760469,2026-07-04T01:32:11.737352+00:00,,,,
93,760506,Portugal,portugal,,,,,,,,,,,,,,,,,,,,,,,,,,,,,espn_summary_event_760506__7e90e63c-490c-45b9-9938-987b68b87608.json,https://site.api.espn.com/apis/site/v2/sports/soccer/fifa.world/summary?event=760506,2026-07-04T01:38:31.270147+00:00,6.0,8.0,4.0,2.0
93,760506,Spain,espanha,,,,,,,,,,,,,,,,,,,,,,,,,,,,,espn_summary_event_760506__7e90e63c-490c-45b9-9938-987b68b87608.json,https://site.api.espn.com/apis/site/v2/sports/soccer/fifa.world/summary?event=760506,2026-07-04T01:38:31.270147+00:00,8.0,8.0,7.0,0.0
49,760465,Scotland,escocia,10.0,1.0,0.0,0.0,7.0,5.0,46.0,14.0,5.0,0.4,0.0,0.0,450.0,500.0,0.9,9.0,23.0,0.4,33.0,17.0,0.5,3.0,8.0,12.0,0.7,2.0,13.0,13.0,espn_summary_event_760465__199f3d80-6010-496c-8288-3fe6069f61f6.json,https://site.api.espn.com/apis/site/v2/sports/soccer/fifa.world/summary?event=760465,2026-07-04T01:30:37.571571+00:00,,,,
49,760465,Brazil,brasil,11.0,2.0,0.0,1.0,7.0,5.0,54.0,21.0,9.0,0.4,0.0,0.0,564.0,605.0,0.9,2.0,12.0,0.2,27.0,12.0,0.4,5.0,6.0,14.0,0.4,13.0,24.0,24.0,espn_summary_event_760465__199f3d80-6010-496c-8288-3fe6069f61f6.json,https://site.api.espn.com/apis/site/v2/sports/soccer/fifa.world/summary?event=760465,2026-07-04T01:30:37.571571+00:00,,,,
92,760505,Mexico,mexico,,,,,,,,,,,,,,,,,,,,,,,,,,,,,espn_summary_event_760505__ba160e02-0984-4e16-ba6f-38404e7e2fc3.json,https://site.api.espn.com/apis/site/v2/sports/soccer/fifa.world/summary?event=760505,2026-07-04T01:38:22.058009+00:00,8.0,8.0,7.0,0.0
92,760505,England,inglaterra,,,,,,,,,,,,,,,,,,,,,,,,,,,,,espn_summary_event_760505__ba160e02-0984-4e16-ba6f-38404e7e2fc3.json,https://site.api.espn.com/apis/site/v2/sports/soccer/fifa.world/summary?event=760505,2026-07-04T01:38:22.058009+00:00,5.0,8.0,7.0,3.0
41,760454,Norway,noruega,13.0,0.0,0.0,0.0,5.0,2.0,41.7,13.0,7.0,0.5,0.0,0.0,282.0,353.0,0.8,3.0,10.0,0.3,51.0,25.0,0.5,3.0,9.0,10.0,0.9,8.0,26.0,26.0,espn_summary_event_760454__714e1f84-6520-40e4-9136-ab47d597756a.json,https://site.api.espn.com/apis/site/v2/sports/soccer/fifa.world/summary?event=760454,2026-07-04T01:29:01.490057+00:00,,,,
41,760454,Senegal,senegal,5.0,0.0,0.0,4.0,4.0,3.0,58.3,16.0,4.0,0.3,0.0,0.0,430.0,489.0,0.9,8.0,23.0,0.3,58.0,37.0,0.6,5.0,7.0,16.0,0.4,10.0,18.0,18.0,espn_summary_event_760454__714e1f84-6520-40e4-9136-ab47d597756a.json,https://site.api.espn.com/apis/site/v2/sports/soccer/fifa.world/summary?event=760454,2026-07-04T01:29:01.490057+00:00,,,,
65,760478,Cape Verde,cabo verde,10.0,1.0,0.0,2.0,4.0,3.0,51.0,15.0,2.0,0.1,0.0,0.0,381.0,451.0,0.8,2.0,18.0,0.1,55.0,29.0,0.5,5.0,12.0,15.0,0.8,13.0,29.0,29.0,espn_summary_event_760478__b15d0895-a05a-4cfe-a356-b23838ab9872.json,https://site.api.espn.com/apis/site/v2/sports/soccer/fifa.world/summary?event=760478,2026-07-04T01:32:47.164331+00:00,,,,
65,760478,Saudi Arabia,arabia saudita,16.0,3.0,0.0,0.0,2.0,2.0,49.0,7.0,3.0,0.4,0.0,0.0,359.0,444.0,0.8,3.0,11.0,0.3,50.0,21.0,0.4,3.0,15.0,29.0,0.5,11.0,25.0,25.0,espn_summary_event_760478__b15d0895-a05a-4cfe-a356-b23838ab9872.json,https://site.api.espn.com/apis/site/v2/sports/soccer/fifa.world/summary?event=760478,2026-07-04T01:32:47.164331+00:00,,,,
,760513,Round of 16 7 Winner,round of 16 7 winner,,,,,,,,,,,,,,,,,,,,,,,,,,,,,espn_summary_event_760513__63015144-fa6f-42f2-997c-dd3ffe3889a7.json,https://site.api.espn.com/apis/site/v2/sports/soccer/fifa.world/summary?event=760513,2026-07-04T01:39:49.925376+00:00,,,,
,760513,Round of 16 8 Winner,round of 16 8 winner,,,,,,,,,,,,,,,,,,,,,,,,,,,,,espn_summary_event_760513__63015144-fa6f-42f2-997c-dd3ffe3889a7.json,https://site.api.espn.com/apis/site/v2/sports/soccer/fifa.world/summary?event=760513,2026-07-04T01:39:49.925376+00:00,,,,
39,760451,Belgium,belgica,7.0,1.0,1.0,3.0,4.0,3.0,70.1,23.0,7.0,0.3,0.0,0.0,533.0,621.0,0.9,6.0,32.0,0.2,35.0,12.0,0.3,6.0,7.0,12.0,0.6,3.0,11.0,11.0,espn_summary_event_760451__e5912319-8908-4138-a238-91063966e252.json,https://site.api.espn.com/apis/site/v2/sports/soccer/fifa.world/summary?event=760451,2026-07-04T01:28:02.133409+00:00,,,,
39,760451,Iran,ira,9.0,1.0,0.0,4.0,2.0,7.0,29.9,7.0,3.0,0.4,0.0,0.0,198.0,270.0,0.7,2.0,8.0,0.3,50.0,18.0,0.4,1.0,11.0,19.0,0.6,12.0,51.0,51.0,espn_summary_event_760451__e5912319-8908-4138-a238-91063966e252.json,https://site.api.espn.com/apis/site/v2/sports/soccer/fifa.world/summary?event=760451,2026-07-04T01:28:02.133409+00:00,,,,
2,760414,South Korea,coreia do sul,9.0,1.0,0.0,2.0,4.0,3.0,61.5,15.0,6.0,0.4,0.0,0.0,469.0,541.0,0.9,3.0,12.0,0.3,61.0,30.0,0.5,4.0,4.0,7.0,0.6,9.0,32.0,32.0,espn_summary_event_760414__4d6c61c3-cf44-4465-b579-bd70d6900297.json,https://site.api.espn.com/apis/site/v2/sports/soccer/fifa.world/summary?event=760414,2026-07-04T01:20:24.816532+00:00,,,,
2,760414,Czechia,tchequia,16.0,0.0,0.0,2.0,5.0,4.0,38.5,7.0,4.0,0.6,0.0,0.0,230.0,327.0,0.7,3.0,15.0,0.2,69.0,23.0,0.3,1.0,7.0,9.0,0.8,6.0,21.0,21.0,espn_summary_event_760414__4d6c61c3-cf44-4465-b579-bd70d6900297.json,https://site.api.espn.com/apis/site/v2/sports/soccer/fifa.world/summary?event=760414,2026-07-04T01:20:24.816532+00:00,,,,
26,760439,Switzerland,suica,7.0,1.0,0.0,3.0,7.0,2.0,62.3,13.0,7.0,0.5,0.0,1.0,516.0,586.0,0.9,1.0,23.0,0.0,50.0,25.0,0.5,3.0,13.0,19.0,0.7,5.0,17.0,17.0,espn_summary_event_760439__d735307f-d27a-44ed-8de0-951759cee319.json,https://site.api.espn.com/apis/site/v2/sports/soccer/fifa.world/summary?event=760439,2026-07-04T01:25:43.661592+00:00,,,,
26,760439,Bosnia-Herzegovina,bosnia e herzegovina,18.0,2.0,1.0,1.0,3.0,3.0,37.7,5.0,3.0,0.6,0.0,0.0,287.0,354.0,0.8,1.0,12.0,0.0,48.0,13.0,0.3,1.0,3.0,13.0,0.2,11.0,36.0,36.0,espn_summary_event_760439__d735307f-d27a-44ed-8de0-951759cee319.json,https://site.api.espn.com/apis/site/v2/sports/soccer/fifa.world/summary?event=760439,2026-07-04T01:25:43.661592+00:00,,,,
94,760507,United States,estados unidos,,,,,,,,,,,,,,,,,,,,,,,,,,,,,espn_summary_event_760507__098d0469-662b-4bf6-83a0-ecedbedea5d0.json,https://site.api.espn.com/apis/site/v2/sports/soccer/fifa.world/summary?event=760507,2026-07-04T01:38:40.114453+00:00,6.0,10.0,4.0,4.0
94,760507,Belgium,belgica,,,,,,,,,,,,,,,,,,,,,,,,,,,,,espn_summary_event_760507__098d0469-662b-4bf6-83a0-ecedbedea5d0.json,https://site.api.espn.com/apis/site/v2/sports/soccer/fifa.world/summary?event=760507,2026-07-04T01:38:40.114453+00:00,5.0,9.0,5.0,4.0
28,760441,Mexico,mexico,9.0,0.0,0.0,3.0,1.0,2.0,42.4,8.0,4.0,0.5,0.0,0.0,349.0,427.0,0.8,4.0,6.0,0.7,56.0,16.0,0.3,1.0,7.0,14.0,0.5,6.0,20.0,20.0,espn_summary_event_760441__d137c2a0-1bd5-4c02-9341-ad2c50267b9d.json,https://site.api.espn.com/apis/site/v2/sports/soccer/fifa.world/summary?event=760441,2026-07-04T01:26:01.335655+00:00,,,,
28,760441,South Korea,coreia do sul,7.0,2.0,0.0,6.0,2.0,3.0,57.6,9.0,2.0,0.2,0.0,0.0,488.0,578.0,0.8,5.0,9.0,0.6,64.0,23.0,0.4,3.0,10.0,17.0,0.6,5.0,12.0,12.0,espn_summary_event_760441__d137c2a0-1bd5-4c02-9341-ad2c50267b9d.json,https://site.api.espn.com/apis/site/v2/sports/soccer/fifa.world/summary?event=760441,2026-07-04T01:26:01.335655+00:00,,,,
17,760432,France,franca,5.0,0.0,0.0,1.0,6.0,2.0,53.4,11.0,8.0,0.7,0.0,0.0,505.0,575.0,0.9,0.0,9.0,0.0,44.0,20.0,0.5,2.0,14.0,19.0,0.7,7.0,14.0,14.0,espn_summary_event_760432__d040fbc8-8a25-4ac4-9775-89905ca13d04.json,https://site.api.espn.com/apis/site/v2/sports/soccer/fifa.world/summary?event=760432,2026-07-04T01:24:09.446630+00:00,,,,
17,760432,Senegal,senegal,9.0,0.0,0.0,3.0,4.0,5.0,46.6,6.0,2.0,0.3,0.0,0.0,430.0,502.0,0.9,1.0,9.0,0.1,49.0,25.0,0.5,1.0,10.0,14.0,0.7,8.0,17.0,17.0,espn_summary_event_760432__d040fbc8-8a25-4ac4-9775-89905ca13d04.json,https://site.api.espn.com/apis/site/v2/sports/soccer/fifa.world/summary?event=760432,2026-07-04T01:24:09.446630+00:00,,,,
48,760459,Colombia,colombia,12.0,2.0,0.0,7.0,5.0,1.0,63.5,20.0,9.0,0.5,0.0,0.0,473.0,541.0,0.9,3.0,12.0,0.3,66.0,40.0,0.6,6.0,6.0,10.0,0.6,10.0,18.0,18.0,espn_summary_event_760459__5c26ec81-fd22-4fb4-a3cb-a4c62a463343.json,https://site.api.espn.com/apis/site/v2/sports/soccer/fifa.world/summary?event=760459,2026-07-04T01:30:01.917792+00:00,,,,
48,760459,Congo DR,rd congo,16.0,1.0,0.0,0.0,4.0,8.0,36.5,7.0,1.0,0.1,0.0,0.0,226.0,299.0,0.8,4.0,14.0,0.3,48.0,14.0,0.3,2.0,10.0,15.0,0.7,7.0,19.0,19.0,espn_summary_event_760459__5c26ec81-fd22-4fb4-a3cb-a4c62a463343.json,https://site.api.espn.com/apis/site/v2/sports/soccer/fifa.world/summary?event=760459,2026-07-04T01:30:01.917792+00:00,,,,
76,760487,Brazil,brasil,4.0,2.0,0.0,1.0,6.0,1.0,68.6,19.0,7.0,0.4,0.0,0.0,625.0,682.0,0.9,10.0,39.0,0.3,45.0,21.0,0.5,6.0,7.0,12.0,0.6,9.0,19.0,19.0,espn_summary_event_760487__0e246bfb-12cf-4be2-9332-acf2ff89e487.json,https://site.api.espn.com/apis/site/v2/sports/soccer/fifa.world/summary?event=760487,2026-07-04T01:34:55.184674+00:00,,,,
76,760487,Japan,japao,13.0,3.0,0.0,0.0,2.0,4.0,31.4,5.0,2.0,0.4,0.0,0.0,260.0,313.0,0.8,2.0,11.0,0.2,45.0,24.0,0.5,2.0,4.0,10.0,0.4,6.0,45.0,45.0,espn_summary_event_760487__0e246bfb-12cf-4be2-9332-acf2ff89e487.json,https://site.api.espn.com/apis/site/v2/sports/soccer/fifa.world/summary?event=760487,2026-07-04T01:34:55.184674+00:00,,,,
,760516,Semifinal 1 Loser,semifinal 1 loser,,,,,,,,,,,,,,,,,,,,,,,,,,,,,espn_summary_event_760516__ae82d336-b0ad-480d-bf8d-3857eb15b185.json,https://site.api.espn.com/apis/site/v2/sports/soccer/fifa.world/summary?event=760516,2026-07-04T01:40:30.616543+00:00,,,,
,760516,Semifinal 2 Loser,semifinal 2 loser,,,,,,,,,,,,,,,,,,,,,,,,,,,,,espn_summary_event_760516__ae82d336-b0ad-480d-bf8d-3857eb15b185.json,https://site.api.espn.com/apis/site/v2/sports/soccer/fifa.world/summary?event=760516,2026-07-04T01:40:30.616543+00:00,,,,
56,760468,Ecuador,equador,15.0,3.0,0.0,1.0,3.0,2.0,38.9,7.0,3.0,0.4,0.0,0.0,312.0,378.0,0.8,3.0,13.0,0.2,50.0,24.0,0.5,2.0,16.0,26.0,0.6,12.0,30.0,30.0,espn_summary_event_760468__9969e492-c58b-4632-85b0-ebd828c79f84.json,https://site.api.espn.com/apis/site/v2/sports/soccer/fifa.world/summary?event=760468,2026-07-04T01:31:28.916889+00:00,,,,
56,760468,Germany,alemanha,10.0,1.0,0.0,0.0,2.0,1.0,61.1,11.0,3.0,0.3,0.0,0.0,517.0,592.0,0.9,5.0,16.0,0.3,37.0,17.0,0.5,5.0,13.0,20.0,0.7,4.0,15.0,15.0,espn_summary_event_760468__9969e492-c58b-4632-85b0-ebd828c79f84.json,https://site.api.espn.com/apis/site/v2/sports/soccer/fifa.world/summary?event=760468,2026-07-04T01:31:28.916889+00:00,,,,
82,760493,Belgium,belgica,22.0,1.0,0.0,2.0,4.0,3.0,52.3,19.0,5.0,0.3,0.0,1.0,602.0,701.0,0.9,7.0,26.0,0.3,50.0,25.0,0.5,5.0,5.0,12.0,0.4,8.0,28.0,28.0,espn_summary_event_760493__8a2e412b-a792-446b-99b8-e8817cffd743.json,https://site.api.espn.com/apis/site/v2/sports/soccer/fifa.world/summary?event=760493,2026-07-04T01:36:12.896351+00:00,,,,
82,760493,Senegal,senegal,12.0,1.0,0.0,2.0,2.0,3.0,47.7,19.0,5.0,0.3,0.0,0.0,536.0,639.0,0.8,5.0,22.0,0.2,84.0,34.0,0.4,3.0,4.0,12.0,0.3,11.0,31.0,31.0,espn_summary_event_760493__8a2e412b-a792-446b-99b8-e8817cffd743.json,https://site.api.espn.com/apis/site/v2/sports/soccer/fifa.world/summary?event=760493,2026-07-04T01:36:12.896351+00:00,,,,
81,760494,United States,estados unidos,7.0,0.0,1.0,3.0,4.0,3.0,48.4,8.0,2.0,0.3,0.0,0.0,349.0,415.0,0.8,3.0,14.0,0.2,42.0,17.0,0.4,2.0,8.0,12.0,0.7,7.0,28.0,28.0,espn_summary_event_760494__2dd271ed-d1c4-4ae6-a96c-bbace0052adf.json,https://site.api.espn.com/apis/site/v2/sports/soccer/fifa.world/summary?event=760494,2026-07-04T01:36:21.348688+00:00,,,,
81,760494,Bosnia-Herzegovina,bosnia e herzegovina,13.0,1.0,0.0,0.0,3.0,0.0,51.6,10.0,3.0,0.3,0.0,0.0,365.0,447.0,0.8,0.0,13.0,0.0,50.0,12.0,0.2,3.0,12.0,15.0,0.8,7.0,26.0,26.0,espn_summary_event_760494__2dd271ed-d1c4-4ae6-a96c-bbace0052adf.json,https://site.api.espn.com/apis/site/v2/sports/soccer/fifa.world/summary?event=760494,2026-07-04T01:36:21.348688+00:00,,,,
15,760427,Iran,ira,10.0,1.0,0.0,2.0,4.0,6.0,48.5,17.0,4.0,0.2,0.0,0.0,314.0,409.0,0.8,6.0,19.0,0.3,61.0,27.0,0.4,5.0,10.0,17.0,0.6,11.0,27.0,27.0,espn_summary_event_760427__21591027-ce83-4bb9-88bd-e0da988c2400.json,https://site.api.espn.com/apis/site/v2/sports/soccer/fifa.world/summary?event=760427,2026-07-04T01:23:44.365245+00:00,,,,
15,760427,New Zealand,nova zelandia,8.0,0.0,0.0,0.0,1.0,2.0,51.5,14.0,8.0,0.6,0.0,0.0,376.0,446.0,0.8,1.0,12.0,0.1,40.0,21.0,0.5,2.0,10.0,13.0,0.8,15.0,26.0,26.0,espn_summary_event_760427__21591027-ce83-4bb9-88bd-e0da988c2400.json,https://site.api.espn.com/apis/site/v2/sports/soccer/fifa.world/summary?event=760427,2026-07-04T01:23:44.365245+00:00,,,,
,760517,Semifinal 1 Winner,semifinal 1 winner,,,,,,,,,,,,,,,,,,,,,,,,,,,,,espn_summary_event_760517__ecd33c35-6885-4af9-bec7-9ea2dd0ebe0a.json,https://site.api.espn.com/apis/site/v2/sports/soccer/fifa.world/summary?event=760517,2026-07-04T01:40:39.449441+00:00,,,,
,760517,Semifinal 2 Winner,semifinal 2 winner,,,,,,,,,,,,,,,,,,,,,,,,,,,,,espn_summary_event_760517__ecd33c35-6885-4af9-bec7-9ea2dd0ebe0a.json,https://site.api.espn.com/apis/site/v2/sports/soccer/fifa.world/summary?event=760517,2026-07-04T01:40:39.449441+00:00,,,,
45,760458,England,inglaterra,14.0,1.0,0.0,2.0,9.0,0.0,78.9,19.0,3.0,0.2,0.0,0.0,586.0,633.0,0.9,7.0,30.0,0.2,26.0,14.0,0.5,6.0,7.0,14.0,0.5,1.0,6.0,6.0,espn_summary_event_760458__81fb4ab1-41a5-4e90-9070-5ba5592b083b.json,https://site.api.espn.com/apis/site/v2/sports/soccer/fifa.world/summary?event=760458,2026-07-04T01:29:26.935486+00:00,,,,
45,760458,Ghana,gana,24.0,1.0,0.0,2.0,2.0,3.0,21.1,2.0,1.0,0.5,0.0,0.0,127.0,172.0,0.7,0.0,5.0,0.0,57.0,24.0,0.4,1.0,17.0,22.0,0.8,8.0,39.0,39.0,espn_summary_event_760458__81fb4ab1-41a5-4e90-9070-5ba5592b083b.json,https://site.api.espn.com/apis/site/v2/sports/soccer/fifa.world/summary?event=760458,2026-07-04T01:29:26.935486+00:00,,,,
84,760497,Spain,espanha,8.0,0.0,0.0,2.0,9.0,0.0,64.4,23.0,10.0,0.4,0.0,0.0,570.0,629.0,0.9,7.0,21.0,0.3,35.0,23.0,0.7,7.0,12.0,19.0,0.6,6.0,15.0,15.0,espn_summary_event_760497__dd9a113b-57d3-4433-af30-8a8ec5ef1345.json,https://site.api.espn.com/apis/site/v2/sports/soccer/fifa.world/summary?event=760497,2026-07-04T01:36:46.929497+00:00,,,,
84,760497,Austria,austria,15.0,1.0,0.0,5.0,0.0,6.0,35.6,5.0,0.0,0.0,0.0,0.0,285.0,347.0,0.8,3.0,13.0,0.2,37.0,14.0,0.4,1.0,8.0,16.0,0.5,6.0,21.0,21.0,espn_summary_event_760497__dd9a113b-57d3-4433-af30-8a8ec5ef1345.json,https://site.api.espn.com/apis/site/v2/sports/soccer/fifa.world/summary?event=760497,2026-07-04T01:36:46.929497+00:00,,,,
78,760490,Ivory Coast,costa do marfim,6.0,0.0,0.0,2.0,14.0,1.0,47.0,14.0,5.0,0.4,0.0,0.0,339.0,401.0,0.8,7.0,29.0,0.2,38.0,17.0,0.4,1.0,18.0,24.0,0.8,4.0,11.0,11.0,espn_summary_event_760490__225db397-de56-4d58-b95e-4d8685a9287d.json,https://site.api.espn.com/apis/site/v2/sports/soccer/fifa.world/summary?event=760490,2026-07-04T01:35:38.638349+00:00,,,,
78,760490,Norway,noruega,7.0,1.0,0.0,2.0,3.0,4.0,53.0,9.0,4.0,0.4,0.0,0.0,415.0,474.0,0.9,5.0,10.0,0.5,32.0,16.0,0.5,3.0,11.0,19.0,0.6,5.0,37.0,37.0,espn_summary_event_760490__225db397-de56-4d58-b95e-4d8685a9287d.json,https://site.api.espn.com/apis/site/v2/sports/soccer/fifa.world/summary?event=760490,2026-07-04T01:35:38.638349+00:00,,,,
59,760470,Türkiye,turquia,13.0,0.0,0.0,2.0,2.0,5.0,47.4,9.0,3.0,0.3,0.0,0.0,335.0,434.0,0.8,0.0,12.0,0.0,66.0,24.0,0.4,2.0,20.0,32.0,0.6,9.0,24.0,24.0,espn_summary_event_760470__29c3ec3d-5e01-482a-9296-d96691fbec8d.json,https://site.api.espn.com/apis/site/v2/sports/soccer/fifa.world/summary?event=760470,2026-07-04T01:32:20.852937+00:00,,,,
59,760470,United States,estados unidos,13.0,1.0,0.0,5.0,9.0,1.0,52.6,18.0,7.0,0.4,0.0,0.0,398.0,471.0,0.8,5.0,19.0,0.3,42.0,16.0,0.4,5.0,9.0,14.0,0.6,9.0,27.0,27.0,espn_summary_event_760470__29c3ec3d-5e01-482a-9296-d96691fbec8d.json,https://site.api.espn.com/apis/site/v2/sports/soccer/fifa.world/summary?event=760470,2026-07-04T01:32:20.852937+00:00,,,,
12,760424,Sweden,suecia,10.0,0.0,0.0,3.0,4.0,1.0,48.7,13.0,7.0,0.5,0.0,0.0,278.0,356.0,0.8,3.0,12.0,0.3,58.0,22.0,0.4,3.0,9.0,14.0,0.6,6.0,23.0,23.0,espn_summary_event_760424__198b2437-e058-4843-b5e6-2001bd8aa733.json,https://site.api.espn.com/apis/site/v2/sports/soccer/fifa.world/summary?event=760424,2026-07-04T01:23:09.974791+00:00,,,,
12,760424,Tunisia,tunisia,8.0,1.0,0.0,6.0,2.0,1.0,51.3,6.0,2.0,0.3,0.0,0.0,292.0,371.0,0.8,3.0,13.0,0.2,53.0,24.0,0.5,1.0,12.0,21.0,0.6,6.0,13.0,13.0,espn_summary_event_760424__198b2437-e058-4843-b5e6-2001bd8aa733.json,https://site.api.espn.com/apis/site/v2/sports/soccer/fifa.world/summary?event=760424,2026-07-04T01:23:09.974791+00:00,,,,
53,760467,Czechia,tchequia,9.0,0.0,0.0,1.0,5.0,2.0,51.9,13.0,1.0,0.1,0.0,0.0,333.0,398.0,0.8,5.0,26.0,0.2,53.0,20.0,0.4,4.0,7.0,12.0,0.6,5.0,20.0,20.0,espn_summary_event_760467__e61bce47-f2ad-4cc2-97af-b40688e8c21c.json,https://site.api.espn.com/apis/site/v2/sports/soccer/fifa.world/summary?event=760467,2026-07-04T01:31:02.111227+00:00,,,,
53,760467,Mexico,mexico,13.0,1.0,0.0,0.0,1.0,1.0,48.1,11.0,5.0,0.5,0.0,0.0,330.0,386.0,0.9,1.0,12.0,0.1,55.0,34.0,0.6,2.0,8.0,12.0,0.7,7.0,30.0,30.0,espn_summary_event_760467__e61bce47-f2ad-4cc2-97af-b40688e8c21c.json,https://site.api.espn.com/apis/site/v2/sports/soccer/fifa.world/summary?event=760467,2026-07-04T01:31:02.111227+00:00,,,,
87,760501,Colombia,colombia,1.0,0.0,0.0,0.0,0.0,0.0,76.9,0.0,0.0,0.0,0.0,0.0,37.0,40.0,0.9,0.0,0.0,0.0,3.0,2.0,0.7,0.0,0.0,0.0,0.0,0.0,2.0,2.0,espn_summary_event_760501__39723858-ddec-468f-beac-95e8c7e4f9b1.json,https://site.api.espn.com/apis/site/v2/sports/soccer/fifa.world/summary?event=760501,2026-07-04T01:37:29.932767+00:00,,,,
87,760501,Ghana,gana,0.0,0.0,0.0,0.0,0.0,0.0,23.1,1.0,0.0,0.0,0.0,0.0,8.0,11.0,0.7,0.0,1.0,0.0,2.0,0.0,0.0,0.0,0.0,2.0,0.0,0.0,0.0,0.0,espn_summary_event_760501__39723858-ddec-468f-beac-95e8c7e4f9b1.json,https://site.api.espn.com/apis/site/v2/sports/soccer/fifa.world/summary?event=760501,2026-07-04T01:37:29.932767+00:00,,,,
33,760448,Germany,alemanha,5.0,0.0,0.0,0.0,8.0,1.0,59.5,16.0,7.0,0.4,0.0,0.0,555.0,624.0,0.9,5.0,21.0,0.2,31.0,18.0,0.6,4.0,17.0,26.0,0.7,8.0,14.0,14.0,espn_summary_event_760448__577e4972-6e03-4749-bc84-6163617e7663.json,https://site.api.espn.com/apis/site/v2/sports/soccer/fifa.world/summary?event=760448,2026-07-04T01:27:11.160652+00:00,,,,
33,760448,Ivory Coast,costa do marfim,7.0,0.0,0.0,1.0,3.0,5.0,40.5,9.0,2.0,0.2,0.0,0.0,367.0,431.0,0.9,5.0,9.0,0.6,57.0,28.0,0.5,5.0,11.0,20.0,0.6,13.0,26.0,26.0,espn_summary_event_760448__577e4972-6e03-4749-bc84-6163617e7663.json,https://site.api.espn.com/apis/site/v2/sports/soccer/fifa.world/summary?event=760448,2026-07-04T01:27:11.160652+00:00,,,,
,760510,Round of 16 1 Winner,round of 16 1 winner,,,,,,,,,,,,,,,,,,,,,,,,,,,,,espn_summary_event_760510__21b7547a-e6ec-4434-b2aa-96df8def1142.json,https://site.api.espn.com/apis/site/v2/sports/soccer/fifa.world/summary?event=760510,2026-07-04T01:39:22.904200+00:00,,,,
,760510,Round of 16 2 Winner,round of 16 2 winner,,,,,,,,,,,,,,,,,,,,,,,,,,,,,espn_summary_event_760510__21b7547a-e6ec-4434-b2aa-96df8def1142.json,https://site.api.espn.com/apis/site/v2/sports/soccer/fifa.world/summary?event=760510,2026-07-04T01:39:22.904200+00:00,,,,
23,760435,Portugal,portugal,9.0,3.0,0.0,3.0,5.0,1.0,75.4,7.0,1.0,0.1,0.0,0.0,724.0,783.0,0.9,6.0,23.0,0.3,64.0,41.0,0.6,2.0,6.0,12.0,0.5,3.0,10.0,10.0,espn_summary_event_760435__2df402b7-8f85-4a07-b6bb-22ec1d7ac17a.json,https://site.api.espn.com/apis/site/v2/sports/soccer/fifa.world/summary?event=760435,2026-07-04T01:24:43.442912+00:00,,,,
23,760435,Congo DR,rd congo,10.0,1.0,0.0,2.0,4.0,0.0,24.6,8.0,2.0,0.3,0.0,0.0,195.0,249.0,0.8,1.0,10.0,0.1,40.0,11.0,0.3,3.0,9.0,17.0,0.5,5.0,27.0,27.0,espn_summary_event_760435__2df402b7-8f85-4a07-b6bb-22ec1d7ac17a.json,https://site.api.espn.com/apis/site/v2/sports/soccer/fifa.world/summary?event=760435,2026-07-04T01:24:43.442912+00:00,,,,
32,760442,United States,estados unidos,12.0,3.0,0.0,1.0,7.0,2.0,61.9,10.0,2.0,0.2,0.0,0.0,444.0,523.0,0.8,4.0,14.0,0.3,59.0,26.0,0.4,6.0,8.0,20.0,0.4,20.0,31.0,31.0,espn_summary_event_760442__64a22229-88c3-4e0e-a41c-89b0a345f260.json,https://site.api.espn.com/apis/site/v2/sports/soccer/fifa.world/summary?event=760442,2026-07-04T01:26:26.624781+00:00,,,,
32,760442,Australia,australia,16.0,4.0,0.0,0.0,4.0,1.0,38.1,5.0,2.0,0.4,0.0,0.0,219.0,310.0,0.7,4.0,19.0,0.2,46.0,19.0,0.4,0.0,11.0,13.0,0.8,6.0,24.0,24.0,espn_summary_event_760442__64a22229-88c3-4e0e-a41c-89b0a345f260.json,https://site.api.espn.com/apis/site/v2/sports/soccer/fifa.world/summary?event=760442,2026-07-04T01:26:26.624781+00:00,,,,
37,760450,Uruguay,uruguai,11.0,2.0,0.0,3.0,11.0,2.0,65.2,17.0,2.0,0.1,0.0,0.0,420.0,511.0,0.8,4.0,29.0,0.1,48.0,23.0,0.5,7.0,8.0,16.0,0.5,7.0,11.0,11.0,espn_summary_event_760450__ddff54bd-9f43-4c25-a3a5-8f0111270721.json,https://site.api.espn.com/apis/site/v2/sports/soccer/fifa.world/summary?event=760450,2026-07-04T01:28:10.988522+00:00,,,,
37,760450,Cape Verde,cabo verde,4.0,2.0,0.0,0.0,4.0,0.0,34.8,12.0,4.0,0.3,0.0,0.0,205.0,278.0,0.7,2.0,7.0,0.3,61.0,18.0,0.3,4.0,15.0,16.0,0.9,13.0,48.0,48.0,espn_summary_event_760450__ddff54bd-9f43-4c25-a3a5-8f0111270721.json,https://site.api.espn.com/apis/site/v2/sports/soccer/fifa.world/summary?event=760450,2026-07-04T01:28:10.988522+00:00,,,,
66,760479,Uruguay,uruguai,14.0,3.0,1.0,5.0,1.0,0.0,33.1,5.0,1.0,0.2,0.0,0.0,228.0,301.0,0.8,1.0,16.0,0.1,43.0,15.0,0.3,1.0,15.0,25.0,0.6,14.0,14.0,14.0,espn_summary_event_760479__2d830523-d339-4570-836c-7cf806e869dd.json,https://site.api.espn.com/apis/site/v2/sports/soccer/fifa.world/summary?event=760479,2026-07-04T01:32:56.130799+00:00,,,,
66,760479,Spain,espanha,14.0,1.0,0.0,2.0,6.0,2.0,66.9,6.0,1.0,0.2,0.0,0.0,553.0,622.0,0.9,3.0,12.0,0.3,34.0,18.0,0.5,1.0,10.0,17.0,0.6,9.0,23.0,23.0,espn_summary_event_760479__2d830523-d339-4570-836c-7cf806e869dd.json,https://site.api.espn.com/apis/site/v2/sports/soccer/fifa.world/summary?event=760479,2026-07-04T01:32:56.130799+00:00,,,,
29,760444,Brazil,brasil,13.0,1.0,0.0,8.0,4.0,3.0,56.7,8.0,5.0,0.6,0.0,0.0,462.0,525.0,0.9,1.0,9.0,0.1,44.0,20.0,0.5,1.0,10.0,21.0,0.5,10.0,14.0,14.0,espn_summary_event_760444__c8c7df04-f606-45fb-9375-7e60139f1615.json,https://site.api.espn.com/apis/site/v2/sports/soccer/fifa.world/summary?event=760444,2026-07-04T01:26:44.357568+00:00,,,,
29,760444,Haiti,haiti,14.0,3.0,0.0,4.0,4.0,2.0,43.3,7.0,3.0,0.4,0.0,0.0,332.0,399.0,0.8,3.0,11.0,0.3,56.0,31.0,0.6,1.0,10.0,16.0,0.6,9.0,22.0,22.0,espn_summary_event_760444__c8c7df04-f606-45fb-9375-7e60139f1615.json,https://site.api.espn.com/apis/site/v2/sports/soccer/fifa.world/summary?event=760444,2026-07-04T01:26:44.357568+00:00,,,,
1,760415,Mexico,mexico,12.0,1.0,1.0,1.0,3.0,2.0,60.5,16.0,4.0,0.3,0.0,0.0,467.0,520.0,0.9,4.0,12.0,0.3,48.0,31.0,0.6,5.0,6.0,12.0,0.5,8.0,15.0,15.0,espn_summary_event_760415__e639ae55-997b-4015-a2cb-03ee1430a03c.json,https://site.api.espn.com/apis/site/v2/sports/soccer/fifa.world/summary?event=760415,2026-07-04T01:20:15.901933+00:00,,,,
1,760415,South Africa,africa do sul,11.0,2.0,2.0,1.0,1.0,2.0,39.5,3.0,2.0,0.7,0.0,0.0,272.0,334.0,0.8,1.0,8.0,0.1,46.0,17.0,0.4,0.0,7.0,14.0,0.5,7.0,17.0,17.0,espn_summary_event_760415__e639ae55-997b-4015-a2cb-03ee1430a03c.json,https://site.api.espn.com/apis/site/v2/sports/soccer/fifa.world/summary?event=760415,2026-07-04T01:20:15.901933+00:00,,,,
64,760477,New Zealand,nova zelandia,10.0,2.0,0.0,1.0,5.0,5.0,45.5,6.0,2.0,0.3,0.0,0.0,369.0,436.0,0.8,2.0,17.0,0.1,38.0,16.0,0.4,1.0,6.0,10.0,0.6,6.0,35.0,35.0,espn_summary_event_760477__26c76989-8c14-4060-aba4-8a0e99c8ae77.json,https://site.api.espn.com/apis/site/v2/sports/soccer/fifa.world/summary?event=760477,2026-07-04T01:33:28.877940+00:00,,,,
64,760477,Belgium,belgica,7.0,0.0,0.0,1.0,8.0,1.0,54.5,35.0,10.0,0.3,0.0,0.0,462.0,525.0,0.9,6.0,16.0,0.4,46.0,28.0,0.6,12.0,8.0,13.0,0.6,10.0,27.0,27.0,espn_summary_event_760477__26c76989-8c14-4060-aba4-8a0e99c8ae77.json,https://site.api.espn.com/apis/site/v2/sports/soccer/fifa.world/summary?event=760477,2026-07-04T01:33:28.877940+00:00,,,,
88,760499,Australia,australia,12.0,0.0,0.0,0.0,4.0,3.0,41.7,16.0,1.0,0.1,0.0,0.0,403.0,505.0,0.8,7.0,25.0,0.3,58.0,20.0,0.3,9.0,7.0,10.0,0.7,9.0,31.0,31.0,espn_summary_event_760499__b63205f8-cce9-4fbd-bcb0-c7397068ad03.json,https://site.api.espn.com/apis/site/v2/sports/soccer/fifa.world/summary?event=760499,2026-07-04T01:37:12.580535+00:00,,,,
88,760499,Egypt,egito,14.0,2.0,0.0,3.0,7.0,1.0,58.3,14.0,3.0,0.2,0.0,0.0,613.0,722.0,0.8,6.0,24.0,0.3,77.0,36.0,0.5,6.0,7.0,15.0,0.5,8.0,37.0,37.0,espn_summary_event_760499__b63205f8-cce9-4fbd-bcb0-c7397068ad03.json,https://site.api.espn.com/apis/site/v2/sports/soccer/fifa.world/summary?event=760499,2026-07-04T01:37:12.580535+00:00,,,,
54,760466,South Africa,africa do sul,7.0,1.0,0.0,3.0,4.0,2.0,31.6,13.0,4.0,0.3,0.0,0.0,277.0,340.0,0.8,1.0,8.0,0.1,57.0,19.0,0.3,4.0,7.0,11.0,0.6,15.0,40.0,40.0,espn_summary_event_760466__5dcaeeb6-37a9-49ff-b7eb-75e13178bcc7.json,https://site.api.espn.com/apis/site/v2/sports/soccer/fifa.world/summary?event=760466,2026-07-04T01:31:11.001313+00:00,,,,
54,760466,South Korea,coreia do sul,9.0,1.0,0.0,0.0,6.0,3.0,68.4,8.0,3.0,0.4,0.0,0.0,641.0,719.0,0.9,7.0,34.0,0.2,52.0,29.0,0.6,1.0,9.0,12.0,0.8,4.0,16.0,16.0,espn_summary_event_760466__5dcaeeb6-37a9-49ff-b7eb-75e13178bcc7.json,https://site.api.espn.com/apis/site/v2/sports/soccer/fifa.world/summary?event=760466,2026-07-04T01:31:11.001313+00:00,,,,
,760515,Quarterfinal 3 Winner,quarterfinal 3 winner,,,,,,,,,,,,,,,,,,,,,,,,,,,,,espn_summary_event_760515__73693fed-3e7c-4dc6-a57c-ebd936b379e4.json,https://site.api.espn.com/apis/site/v2/sports/soccer/fifa.world/summary?event=760515,2026-07-04T01:40:22.170304+00:00,,,,
,760515,Quarterfinal 4 Winner,quarterfinal 4 winner,,,,,,,,,,,,,,,,,,,,,,,,,,,,,espn_summary_event_760515__73693fed-3e7c-4dc6-a57c-ebd936b379e4.json,https://site.api.espn.com/apis/site/v2/sports/soccer/fifa.world/summary?event=760515,2026-07-04T01:40:22.170304+00:00,,,,
83,760496,Portugal,portugal,6.0,1.0,0.0,1.0,9.0,5.0,60.4,15.0,3.0,0.2,0.0,1.0,533.0,585.0,0.9,6.0,20.0,0.3,39.0,19.0,0.5,4.0,9.0,19.0,0.5,5.0,19.0,19.0,espn_summary_event_760496__55441cde-87e0-498f-b5b9-eea9b4ae5991.json,https://site.api.espn.com/apis/site/v2/sports/soccer/fifa.world/summary?event=760496,2026-07-04T01:36:55.647864+00:00,,,,
83,760496,Croatia,croacia,12.0,2.0,0.0,4.0,5.0,2.0,39.6,13.0,6.0,0.5,0.0,0.0,312.0,370.0,0.8,7.0,22.0,0.3,42.0,18.0,0.4,2.0,11.0,22.0,0.5,10.0,19.0,19.0,espn_summary_event_760496__55441cde-87e0-498f-b5b9-eea9b4ae5991.json,https://site.api.espn.com/apis/site/v2/sports/soccer/fifa.world/summary?event=760496,2026-07-04T01:36:55.647864+00:00,,,,
50,760464,Morocco,marrocos,10.0,0.0,0.0,5.0,9.0,1.0,69.1,22.0,11.0,0.5,0.0,0.0,477.0,541.0,0.9,7.0,22.0,0.3,34.0,17.0,0.5,5.0,8.0,20.0,0.4,8.0,14.0,14.0,espn_summary_event_760464__72a16692-57dc-45a1-916d-968ef2b26c77.json,https://site.api.espn.com/apis/site/v2/sports/soccer/fifa.world/summary?event=760464,2026-07-04T01:30:28.646444+00:00,,,,
50,760464,Haiti,haiti,18.0,3.0,0.0,0.0,1.0,8.0,30.9,9.0,2.0,0.2,0.0,0.0,198.0,247.0,0.8,2.0,3.0,0.7,44.0,21.0,0.5,3.0,12.0,25.0,0.5,16.0,26.0,26.0,espn_summary_event_760464__72a16692-57dc-45a1-916d-968ef2b26c77.json,https://site.api.espn.com/apis/site/v2/sports/soccer/fifa.world/summary?event=760464,2026-07-04T01:30:28.646444+00:00,,,,
,760508,Switzerland,suica,,,,,,,,,,,,,,,,,,,,,,,,,,,,,espn_summary_event_760508__86a1f3bf-2276-4336-b378-e5d3810442f4.json,https://site.api.espn.com/apis/site/v2/sports/soccer/fifa.world/summary?event=760508,2026-07-04T01:39:14.459665+00:00,6.0,9.0,5.0,3.0
,760508,Round of 32 15 Winner,round of 32 15 winner,,,,,,,,,,,,,,,,,,,,,,,,,,,,,espn_summary_event_760508__86a1f3bf-2276-4336-b378-e5d3810442f4.json,https://site.api.espn.com/apis/site/v2/sports/soccer/fifa.world/summary?event=760508,2026-07-04T01:39:14.459665+00:00,,,,
44,760455,Jordan,jordania,11.0,1.0,0.0,1.0,1.0,6.0,27.9,8.0,4.0,0.5,0.0,0.0,181.0,251.0,0.7,2.0,5.0,0.4,53.0,23.0,0.4,0.0,17.0,30.0,0.6,3.0,36.0,36.0,espn_summary_event_760455__2ee0cbec-9d25-43a4-9246-da0de93f2c63.json,https://site.api.espn.com/apis/site/v2/sports/soccer/fifa.world/summary?event=760455,2026-07-04T01:29:10.192807+00:00,,,,
44,760455,Algeria,argelia,6.0,1.0,0.0,0.0,10.0,3.0,72.1,17.0,8.0,0.5,0.0,0.0,561.0,641.0,0.9,5.0,21.0,0.2,44.0,19.0,0.4,5.0,18.0,25.0,0.7,11.0,15.0,15.0,espn_summary_event_760455__2ee0cbec-9d25-43a4-9246-da0de93f2c63.json,https://site.api.espn.com/apis/site/v2/sports/soccer/fifa.world/summary?event=760455,2026-07-04T01:29:10.192807+00:00,,,,
22,760437,England,inglaterra,10.0,0.0,0.0,0.0,8.0,3.0,51.7,22.0,11.0,0.5,0.0,1.0,406.0,474.0,0.9,6.0,13.0,0.5,41.0,15.0,0.4,5.0,7.0,9.0,0.8,7.0,16.0,16.0,espn_summary_event_760437__4faab7fa-ad17-4723-b956-f4fe1ba4c0b8.json,https://site.api.espn.com/apis/site/v2/sports/soccer/fifa.world/summary?event=760437,2026-07-04T01:24:52.353591+00:00,,,,
22,760437,Croatia,croacia,12.0,0.0,0.0,1.0,2.0,7.0,48.3,10.0,5.0,0.5,0.0,0.0,381.0,443.0,0.9,2.0,13.0,0.2,42.0,18.0,0.4,2.0,8.0,11.0,0.7,9.0,17.0,17.0,espn_summary_event_760437__4faab7fa-ad17-4723-b956-f4fe1ba4c0b8.json,https://site.api.espn.com/apis/site/v2/sports/soccer/fifa.world/summary?event=760437,2026-07-04T01:24:52.353591+00:00,,,,
10,760422,Germany,alemanha,18.0,0.0,0.0,0.0,8.0,1.0,64.6,26.0,12.0,0.5,0.0,1.0,554.0,637.0,0.9,5.0,12.0,0.4,25.0,12.0,0.5,8.0,13.0,19.0,0.7,12.0,8.0,8.0,espn_summary_event_760422__bce2abb5-260c-4987-a82b-c80a7e99b1df.json,https://site.api.espn.com/apis/site/v2/sports/soccer/fifa.world/summary?event=760422,2026-07-04T01:22:26.467260+00:00,,,,
10,760422,Curaçao,curacao,11.0,0.0,0.0,1.0,1.0,4.0,35.4,8.0,2.0,0.3,0.0,0.0,282.0,343.0,0.8,2.0,7.0,0.3,44.0,17.0,0.4,0.0,8.0,16.0,0.5,16.0,25.0,25.0,espn_summary_event_760422__bce2abb5-260c-4987-a82b-c80a7e99b1df.json,https://site.api.espn.com/apis/site/v2/sports/soccer/fifa.world/summary?event=760422,2026-07-04T01:22:26.467260+00:00,,,,
90,760503,Paraguay,paraguai,,,,,,,,,,,,,,,,,,,,,,,,,,,,,espn_summary_event_760503__ab4613ca-d6c4-432f-8fbe-1765edad1d8b.json,https://site.api.espn.com/apis/site/v2/sports/soccer/fifa.world/summary?event=760503,2026-07-04T01:38:04.811837+00:00,-2.0,3.0,3.0,5.0
90,760503,France,franca,,,,,,,,,,,,,,,,,,,,,,,,,,,,,espn_summary_event_760503__ab4613ca-d6c4-432f-8fbe-1765edad1d8b.json,https://site.api.espn.com/apis/site/v2/sports/soccer/fifa.world/summary?event=760503,2026-07-04T01:38:04.811837+00:00,11.0,13.0,12.0,2.0
85,760498,Switzerland,suica,10.0,0.0,0.0,0.0,4.0,2.0,44.5,11.0,5.0,0.5,0.0,0.0,355.0,438.0,0.8,4.0,14.0,0.3,52.0,21.0,0.4,2.0,14.0,20.0,0.7,17.0,23.0,23.0,espn_summary_event_760498__53f678bc-42f6-42bb-bf0b-e7a4e9124794.json,https://site.api.espn.com/apis/site/v2/sports/soccer/fifa.world/summary?event=760498,2026-07-04T01:37:04.238473+00:00,,,,
85,760498,Algeria,argelia,12.0,2.0,0.0,2.0,2.0,2.0,55.5,8.0,2.0,0.3,0.0,0.0,478.0,563.0,0.8,1.0,6.0,0.2,63.0,29.0,0.5,3.0,9.0,21.0,0.4,10.0,14.0,14.0,espn_summary_event_760498__53f678bc-42f6-42bb-bf0b-e7a4e9124794.json,https://site.api.espn.com/apis/site/v2/sports/soccer/fifa.world/summary?event=760498,2026-07-04T01:37:04.238473+00:00,,,,
80,760495,England,inglaterra,10.0,1.0,0.0,0.0,5.0,1.0,59.7,16.0,7.0,0.4,0.0,0.0,468.0,517.0,0.9,9.0,43.0,0.2,33.0,19.0,0.6,3.0,6.0,11.0,0.5,7.0,23.0,23.0,espn_summary_event_760495__5d08f3ce-3cd4-457a-8389-3326715ae441.json,https://site.api.espn.com/apis/site/v2/sports/soccer/fifa.world/summary?event=760495,2026-07-04T01:36:04.142365+00:00,,,,
80,760495,Congo DR,rd congo,12.0,1.0,0.0,4.0,3.0,5.0,40.3,7.0,2.0,0.3,0.0,0.0,299.0,365.0,0.8,1.0,13.0,0.1,46.0,18.0,0.4,2.0,8.0,20.0,0.4,3.0,36.0,36.0,espn_summary_event_760495__5d08f3ce-3cd4-457a-8389-3326715ae441.json,https://site.api.espn.com/apis/site/v2/sports/soccer/fifa.world/summary?event=760495,2026-07-04T01:36:04.142365+00:00,,,,
5,760418,Haiti,haiti,23.0,1.0,0.0,3.0,4.0,1.0,53.7,15.0,2.0,0.1,0.0,0.0,367.0,431.0,0.9,5.0,23.0,0.2,59.0,26.0,0.4,4.0,7.0,12.0,0.6,6.0,20.0,20.0,espn_summary_event_760418__d0e0682c-bdc0-4587-be1b-22edc2b8a305.json,https://site.api.espn.com/apis/site/v2/sports/soccer/fifa.world/summary?event=760418,2026-07-04T01:22:08.543507+00:00,,,,
5,760418,Scotland,escocia,21.0,3.0,0.0,1.0,3.0,2.0,46.3,9.0,2.0,0.2,0.0,0.0,307.0,374.0,0.8,5.0,14.0,0.4,58.0,30.0,0.5,2.0,5.0,12.0,0.4,6.0,17.0,17.0,espn_summary_event_760418__d0e0682c-bdc0-4587-be1b-22edc2b8a305.json,https://site.api.espn.com/apis/site/v2/sports/soccer/fifa.world/summary?event=760418,2026-07-04T01:22:08.543507+00:00,,,,
6,760421,Australia,australia,12.0,0.0,0.0,1.0,5.0,8.0,28.4,9.0,4.0,0.4,0.0,0.0,201.0,271.0,0.7,4.0,14.0,0.3,58.0,16.0,0.3,1.0,5.0,15.0,0.3,7.0,55.0,55.0,espn_summary_event_760421__7ba9bfd9-d44a-4b7f-a4a2-a490fa0b7577.json,https://site.api.espn.com/apis/site/v2/sports/soccer/fifa.world/summary?event=760421,2026-07-04T01:22:17.649212+00:00,,,,
6,760421,Türkiye,turquia,4.0,1.0,0.0,3.0,8.0,2.0,71.6,30.0,8.0,0.3,0.0,0.0,635.0,704.0,0.9,2.0,26.0,0.1,28.0,19.0,0.7,12.0,8.0,12.0,0.7,4.0,29.0,29.0,espn_summary_event_760421__7ba9bfd9-d44a-4b7f-a4a2-a490fa0b7577.json,https://site.api.espn.com/apis/site/v2/sports/soccer/fifa.world/summary?event=760421,2026-07-04T01:22:17.649212+00:00,,,,
21,760434,Ghana,gana,9.0,1.0,0.0,4.0,2.0,4.0,38.0,7.0,2.0,0.3,0.0,0.0,292.0,352.0,0.8,4.0,16.0,0.3,52.0,30.0,0.6,1.0,9.0,16.0,0.6,8.0,28.0,28.0,espn_summary_event_760434__f5208f7e-786c-40c4-b361-36c143ff3439.json,https://site.api.espn.com/apis/site/v2/sports/soccer/fifa.world/summary?event=760434,2026-07-04T01:25:17.759052+00:00,,,,
21,760434,Panama,panama,11.0,2.0,0.0,1.0,2.0,2.0,62.0,11.0,4.0,0.4,0.0,0.0,503.0,583.0,0.9,4.0,21.0,0.2,70.0,34.0,0.5,2.0,11.0,29.0,0.4,5.0,17.0,17.0,espn_summary_event_760434__f5208f7e-786c-40c4-b361-36c143ff3439.json,https://site.api.espn.com/apis/site/v2/sports/soccer/fifa.world/summary?event=760434,2026-07-04T01:25:17.759052+00:00,,,,
79,760491,Mexico,mexico,10.0,0.0,0.0,0.0,3.0,1.0,42.8,15.0,3.0,0.2,0.0,0.0,248.0,316.0,0.8,4.0,7.0,0.6,58.0,27.0,0.5,3.0,5.0,10.0,0.5,7.0,39.0,39.0,espn_summary_event_760491__57214f62-2715-44fb-a6ac-c66f4b6b22ff.json,https://site.api.espn.com/apis/site/v2/sports/soccer/fifa.world/summary?event=760491,2026-07-04T01:35:55.887452+00:00,,,,
79,760491,Ecuador,equador,14.0,3.0,1.0,1.0,8.0,1.0,57.2,7.0,1.0,0.1,0.0,0.0,341.0,410.0,0.8,3.0,25.0,0.1,53.0,17.0,0.3,1.0,8.0,11.0,0.7,6.0,19.0,19.0,espn_summary_event_760491__57214f62-2715-44fb-a6ac-c66f4b6b22ff.json,https://site.api.espn.com/apis/site/v2/sports/soccer/fifa.world/summary?event=760491,2026-07-04T01:35:55.887452+00:00,,,,
