jogo,data,fase,equipe1,equipe2,placar_real,selecao,adversario,xg_pro,xg_contra,posse_pct,finalizacoes,finalizacoes_contra,finalizacoes_alvo,finalizacoes_alvo_contra,grandes_chances,grandes_chances_contra,toques_area,toques_area_contra,entradas_terco_final,entradas_terco_final_contra,passes_certos,passes_total,cruzamentos_certos,cruzamentos_total,duelos_aereos_ganhos,duelos_aereos_total,recuperacoes,clearances,interceptacoes,erros_gol,jogador_destaque,rating_sofascore,tipo_desempenho,detalhe_pesquisado,fonte,escopo_dado,gp,gf,ga,xg_total,gols_acima_xg,indice_desempenho_geral,impacto_modelo
1,2026-06-11,Fase de grupos,México,África do Sul,2-0,México,África do Sul,NA,NA,60.5,16.0,3.0,4.0,2.0,NA,NA,NA,NA,NA,NA,467.0,520.0,4.0,12.0,NA,NA,NA,15.0,8.0,NA,NA,NA,espn_estatisticas_time,"ESPN stats: México 2-0 África do Sul; posse 60.5%, finalizações 16.0 (4.0 no alvo), escanteios 3.0, faltas 12.0.",ESPN public API event 760415 | https://site.api.espn.com/apis/site/v2/sports/soccer/fifa.world/scoreboard?dates=2026&limit=500,estatistica_time_partida_espn,NA,NA,NA,NA,NA,NA,0.472
1,2026-06-11,Fase de grupos,México,África do Sul,2-0,África do Sul,México,NA,NA,39.5,3.0,16.0,2.0,4.0,NA,NA,NA,NA,NA,NA,272.0,334.0,1.0,8.0,NA,NA,NA,17.0,7.0,NA,NA,NA,espn_estatisticas_time,"ESPN stats: África do Sul 0-2 México; posse 39.5%, finalizações 3.0 (2.0 no alvo), escanteios 1.0, faltas 11.0.",ESPN public API event 760415 | https://site.api.espn.com/apis/site/v2/sports/soccer/fifa.world/scoreboard?dates=2026&limit=500,estatistica_time_partida_espn,NA,NA,NA,NA,NA,NA,-0.322
2,2026-06-11,Fase de grupos,Coreia do Sul,Tchéquia,2-1,Coreia do Sul,Tchéquia,NA,NA,61.5,15.0,7.0,6.0,4.0,NA,NA,NA,NA,NA,NA,469.0,541.0,3.0,12.0,NA,NA,NA,32.0,9.0,NA,NA,NA,espn_estatisticas_time,"ESPN stats: Coreia do Sul 2-1 Tchéquia; posse 61.5%, finalizações 15.0 (6.0 no alvo), escanteios 4.0, faltas 9.0.",ESPN public API event 760414 | https://site.api.espn.com/apis/site/v2/sports/soccer/fifa.world/scoreboard?dates=2026&limit=500,estatistica_time_partida_espn,NA,NA,NA,NA,NA,NA,0.476
2,2026-06-11,Fase de grupos,Coreia do Sul,Tchéquia,2-1,Tchéquia,Coreia do Sul,NA,NA,38.5,7.0,15.0,4.0,6.0,NA,NA,NA,NA,NA,NA,230.0,327.0,3.0,15.0,NA,NA,NA,21.0,6.0,NA,NA,NA,espn_estatisticas_time,"ESPN stats: Tchéquia 1-2 Coreia do Sul; posse 38.5%, finalizações 7.0 (4.0 no alvo), escanteios 5.0, faltas 16.0.",ESPN public API event 760414 | https://site.api.espn.com/apis/site/v2/sports/soccer/fifa.world/scoreboard?dates=2026&limit=500,estatistica_time_partida_espn,NA,NA,NA,NA,NA,NA,-0.326
3,2026-06-12,Fase de grupos,Canadá,Bósnia e Herzegovina,1-1,Canadá,Bósnia e Herzegovina,NA,NA,61.1,13.0,8.0,4.0,3.0,NA,NA,NA,NA,NA,NA,310.0,421.0,5.0,24.0,NA,NA,NA,21.0,4.0,NA,NA,NA,espn_estatisticas_time,"ESPN stats: Canadá 1-1 Bósnia e Herzegovina; posse 61.1%, finalizações 13.0 (4.0 no alvo), escanteios 9.0, faltas 10.0.",ESPN public API event 760416 | https://site.api.espn.com/apis/site/v2/sports/soccer/fifa.world/scoreboard?dates=2026&limit=500,estatistica_time_partida_espn,NA,NA,NA,NA,NA,NA,0.1344
3,2026-06-12,Fase de grupos,Canadá,Bósnia e Herzegovina,1-1,Bósnia e Herzegovina,Canadá,NA,NA,38.9,8.0,13.0,3.0,4.0,NA,NA,NA,NA,NA,NA,172.0,271.0,6.0,10.0,NA,NA,NA,70.0,11.0,NA,NA,NA,espn_estatisticas_time,"ESPN stats: Bósnia e Herzegovina 1-1 Canadá; posse 38.9%, finalizações 8.0 (3.0 no alvo), escanteios 4.0, faltas 20.0.",ESPN public API event 760416 | https://site.api.espn.com/apis/site/v2/sports/soccer/fifa.world/scoreboard?dates=2026&limit=500,estatistica_time_partida_espn,NA,NA,NA,NA,NA,NA,-0.0344
4,2026-06-12,Fase de grupos,Estados Unidos,Paraguai,4-1,Estados Unidos,Paraguai,NA,NA,65.3,16.0,9.0,6.0,1.0,NA,NA,NA,NA,NA,NA,509.0,598.0,3.0,19.0,NA,NA,NA,15.0,9.0,NA,NA,NA,espn_estatisticas_time,"ESPN stats: Estados Unidos 4-1 Paraguai; posse 65.3%, finalizações 16.0 (6.0 no alvo), escanteios 3.0, faltas 13.0.",ESPN public API event 760417 | https://site.api.espn.com/apis/site/v2/sports/soccer/fifa.world/scoreboard?dates=2026&limit=500,estatistica_time_partida_espn,NA,NA,NA,NA,NA,NA,0.6112
4,2026-06-12,Fase de grupos,Estados Unidos,Paraguai,4-1,Paraguai,Estados Unidos,NA,NA,34.7,9.0,16.0,1.0,6.0,NA,NA,NA,NA,NA,NA,232.0,319.0,1.0,5.0,NA,NA,NA,33.0,10.0,NA,NA,NA,espn_estatisticas_time,"ESPN stats: Paraguai 1-4 Estados Unidos; posse 34.7%, finalizações 9.0 (1.0 no alvo), escanteios 1.0, faltas 17.0.",ESPN public API event 760417 | https://site.api.espn.com/apis/site/v2/sports/soccer/fifa.world/scoreboard?dates=2026&limit=500,estatistica_time_partida_espn,NA,NA,NA,NA,NA,NA,-0.4612
8,2026-06-13,Fase de grupos,Catar,Suíça,1-1,Catar,Suíça,NA,NA,32.0,6.0,26.0,3.0,7.0,NA,NA,NA,NA,NA,NA,200.0,278.0,1.0,9.0,NA,NA,NA,31.0,11.0,NA,NA,NA,espn_estatisticas_time,"ESPN stats: Catar 1-1 Suíça; posse 32.0%, finalizações 6.0 (3.0 no alvo), escanteios 3.0, faltas 12.0.",ESPN public API event 760420 | https://site.api.espn.com/apis/site/v2/sports/soccer/fifa.world/scoreboard?dates=2026&limit=500,estatistica_time_partida_espn,NA,NA,NA,NA,NA,NA,-0.182
8,2026-06-13,Fase de grupos,Catar,Suíça,1-1,Suíça,Catar,NA,NA,68.0,26.0,6.0,7.0,3.0,NA,NA,NA,NA,NA,NA,527.0,576.0,6.0,35.0,NA,NA,NA,13.0,7.0,NA,NA,NA,espn_estatisticas_time,"ESPN stats: Suíça 1-1 Catar; posse 68.0%, finalizações 26.0 (7.0 no alvo), escanteios 10.0, faltas 11.0.",ESPN public API event 760420 | https://site.api.espn.com/apis/site/v2/sports/soccer/fifa.world/scoreboard?dates=2026&limit=500,estatistica_time_partida_espn,NA,NA,NA,NA,NA,NA,0.282
7,2026-06-13,Fase de grupos,Brasil,Marrocos,1-1,Brasil,Marrocos,NA,NA,51.4,12.0,14.0,5.0,3.0,NA,NA,NA,NA,NA,NA,449.0,514.0,4.0,16.0,NA,NA,NA,23.0,5.0,NA,NA,NA,espn_estatisticas_time,"ESPN stats: Brasil 1-1 Marrocos; posse 51.4%, finalizações 12.0 (5.0 no alvo), escanteios 6.0, faltas 16.0.",ESPN public API event 760419 | https://site.api.espn.com/apis/site/v2/sports/soccer/fifa.world/scoreboard?dates=2026&limit=500,estatistica_time_partida_espn,NA,NA,NA,NA,NA,NA,0.1356
7,2026-06-13,Fase de grupos,Brasil,Marrocos,1-1,Marrocos,Brasil,NA,NA,48.6,14.0,12.0,3.0,5.0,NA,NA,NA,NA,NA,NA,419.0,486.0,2.0,15.0,NA,NA,NA,17.0,5.0,NA,NA,NA,espn_estatisticas_time,"ESPN stats: Marrocos 1-1 Brasil; posse 48.6%, finalizações 14.0 (3.0 no alvo), escanteios 2.0, faltas 14.0.",ESPN public API event 760419 | https://site.api.espn.com/apis/site/v2/sports/soccer/fifa.world/scoreboard?dates=2026&limit=500,estatistica_time_partida_espn,NA,NA,NA,NA,NA,NA,-0.0356
5,2026-06-13,Fase de grupos,Haiti,Escócia,0-1,Haiti,Escócia,NA,NA,53.7,15.0,9.0,2.0,2.0,NA,NA,NA,NA,NA,NA,367.0,431.0,5.0,23.0,NA,NA,NA,20.0,6.0,NA,NA,NA,espn_estatisticas_time,"ESPN stats: Haiti 0-1 Escócia; posse 53.7%, finalizações 15.0 (2.0 no alvo), escanteios 4.0, faltas 23.0.",ESPN public API event 760418 | https://site.api.espn.com/apis/site/v2/sports/soccer/fifa.world/scoreboard?dates=2026&limit=500,estatistica_time_partida_espn,NA,NA,NA,NA,NA,NA,-0.1852
5,2026-06-13,Fase de grupos,Haiti,Escócia,0-1,Escócia,Haiti,NA,NA,46.3,9.0,15.0,2.0,2.0,NA,NA,NA,NA,NA,NA,307.0,374.0,5.0,14.0,NA,NA,NA,17.0,6.0,NA,NA,NA,espn_estatisticas_time,"ESPN stats: Escócia 1-0 Haiti; posse 46.3%, finalizações 9.0 (2.0 no alvo), escanteios 3.0, faltas 21.0.",ESPN public API event 760418 | https://site.api.espn.com/apis/site/v2/sports/soccer/fifa.world/scoreboard?dates=2026&limit=500,estatistica_time_partida_espn,NA,NA,NA,NA,NA,NA,0.3352
6,2026-06-14,Fase de grupos,Austrália,Turquia,2-0,Austrália,Turquia,NA,NA,28.4,9.0,30.0,4.0,8.0,NA,NA,NA,NA,NA,NA,201.0,271.0,4.0,14.0,NA,NA,NA,55.0,7.0,NA,NA,NA,espn_estatisticas_time,"ESPN stats: Austrália 2-0 Turquia; posse 28.4%, finalizações 9.0 (4.0 no alvo), escanteios 5.0, faltas 12.0.",ESPN public API event 760421 | https://site.api.espn.com/apis/site/v2/sports/soccer/fifa.world/scoreboard?dates=2026&limit=500,estatistica_time_partida_espn,NA,NA,NA,NA,NA,NA,0.1036
6,2026-06-14,Fase de grupos,Austrália,Turquia,2-0,Turquia,Austrália,NA,NA,71.6,30.0,9.0,8.0,4.0,NA,NA,NA,NA,NA,NA,635.0,704.0,2.0,26.0,NA,NA,NA,29.0,4.0,NA,NA,NA,espn_estatisticas_time,"ESPN stats: Turquia 0-2 Austrália; posse 71.6%, finalizações 30.0 (8.0 no alvo), escanteios 8.0, faltas 4.0.",ESPN public API event 760421 | https://site.api.espn.com/apis/site/v2/sports/soccer/fifa.world/scoreboard?dates=2026&limit=500,estatistica_time_partida_espn,NA,NA,NA,NA,NA,NA,0.0464
10,2026-06-14,Fase de grupos,Alemanha,Curaçao,7-1,Alemanha,Curaçao,NA,NA,64.6,26.0,8.0,12.0,2.0,NA,NA,NA,NA,NA,NA,554.0,637.0,5.0,12.0,NA,NA,NA,8.0,12.0,NA,NA,NA,espn_estatisticas_time,"ESPN stats: Alemanha 7-1 Curaçao; posse 64.6%, finalizações 26.0 (12.0 no alvo), escanteios 8.0, faltas 18.0.",ESPN public API event 760422 | https://site.api.espn.com/apis/site/v2/sports/soccer/fifa.world/scoreboard?dates=2026&limit=500,estatistica_time_partida_espn,NA,NA,NA,NA,NA,NA,0.8084
10,2026-06-14,Fase de grupos,Alemanha,Curaçao,7-1,Curaçao,Alemanha,NA,NA,35.4,8.0,26.0,2.0,12.0,NA,NA,NA,NA,NA,NA,282.0,343.0,2.0,7.0,NA,NA,NA,25.0,16.0,NA,NA,NA,espn_estatisticas_time,"ESPN stats: Curaçao 1-7 Alemanha; posse 35.4%, finalizações 8.0 (2.0 no alvo), escanteios 1.0, faltas 11.0.",ESPN public API event 760422 | https://site.api.espn.com/apis/site/v2/sports/soccer/fifa.world/scoreboard?dates=2026&limit=500,estatistica_time_partida_espn,NA,NA,NA,NA,NA,NA,-0.6584
11,2026-06-14,Fase de grupos,Países Baixos,Japão,2-2,Países Baixos,Japão,NA,NA,59.8,10.0,10.0,6.0,3.0,NA,NA,NA,NA,NA,NA,463.0,524.0,8.0,21.0,NA,NA,NA,23.0,7.0,NA,NA,NA,espn_estatisticas_time,"ESPN stats: Países Baixos 2-2 Japão; posse 59.8%, finalizações 10.0 (6.0 no alvo), escanteios 5.0, faltas 7.0.",ESPN public API event 760425 | https://site.api.espn.com/apis/site/v2/sports/soccer/fifa.world/scoreboard?dates=2026&limit=500,estatistica_time_partida_espn,NA,NA,NA,NA,NA,NA,0.2092
11,2026-06-14,Fase de grupos,Países Baixos,Japão,2-2,Japão,Países Baixos,NA,NA,40.2,10.0,10.0,3.0,6.0,NA,NA,NA,NA,NA,NA,286.0,341.0,6.0,23.0,NA,NA,NA,32.0,4.0,NA,NA,NA,espn_estatisticas_time,"ESPN stats: Japão 2-2 Países Baixos; posse 40.2%, finalizações 10.0 (3.0 no alvo), escanteios 4.0, faltas 7.0.",ESPN public API event 760425 | https://site.api.espn.com/apis/site/v2/sports/soccer/fifa.world/scoreboard?dates=2026&limit=500,estatistica_time_partida_espn,NA,NA,NA,NA,NA,NA,-0.1092
9,2026-06-14,Fase de grupos,Costa do Marfim,Equador,1-0,Costa do Marfim,Equador,NA,NA,48.4,15.0,12.0,4.0,1.0,NA,NA,NA,NA,NA,NA,397.0,470.0,2.0,8.0,NA,NA,NA,29.0,11.0,NA,NA,NA,espn_estatisticas_time,"ESPN stats: Costa do Marfim 1-0 Equador; posse 48.4%, finalizações 15.0 (4.0 no alvo), escanteios 3.0, faltas 10.0.",ESPN public API event 760423 | https://site.api.espn.com/apis/site/v2/sports/soccer/fifa.world/scoreboard?dates=2026&limit=500,estatistica_time_partida_espn,NA,NA,NA,NA,NA,NA,0.4636
9,2026-06-14,Fase de grupos,Costa do Marfim,Equador,1-0,Equador,Costa do Marfim,NA,NA,51.6,12.0,15.0,1.0,4.0,NA,NA,NA,NA,NA,NA,419.0,492.0,4.0,14.0,NA,NA,NA,18.0,13.0,NA,NA,NA,espn_estatisticas_time,"ESPN stats: Equador 0-1 Costa do Marfim; posse 51.6%, finalizações 12.0 (1.0 no alvo), escanteios 6.0, faltas 13.0.",ESPN public API event 760423 | https://site.api.espn.com/apis/site/v2/sports/soccer/fifa.world/scoreboard?dates=2026&limit=500,estatistica_time_partida_espn,NA,NA,NA,NA,NA,NA,-0.3136
12,2026-06-14,Fase de grupos,Suécia,Tunísia,5-1,Suécia,Tunísia,NA,NA,48.7,13.0,6.0,7.0,2.0,NA,NA,NA,NA,NA,NA,278.0,356.0,3.0,12.0,NA,NA,NA,23.0,6.0,NA,NA,NA,espn_estatisticas_time,"ESPN stats: Suécia 5-1 Tunísia; posse 48.7%, finalizações 13.0 (7.0 no alvo), escanteios 4.0, faltas 10.0.",ESPN public API event 760424 | https://site.api.espn.com/apis/site/v2/sports/soccer/fifa.world/scoreboard?dates=2026&limit=500,estatistica_time_partida_espn,NA,NA,NA,NA,NA,NA,0.5448
12,2026-06-14,Fase de grupos,Suécia,Tunísia,5-1,Tunísia,Suécia,NA,NA,51.3,6.0,13.0,2.0,7.0,NA,NA,NA,NA,NA,NA,292.0,371.0,3.0,13.0,NA,NA,NA,13.0,6.0,NA,NA,NA,espn_estatisticas_time,"ESPN stats: Tunísia 1-5 Suécia; posse 51.3%, finalizações 6.0 (2.0 no alvo), escanteios 2.0, faltas 8.0.",ESPN public API event 760424 | https://site.api.espn.com/apis/site/v2/sports/soccer/fifa.world/scoreboard?dates=2026&limit=500,estatistica_time_partida_espn,NA,NA,NA,NA,NA,NA,-0.3948
14,2026-06-15,Fase de grupos,Espanha,Cabo Verde,0-0,Espanha,Cabo Verde,NA,NA,74.3,27.0,6.0,7.0,1.0,NA,NA,NA,NA,NA,NA,734.0,800.0,6.0,36.0,NA,NA,NA,7.0,6.0,NA,NA,NA,espn_estatisticas_time,"ESPN stats: Espanha 0-0 Cabo Verde; posse 74.3%, finalizações 27.0 (7.0 no alvo), escanteios 11.0, faltas 10.0.",ESPN public API event 760428 | https://site.api.espn.com/apis/site/v2/sports/soccer/fifa.world/scoreboard?dates=2026&limit=500,estatistica_time_partida_espn,NA,NA,NA,NA,NA,NA,0.3872
14,2026-06-15,Fase de grupos,Espanha,Cabo Verde,0-0,Cabo Verde,Espanha,NA,NA,25.7,6.0,27.0,1.0,7.0,NA,NA,NA,NA,NA,NA,205.0,278.0,1.0,4.0,NA,NA,NA,46.0,15.0,NA,NA,NA,espn_estatisticas_time,"ESPN stats: Cabo Verde 0-0 Espanha; posse 25.7%, finalizações 6.0 (1.0 no alvo), escanteios 1.0, faltas 1.0.",ESPN public API event 760428 | https://site.api.espn.com/apis/site/v2/sports/soccer/fifa.world/scoreboard?dates=2026&limit=500,estatistica_time_partida_espn,NA,NA,NA,NA,NA,NA,-0.2872
16,2026-06-15,Fase de grupos,Bélgica,Egito,1-1,Bélgica,Egito,NA,NA,53.6,15.0,14.0,3.0,3.0,NA,NA,NA,NA,NA,NA,391.0,455.0,6.0,16.0,NA,NA,NA,25.0,10.0,NA,NA,NA,espn_estatisticas_time,"ESPN stats: Bélgica 1-1 Egito; posse 53.6%, finalizações 15.0 (3.0 no alvo), escanteios 2.0, faltas 15.0.",ESPN public API event 760426 | https://site.api.espn.com/apis/site/v2/sports/soccer/fifa.world/scoreboard?dates=2026&limit=500,estatistica_time_partida_espn,NA,NA,NA,NA,NA,NA,0.0644
16,2026-06-15,Fase de grupos,Bélgica,Egito,1-1,Egito,Bélgica,NA,NA,46.4,14.0,15.0,3.0,3.0,NA,NA,NA,NA,NA,NA,323.0,398.0,2.0,13.0,NA,NA,NA,17.0,16.0,NA,NA,NA,espn_estatisticas_time,"ESPN stats: Egito 1-1 Bélgica; posse 46.4%, finalizações 14.0 (3.0 no alvo), escanteios 7.0, faltas 15.0.",ESPN public API event 760426 | https://site.api.espn.com/apis/site/v2/sports/soccer/fifa.world/scoreboard?dates=2026&limit=500,estatistica_time_partida_espn,NA,NA,NA,NA,NA,NA,0.0356
13,2026-06-15,Fase de grupos,Arábia Saudita,Uruguai,1-1,Arábia Saudita,Uruguai,NA,NA,33.2,7.0,27.0,3.0,10.0,NA,NA,NA,NA,NA,NA,236.0,322.0,3.0,6.0,NA,NA,NA,43.0,9.0,NA,NA,NA,espn_estatisticas_time,"ESPN stats: Arábia Saudita 1-1 Uruguai; posse 33.2%, finalizações 7.0 (3.0 no alvo), escanteios 4.0, faltas 11.0.",ESPN public API event 760429 | https://site.api.espn.com/apis/site/v2/sports/soccer/fifa.world/scoreboard?dates=2026&limit=500,estatistica_time_partida_espn,NA,NA,NA,NA,NA,NA,-0.2972
13,2026-06-15,Fase de grupos,Arábia Saudita,Uruguai,1-1,Uruguai,Arábia Saudita,NA,NA,66.8,27.0,7.0,10.0,3.0,NA,NA,NA,NA,NA,NA,540.0,612.0,16.0,47.0,NA,NA,NA,17.0,10.0,NA,NA,NA,espn_estatisticas_time,"ESPN stats: Uruguai 1-1 Arábia Saudita; posse 66.8%, finalizações 27.0 (10.0 no alvo), escanteios 14.0, faltas 6.0.",ESPN public API event 760429 | https://site.api.espn.com/apis/site/v2/sports/soccer/fifa.world/scoreboard?dates=2026&limit=500,estatistica_time_partida_espn,NA,NA,NA,NA,NA,NA,0.3972
15,2026-06-15,Fase de grupos,Irã,Nova Zelândia,2-2,Irã,Nova Zelândia,NA,NA,48.5,17.0,14.0,4.0,8.0,NA,NA,NA,NA,NA,NA,314.0,409.0,6.0,19.0,NA,NA,NA,27.0,11.0,NA,NA,NA,espn_estatisticas_time,"ESPN stats: Irã 2-2 Nova Zelândia; posse 48.5%, finalizações 17.0 (4.0 no alvo), escanteios 4.0, faltas 10.0.",ESPN public API event 760427 | https://site.api.espn.com/apis/site/v2/sports/soccer/fifa.world/scoreboard?dates=2026&limit=500,estatistica_time_partida_espn,NA,NA,NA,NA,NA,NA,-0.116
15,2026-06-15,Fase de grupos,Irã,Nova Zelândia,2-2,Nova Zelândia,Irã,NA,NA,51.5,14.0,17.0,8.0,4.0,NA,NA,NA,NA,NA,NA,376.0,446.0,1.0,12.0,NA,NA,NA,26.0,15.0,NA,NA,NA,espn_estatisticas_time,"ESPN stats: Nova Zelândia 2-2 Irã; posse 51.5%, finalizações 14.0 (8.0 no alvo), escanteios 1.0, faltas 8.0.",ESPN public API event 760427 | https://site.api.espn.com/apis/site/v2/sports/soccer/fifa.world/scoreboard?dates=2026&limit=500,estatistica_time_partida_espn,NA,NA,NA,NA,NA,NA,0.216
17,2026-06-16,Fase de grupos,França,Senegal,3-1,França,Senegal,NA,NA,53.4,11.0,6.0,8.0,2.0,NA,NA,NA,NA,NA,NA,505.0,575.0,0.0,9.0,NA,NA,NA,14.0,7.0,NA,NA,NA,espn_estatisticas_time,"ESPN stats: França 3-1 Senegal; posse 53.4%, finalizações 11.0 (8.0 no alvo), escanteios 6.0, faltas 5.0.",ESPN public API event 760432 | https://site.api.espn.com/apis/site/v2/sports/soccer/fifa.world/scoreboard?dates=2026&limit=500,estatistica_time_partida_espn,NA,NA,NA,NA,NA,NA,0.6036
17,2026-06-16,Fase de grupos,França,Senegal,3-1,Senegal,França,NA,NA,46.6,6.0,11.0,2.0,8.0,NA,NA,NA,NA,NA,NA,430.0,502.0,1.0,9.0,NA,NA,NA,17.0,8.0,NA,NA,NA,espn_estatisticas_time,"ESPN stats: Senegal 1-3 França; posse 46.6%, finalizações 6.0 (2.0 no alvo), escanteios 4.0, faltas 9.0.",ESPN public API event 760432 | https://site.api.espn.com/apis/site/v2/sports/soccer/fifa.world/scoreboard?dates=2026&limit=500,estatistica_time_partida_espn,NA,NA,NA,NA,NA,NA,-0.4536
19,2026-06-16,Fase de grupos,Argentina,Argélia,3-0,Argentina,Argélia,NA,NA,47.8,10.0,7.0,6.0,1.0,NA,NA,NA,NA,NA,NA,504.0,561.0,1.0,6.0,NA,NA,NA,17.0,10.0,NA,NA,NA,espn_estatisticas_time,"ESPN stats: Argentina 3-0 Argélia; posse 47.8%, finalizações 10.0 (6.0 no alvo), escanteios 2.0, faltas 13.0.",ESPN public API event 760433 | https://site.api.espn.com/apis/site/v2/sports/soccer/fifa.world/scoreboard?dates=2026&limit=500,estatistica_time_partida_espn,NA,NA,NA,NA,NA,NA,0.5412
19,2026-06-16,Fase de grupos,Argentina,Argélia,3-0,Argélia,Argentina,NA,NA,52.2,7.0,10.0,1.0,6.0,NA,NA,NA,NA,NA,NA,563.0,609.0,1.0,9.0,NA,NA,NA,12.0,8.0,NA,NA,NA,espn_estatisticas_time,"ESPN stats: Argélia 0-3 Argentina; posse 52.2%, finalizações 7.0 (1.0 no alvo), escanteios 2.0, faltas 8.0.",ESPN public API event 760433 | https://site.api.espn.com/apis/site/v2/sports/soccer/fifa.world/scoreboard?dates=2026&limit=500,estatistica_time_partida_espn,NA,NA,NA,NA,NA,NA,-0.3912
20,2026-06-17,Fase de grupos,Áustria,Jordânia,3-1,Áustria,Jordânia,NA,NA,63.2,11.0,11.0,4.0,4.0,NA,NA,NA,NA,NA,NA,487.0,580.0,3.0,17.0,NA,NA,NA,24.0,15.0,NA,NA,NA,espn_estatisticas_time,"ESPN stats: Áustria 3-1 Jordânia; posse 63.2%, finalizações 11.0 (4.0 no alvo), escanteios 4.0, faltas 12.0.",ESPN public API event 760431 | https://site.api.espn.com/apis/site/v2/sports/soccer/fifa.world/scoreboard?dates=2026&limit=500,estatistica_time_partida_espn,NA,NA,NA,NA,NA,NA,0.4028
20,2026-06-17,Fase de grupos,Áustria,Jordânia,3-1,Jordânia,Áustria,NA,NA,36.8,11.0,11.0,4.0,4.0,NA,NA,NA,NA,NA,NA,241.0,332.0,3.0,15.0,NA,NA,NA,39.0,12.0,NA,NA,NA,espn_estatisticas_time,"ESPN stats: Jordânia 1-3 Áustria; posse 36.8%, finalizações 11.0 (4.0 no alvo), escanteios 3.0, faltas 7.0.",ESPN public API event 760431 | https://site.api.espn.com/apis/site/v2/sports/soccer/fifa.world/scoreboard?dates=2026&limit=500,estatistica_time_partida_espn,NA,NA,NA,NA,NA,NA,-0.2528
23,2026-06-17,Fase de grupos,Portugal,RD Congo,1-1,Portugal,RD Congo,NA,NA,75.4,7.0,8.0,1.0,2.0,NA,NA,NA,NA,NA,NA,724.0,783.0,6.0,23.0,NA,NA,NA,10.0,3.0,NA,NA,NA,espn_estatisticas_time,"ESPN stats: Portugal 1-1 RD Congo; posse 75.4%, finalizações 7.0 (1.0 no alvo), escanteios 5.0, faltas 9.0.",ESPN public API event 760435 | https://site.api.espn.com/apis/site/v2/sports/soccer/fifa.world/scoreboard?dates=2026&limit=500,estatistica_time_partida_espn,NA,NA,NA,NA,NA,NA,0.1116
23,2026-06-17,Fase de grupos,Portugal,RD Congo,1-1,RD Congo,Portugal,NA,NA,24.6,8.0,7.0,2.0,1.0,NA,NA,NA,NA,NA,NA,195.0,249.0,1.0,10.0,NA,NA,NA,27.0,5.0,NA,NA,NA,espn_estatisticas_time,"ESPN stats: RD Congo 1-1 Portugal; posse 24.6%, finalizações 8.0 (2.0 no alvo), escanteios 4.0, faltas 10.0.",ESPN public API event 760435 | https://site.api.espn.com/apis/site/v2/sports/soccer/fifa.world/scoreboard?dates=2026&limit=500,estatistica_time_partida_espn,NA,NA,NA,NA,NA,NA,-0.0116
22,2026-06-17,Fase de grupos,Inglaterra,Croácia,4-2,Inglaterra,Croácia,NA,NA,51.7,22.0,10.0,11.0,5.0,NA,NA,NA,NA,NA,NA,406.0,474.0,6.0,13.0,NA,NA,NA,16.0,7.0,NA,NA,NA,espn_estatisticas_time,"ESPN stats: Inglaterra 4-2 Croácia; posse 51.7%, finalizações 22.0 (11.0 no alvo), escanteios 8.0, faltas 10.0.",ESPN public API event 760437 | https://site.api.espn.com/apis/site/v2/sports/soccer/fifa.world/scoreboard?dates=2026&limit=500,estatistica_time_partida_espn,NA,NA,NA,NA,NA,NA,0.5968
22,2026-06-17,Fase de grupos,Inglaterra,Croácia,4-2,Croácia,Inglaterra,NA,NA,48.3,10.0,22.0,5.0,11.0,NA,NA,NA,NA,NA,NA,381.0,443.0,2.0,13.0,NA,NA,NA,17.0,9.0,NA,NA,NA,espn_estatisticas_time,"ESPN stats: Croácia 2-4 Inglaterra; posse 48.3%, finalizações 10.0 (5.0 no alvo), escanteios 2.0, faltas 12.0.",ESPN public API event 760437 | https://site.api.espn.com/apis/site/v2/sports/soccer/fifa.world/scoreboard?dates=2026&limit=500,estatistica_time_partida_espn,NA,NA,NA,NA,NA,NA,-0.4468
21,2026-06-17,Fase de grupos,Gana,Panamá,1-0,Gana,Panamá,NA,NA,38.0,7.0,11.0,2.0,4.0,NA,NA,NA,NA,NA,NA,292.0,352.0,4.0,16.0,NA,NA,NA,28.0,8.0,NA,NA,NA,espn_estatisticas_time,"ESPN stats: Gana 1-0 Panamá; posse 38.0%, finalizações 7.0 (2.0 no alvo), escanteios 2.0, faltas 9.0.",ESPN public API event 760434 | https://site.api.espn.com/apis/site/v2/sports/soccer/fifa.world/scoreboard?dates=2026&limit=500,estatistica_time_partida_espn,NA,NA,NA,NA,NA,NA,0.222
21,2026-06-17,Fase de grupos,Gana,Panamá,1-0,Panamá,Gana,NA,NA,62.0,11.0,7.0,4.0,2.0,NA,NA,NA,NA,NA,NA,503.0,583.0,4.0,21.0,NA,NA,NA,17.0,5.0,NA,NA,NA,espn_estatisticas_time,"ESPN stats: Panamá 0-1 Gana; posse 62.0%, finalizações 11.0 (4.0 no alvo), escanteios 2.0, faltas 11.0.",ESPN public API event 760434 | https://site.api.espn.com/apis/site/v2/sports/soccer/fifa.world/scoreboard?dates=2026&limit=500,estatistica_time_partida_espn,NA,NA,NA,NA,NA,NA,-0.072
24,2026-06-17,Fase de grupos,Uzbequistão,Colômbia,1-3,Uzbequistão,Colômbia,NA,NA,38.6,8.0,15.0,2.0,4.0,NA,NA,NA,NA,NA,NA,243.0,319.0,3.0,13.0,NA,NA,NA,24.0,7.0,NA,NA,NA,espn_estatisticas_time,"ESPN stats: Uzbequistão 1-3 Colômbia; posse 38.6%, finalizações 8.0 (2.0 no alvo), escanteios 3.0, faltas 14.0.",ESPN public API event 760436 | https://site.api.espn.com/apis/site/v2/sports/soccer/fifa.world/scoreboard?dates=2026&limit=500,estatistica_time_partida_espn,NA,NA,NA,NA,NA,NA,-0.3256
24,2026-06-17,Fase de grupos,Uzbequistão,Colômbia,1-3,Colômbia,Uzbequistão,NA,NA,61.4,15.0,8.0,4.0,2.0,NA,NA,NA,NA,NA,NA,444.0,519.0,6.0,16.0,NA,NA,NA,20.0,6.0,NA,NA,NA,espn_estatisticas_time,"ESPN stats: Colômbia 3-1 Uzbequistão; posse 61.4%, finalizações 15.0 (4.0 no alvo), escanteios 4.0, faltas 11.0.",ESPN public API event 760436 | https://site.api.espn.com/apis/site/v2/sports/soccer/fifa.world/scoreboard?dates=2026&limit=500,estatistica_time_partida_espn,NA,NA,NA,NA,NA,NA,0.4756
25,2026-06-18,Fase de grupos,Tchéquia,África do Sul,1-1,Tchéquia,África do Sul,NA,NA,38.3,14.0,17.0,3.0,4.0,NA,NA,NA,NA,NA,NA,272.0,341.0,7.0,16.0,NA,NA,NA,22.0,9.0,NA,NA,NA,espn_estatisticas_time,"ESPN stats: Tchéquia 1-1 África do Sul; posse 38.3%, finalizações 14.0 (3.0 no alvo), escanteios 5.0, faltas 12.0.",ESPN public API event 760438 | https://site.api.espn.com/apis/site/v2/sports/soccer/fifa.world/scoreboard?dates=2026&limit=500,estatistica_time_partida_espn,NA,NA,NA,NA,NA,NA,-0.0368
25,2026-06-18,Fase de grupos,Tchéquia,África do Sul,1-1,África do Sul,Tchéquia,NA,NA,61.7,17.0,14.0,4.0,3.0,NA,NA,NA,NA,NA,NA,508.0,563.0,4.0,17.0,NA,NA,NA,24.0,9.0,NA,NA,NA,espn_estatisticas_time,"ESPN stats: África do Sul 1-1 Tchéquia; posse 61.7%, finalizações 17.0 (4.0 no alvo), escanteios 5.0, faltas 10.0.",ESPN public API event 760438 | https://site.api.espn.com/apis/site/v2/sports/soccer/fifa.world/scoreboard?dates=2026&limit=500,estatistica_time_partida_espn,NA,NA,NA,NA,NA,NA,0.1368
26,2026-06-18,Fase de grupos,Suíça,Bósnia e Herzegovina,4-1,Suíça,Bósnia e Herzegovina,NA,NA,62.3,13.0,5.0,7.0,3.0,NA,NA,NA,NA,NA,NA,516.0,586.0,1.0,23.0,NA,NA,NA,17.0,5.0,NA,NA,NA,espn_estatisticas_time,"ESPN stats: Suíça 4-1 Bósnia e Herzegovina; posse 62.3%, finalizações 13.0 (7.0 no alvo), escanteios 7.0, faltas 7.0.",ESPN public API event 760439 | https://site.api.espn.com/apis/site/v2/sports/soccer/fifa.world/scoreboard?dates=2026&limit=500,estatistica_time_partida_espn,NA,NA,NA,NA,NA,NA,0.5592
26,2026-06-18,Fase de grupos,Suíça,Bósnia e Herzegovina,4-1,Bósnia e Herzegovina,Suíça,NA,NA,37.7,5.0,13.0,3.0,7.0,NA,NA,NA,NA,NA,NA,287.0,354.0,1.0,12.0,NA,NA,NA,36.0,11.0,NA,NA,NA,espn_estatisticas_time,"ESPN stats: Bósnia e Herzegovina 1-4 Suíça; posse 37.7%, finalizações 5.0 (3.0 no alvo), escanteios 3.0, faltas 18.0.",ESPN public API event 760439 | https://site.api.espn.com/apis/site/v2/sports/soccer/fifa.world/scoreboard?dates=2026&limit=500,estatistica_time_partida_espn,NA,NA,NA,NA,NA,NA,-0.4092
27,2026-06-18,Fase de grupos,Canadá,Catar,6-0,Canadá,Catar,NA,NA,79.0,32.0,2.0,10.0,0.0,NA,NA,NA,NA,NA,NA,515.0,567.0,13.0,55.0,NA,NA,NA,3.0,6.0,NA,NA,NA,espn_estatisticas_time,"ESPN stats: Canadá 6-0 Catar; posse 79.0%, finalizações 32.0 (10.0 no alvo), escanteios 19.0, faltas 9.0.",ESPN public API event 760440 | https://site.api.espn.com/apis/site/v2/sports/soccer/fifa.world/scoreboard?dates=2026&limit=500,estatistica_time_partida_espn,NA,NA,NA,NA,NA,NA,0.866
27,2026-06-18,Fase de grupos,Canadá,Catar,6-0,Catar,Canadá,NA,NA,21.0,2.0,32.0,0.0,10.0,NA,NA,NA,NA,NA,NA,104.0,162.0,1.0,3.0,NA,NA,NA,61.0,10.0,NA,NA,NA,espn_estatisticas_time,"ESPN stats: Catar 0-6 Canadá; posse 21.0%, finalizações 2.0 (0.0 no alvo), escanteios 1.0, faltas 10.0.",ESPN public API event 760440 | https://site.api.espn.com/apis/site/v2/sports/soccer/fifa.world/scoreboard?dates=2026&limit=500,estatistica_time_partida_espn,NA,NA,NA,NA,NA,NA,-0.716
28,2026-06-18,Fase de grupos,México,Coreia do Sul,1-0,México,Coreia do Sul,NA,NA,42.4,8.0,9.0,4.0,2.0,NA,NA,NA,NA,NA,NA,349.0,427.0,4.0,6.0,NA,NA,NA,20.0,6.0,NA,NA,NA,espn_estatisticas_time,"ESPN stats: México 1-0 Coreia do Sul; posse 42.4%, finalizações 8.0 (4.0 no alvo), escanteios 1.0, faltas 9.0.",ESPN public API event 760441 | https://site.api.espn.com/apis/site/v2/sports/soccer/fifa.world/scoreboard?dates=2026&limit=500,estatistica_time_partida_espn,NA,NA,NA,NA,NA,NA,0.3996
28,2026-06-18,Fase de grupos,México,Coreia do Sul,1-0,Coreia do Sul,México,NA,NA,57.6,9.0,8.0,2.0,4.0,NA,NA,NA,NA,NA,NA,488.0,578.0,5.0,9.0,NA,NA,NA,12.0,5.0,NA,NA,NA,espn_estatisticas_time,"ESPN stats: Coreia do Sul 0-1 México; posse 57.6%, finalizações 9.0 (2.0 no alvo), escanteios 2.0, faltas 7.0.",ESPN public API event 760441 | https://site.api.espn.com/apis/site/v2/sports/soccer/fifa.world/scoreboard?dates=2026&limit=500,estatistica_time_partida_espn,NA,NA,NA,NA,NA,NA,-0.2496
32,2026-06-19,Fase de grupos,Estados Unidos,Austrália,2-0,Estados Unidos,Austrália,NA,NA,61.9,10.0,5.0,2.0,2.0,NA,NA,NA,NA,NA,NA,444.0,523.0,4.0,14.0,NA,NA,NA,31.0,20.0,NA,NA,NA,espn_estatisticas_time,"ESPN stats: Estados Unidos 2-0 Austrália; posse 61.9%, finalizações 10.0 (2.0 no alvo), escanteios 7.0, faltas 12.0.",ESPN public API event 760442 | https://site.api.espn.com/apis/site/v2/sports/soccer/fifa.world/scoreboard?dates=2026&limit=500,estatistica_time_partida_espn,NA,NA,NA,NA,NA,NA,0.3976
32,2026-06-19,Fase de grupos,Estados Unidos,Austrália,2-0,Austrália,Estados Unidos,NA,NA,38.1,5.0,10.0,2.0,2.0,NA,NA,NA,NA,NA,NA,219.0,310.0,4.0,19.0,NA,NA,NA,24.0,6.0,NA,NA,NA,espn_estatisticas_time,"ESPN stats: Austrália 0-2 Estados Unidos; posse 38.1%, finalizações 5.0 (2.0 no alvo), escanteios 4.0, faltas 16.0.",ESPN public API event 760442 | https://site.api.espn.com/apis/site/v2/sports/soccer/fifa.world/scoreboard?dates=2026&limit=500,estatistica_time_partida_espn,NA,NA,NA,NA,NA,NA,-0.2476
30,2026-06-19,Fase de grupos,Escócia,Marrocos,0-1,Escócia,Marrocos,NA,NA,41.1,6.0,12.0,0.0,2.0,NA,NA,NA,NA,NA,NA,388.0,456.0,3.0,13.0,NA,NA,NA,17.0,9.0,NA,NA,NA,espn_estatisticas_time,"ESPN stats: Escócia 0-1 Marrocos; posse 41.1%, finalizações 6.0 (0.0 no alvo), escanteios 2.0, faltas 11.0.",ESPN public API event 760445 | https://site.api.espn.com/apis/site/v2/sports/soccer/fifa.world/scoreboard?dates=2026&limit=500,estatistica_time_partida_espn,NA,NA,NA,NA,NA,NA,-0.3156
30,2026-06-19,Fase de grupos,Escócia,Marrocos,0-1,Marrocos,Escócia,NA,NA,58.9,12.0,6.0,2.0,0.0,NA,NA,NA,NA,NA,NA,600.0,670.0,2.0,10.0,NA,NA,NA,14.0,5.0,NA,NA,NA,espn_estatisticas_time,"ESPN stats: Marrocos 1-0 Escócia; posse 58.9%, finalizações 12.0 (2.0 no alvo), escanteios 5.0, faltas 8.0.",ESPN public API event 760445 | https://site.api.espn.com/apis/site/v2/sports/soccer/fifa.world/scoreboard?dates=2026&limit=500,estatistica_time_partida_espn,NA,NA,NA,NA,NA,NA,0.4656
29,2026-06-19,Fase de grupos,Brasil,Haiti,3-0,Brasil,Haiti,NA,NA,56.7,8.0,7.0,5.0,3.0,NA,NA,NA,NA,NA,NA,462.0,525.0,1.0,9.0,NA,NA,NA,14.0,10.0,NA,NA,NA,espn_estatisticas_time,"ESPN stats: Brasil 3-0 Haiti; posse 56.7%, finalizações 8.0 (5.0 no alvo), escanteios 4.0, faltas 13.0.",ESPN public API event 760444 | https://site.api.espn.com/apis/site/v2/sports/soccer/fifa.world/scoreboard?dates=2026&limit=500,estatistica_time_partida_espn,NA,NA,NA,NA,NA,NA,0.4568
29,2026-06-19,Fase de grupos,Brasil,Haiti,3-0,Haiti,Brasil,NA,NA,43.3,7.0,8.0,3.0,5.0,NA,NA,NA,NA,NA,NA,332.0,399.0,3.0,11.0,NA,NA,NA,22.0,9.0,NA,NA,NA,espn_estatisticas_time,"ESPN stats: Haiti 0-3 Brasil; posse 43.3%, finalizações 7.0 (3.0 no alvo), escanteios 4.0, faltas 14.0.",ESPN public API event 760444 | https://site.api.espn.com/apis/site/v2/sports/soccer/fifa.world/scoreboard?dates=2026&limit=500,estatistica_time_partida_espn,NA,NA,NA,NA,NA,NA,-0.3068
31,2026-06-20,Fase de grupos,Turquia,Paraguai,0-1,Turquia,Paraguai,NA,NA,78.5,32.0,7.0,5.0,2.0,NA,NA,NA,NA,NA,NA,559.0,629.0,8.0,42.0,NA,NA,NA,29.0,6.0,NA,NA,NA,espn_estatisticas_time,"ESPN stats: Turquia 0-1 Paraguai; posse 78.5%, finalizações 32.0 (5.0 no alvo), escanteios 12.0, faltas 14.0.",ESPN public API event 760443 | https://site.api.espn.com/apis/site/v2/sports/soccer/fifa.world/scoreboard?dates=2026&limit=500,estatistica_time_partida_espn,NA,NA,NA,NA,NA,NA,0.034
31,2026-06-20,Fase de grupos,Turquia,Paraguai,0-1,Paraguai,Turquia,NA,NA,21.5,7.0,32.0,2.0,5.0,NA,NA,NA,NA,NA,NA,96.0,178.0,2.0,6.0,NA,NA,NA,48.0,9.0,NA,NA,NA,espn_estatisticas_time,"ESPN stats: Paraguai 1-0 Turquia; posse 21.5%, finalizações 7.0 (2.0 no alvo), escanteios 0.0, faltas 15.0.",ESPN public API event 760443 | https://site.api.espn.com/apis/site/v2/sports/soccer/fifa.world/scoreboard?dates=2026&limit=500,estatistica_time_partida_espn,NA,NA,NA,NA,NA,NA,0.116
35,2026-06-20,Fase de grupos,Países Baixos,Suécia,5-1,Países Baixos,Suécia,NA,NA,50.9,10.0,16.0,7.0,8.0,NA,NA,NA,NA,NA,NA,398.0,449.0,3.0,16.0,NA,NA,NA,24.0,8.0,NA,NA,NA,espn_estatisticas_time,"ESPN stats: Países Baixos 5-1 Suécia; posse 50.9%, finalizações 10.0 (7.0 no alvo), escanteios 2.0, faltas 9.0.",ESPN public API event 760447 | https://site.api.espn.com/apis/site/v2/sports/soccer/fifa.world/scoreboard?dates=2026&limit=500,estatistica_time_partida_espn,NA,NA,NA,NA,NA,NA,0.3136
35,2026-06-20,Fase de grupos,Países Baixos,Suécia,5-1,Suécia,Países Baixos,NA,NA,49.1,16.0,10.0,8.0,7.0,NA,NA,NA,NA,NA,NA,361.0,425.0,3.0,21.0,NA,NA,NA,14.0,5.0,NA,NA,NA,espn_estatisticas_time,"ESPN stats: Suécia 1-5 Países Baixos; posse 49.1%, finalizações 16.0 (8.0 no alvo), escanteios 5.0, faltas 12.0.",ESPN public API event 760447 | https://site.api.espn.com/apis/site/v2/sports/soccer/fifa.world/scoreboard?dates=2026&limit=500,estatistica_time_partida_espn,NA,NA,NA,NA,NA,NA,-0.1636
33,2026-06-20,Fase de grupos,Alemanha,Costa do Marfim,2-1,Alemanha,Costa do Marfim,NA,NA,59.5,16.0,9.0,7.0,2.0,NA,NA,NA,NA,NA,NA,555.0,624.0,5.0,21.0,NA,NA,NA,14.0,8.0,NA,NA,NA,espn_estatisticas_time,"ESPN stats: Alemanha 2-1 Costa do Marfim; posse 59.5%, finalizações 16.0 (7.0 no alvo), escanteios 8.0, faltas 5.0.",ESPN public API event 760448 | https://site.api.espn.com/apis/site/v2/sports/soccer/fifa.world/scoreboard?dates=2026&limit=500,estatistica_time_partida_espn,NA,NA,NA,NA,NA,NA,0.588
33,2026-06-20,Fase de grupos,Alemanha,Costa do Marfim,2-1,Costa do Marfim,Alemanha,NA,NA,40.5,9.0,16.0,2.0,7.0,NA,NA,NA,NA,NA,NA,367.0,431.0,5.0,9.0,NA,NA,NA,26.0,13.0,NA,NA,NA,espn_estatisticas_time,"ESPN stats: Costa do Marfim 1-2 Alemanha; posse 40.5%, finalizações 9.0 (2.0 no alvo), escanteios 3.0, faltas 7.0.",ESPN public API event 760448 | https://site.api.espn.com/apis/site/v2/sports/soccer/fifa.world/scoreboard?dates=2026&limit=500,estatistica_time_partida_espn,NA,NA,NA,NA,NA,NA,-0.438
34,2026-06-20,Fase de grupos,Equador,Curaçao,0-0,Equador,Curaçao,NA,NA,74.6,27.0,10.0,15.0,3.0,NA,NA,NA,NA,NA,NA,581.0,644.0,11.0,33.0,NA,NA,NA,17.0,7.0,NA,NA,NA,espn_estatisticas_time,"ESPN stats: Equador 0-0 Curaçao; posse 74.6%, finalizações 27.0 (15.0 no alvo), escanteios 9.0, faltas 7.0.",ESPN public API event 760446 | https://site.api.espn.com/apis/site/v2/sports/soccer/fifa.world/scoreboard?dates=2026&limit=500,estatistica_time_partida_espn,NA,NA,NA,NA,NA,NA,0.6284
34,2026-06-20,Fase de grupos,Equador,Curaçao,0-0,Curaçao,Equador,NA,NA,25.4,10.0,27.0,3.0,15.0,NA,NA,NA,NA,NA,NA,159.0,227.0,1.0,1.0,NA,NA,NA,32.0,8.0,NA,NA,NA,espn_estatisticas_time,"ESPN stats: Curaçao 0-0 Equador; posse 25.4%, finalizações 10.0 (3.0 no alvo), escanteios 0.0, faltas 10.0.",ESPN public API event 760446 | https://site.api.espn.com/apis/site/v2/sports/soccer/fifa.world/scoreboard?dates=2026&limit=500,estatistica_time_partida_espn,NA,NA,NA,NA,NA,NA,-0.5284
36,2026-06-21,Fase de grupos,Tunísia,Japão,0-4,Tunísia,Japão,NA,NA,37.9,2.0,11.0,0.0,5.0,NA,NA,NA,NA,NA,NA,284.0,354.0,2.0,10.0,NA,NA,NA,23.0,14.0,NA,NA,NA,espn_estatisticas_time,"ESPN stats: Tunísia 0-4 Japão; posse 37.9%, finalizações 2.0 (0.0 no alvo), escanteios 3.0, faltas 8.0.",ESPN public API event 760449 | https://site.api.espn.com/apis/site/v2/sports/soccer/fifa.world/scoreboard?dates=2026&limit=500,estatistica_time_partida_espn,NA,NA,NA,NA,NA,NA,-0.4484
36,2026-06-21,Fase de grupos,Tunísia,Japão,0-4,Japão,Tunísia,NA,NA,62.1,11.0,2.0,5.0,0.0,NA,NA,NA,NA,NA,NA,521.0,583.0,2.0,11.0,NA,NA,NA,25.0,7.0,NA,NA,NA,espn_estatisticas_time,"ESPN stats: Japão 4-0 Tunísia; posse 62.1%, finalizações 11.0 (5.0 no alvo), escanteios 5.0, faltas 15.0.",ESPN public API event 760449 | https://site.api.espn.com/apis/site/v2/sports/soccer/fifa.world/scoreboard?dates=2026&limit=500,estatistica_time_partida_espn,NA,NA,NA,NA,NA,NA,0.5984
38,2026-06-21,Fase de grupos,Espanha,Arábia Saudita,4-0,Espanha,Arábia Saudita,NA,NA,67.1,22.0,3.0,8.0,1.0,NA,NA,NA,NA,NA,NA,668.0,726.0,7.0,25.0,NA,NA,NA,17.0,13.0,NA,NA,NA,espn_estatisticas_time,"ESPN stats: Espanha 4-0 Arábia Saudita; posse 67.1%, finalizações 22.0 (8.0 no alvo), escanteios 6.0, faltas 10.0.",ESPN public API event 760453 | https://site.api.espn.com/apis/site/v2/sports/soccer/fifa.world/scoreboard?dates=2026&limit=500,estatistica_time_partida_espn,NA,NA,NA,NA,NA,NA,0.6984
38,2026-06-21,Fase de grupos,Espanha,Arábia Saudita,4-0,Arábia Saudita,Espanha,NA,NA,32.9,3.0,22.0,1.0,8.0,NA,NA,NA,NA,NA,NA,294.0,364.0,0.0,5.0,NA,NA,NA,35.0,13.0,NA,NA,NA,espn_estatisticas_time,"ESPN stats: Arábia Saudita 0-4 Espanha; posse 32.9%, finalizações 3.0 (1.0 no alvo), escanteios 1.0, faltas 2.0.",ESPN public API event 760453 | https://site.api.espn.com/apis/site/v2/sports/soccer/fifa.world/scoreboard?dates=2026&limit=500,estatistica_time_partida_espn,NA,NA,NA,NA,NA,NA,-0.5484
39,2026-06-21,Fase de grupos,Bélgica,Irã,0-0,Bélgica,Irã,NA,NA,70.1,23.0,7.0,7.0,3.0,NA,NA,NA,NA,NA,NA,533.0,621.0,6.0,32.0,NA,NA,NA,11.0,3.0,NA,NA,NA,espn_estatisticas_time,"ESPN stats: Bélgica 0-0 Irã; posse 70.1%, finalizações 23.0 (7.0 no alvo), escanteios 4.0, faltas 7.0.",ESPN public API event 760451 | https://site.api.espn.com/apis/site/v2/sports/soccer/fifa.world/scoreboard?dates=2026&limit=500,estatistica_time_partida_espn,NA,NA,NA,NA,NA,NA,0.2904
39,2026-06-21,Fase de grupos,Bélgica,Irã,0-0,Irã,Bélgica,NA,NA,29.9,7.0,23.0,3.0,7.0,NA,NA,NA,NA,NA,NA,198.0,270.0,2.0,8.0,NA,NA,NA,51.0,12.0,NA,NA,NA,espn_estatisticas_time,"ESPN stats: Irã 0-0 Bélgica; posse 29.9%, finalizações 7.0 (3.0 no alvo), escanteios 2.0, faltas 9.0.",ESPN public API event 760451 | https://site.api.espn.com/apis/site/v2/sports/soccer/fifa.world/scoreboard?dates=2026&limit=500,estatistica_time_partida_espn,NA,NA,NA,NA,NA,NA,-0.1904
37,2026-06-21,Fase de grupos,Uruguai,Cabo Verde,2-2,Uruguai,Cabo Verde,NA,NA,65.2,17.0,12.0,2.0,4.0,NA,NA,NA,NA,NA,NA,420.0,511.0,4.0,29.0,NA,NA,NA,11.0,7.0,NA,NA,NA,espn_estatisticas_time,"ESPN stats: Uruguai 2-2 Cabo Verde; posse 65.2%, finalizações 17.0 (2.0 no alvo), escanteios 11.0, faltas 11.0.",ESPN public API event 760450 | https://site.api.espn.com/apis/site/v2/sports/soccer/fifa.world/scoreboard?dates=2026&limit=500,estatistica_time_partida_espn,NA,NA,NA,NA,NA,NA,0.0308
37,2026-06-21,Fase de grupos,Uruguai,Cabo Verde,2-2,Cabo Verde,Uruguai,NA,NA,34.8,12.0,17.0,4.0,2.0,NA,NA,NA,NA,NA,NA,205.0,278.0,2.0,7.0,NA,NA,NA,48.0,13.0,NA,NA,NA,espn_estatisticas_time,"ESPN stats: Cabo Verde 2-2 Uruguai; posse 34.8%, finalizações 12.0 (4.0 no alvo), escanteios 4.0, faltas 4.0.",ESPN public API event 760450 | https://site.api.espn.com/apis/site/v2/sports/soccer/fifa.world/scoreboard?dates=2026&limit=500,estatistica_time_partida_espn,NA,NA,NA,NA,NA,NA,0.0692
40,2026-06-21,Fase de grupos,Nova Zelândia,Egito,1-3,Nova Zelândia,Egito,NA,NA,44.4,11.0,19.0,5.0,7.0,NA,NA,NA,NA,NA,NA,337.0,421.0,3.0,15.0,NA,NA,NA,22.0,4.0,NA,NA,NA,espn_estatisticas_time,"ESPN stats: Nova Zelândia 1-3 Egito; posse 44.4%, finalizações 11.0 (5.0 no alvo), escanteios 4.0, faltas 14.0.",ESPN public API event 760452 | https://site.api.espn.com/apis/site/v2/sports/soccer/fifa.world/scoreboard?dates=2026&limit=500,estatistica_time_partida_espn,NA,NA,NA,NA,NA,NA,-0.3024
40,2026-06-21,Fase de grupos,Nova Zelândia,Egito,1-3,Egito,Nova Zelândia,NA,NA,55.6,19.0,11.0,7.0,5.0,NA,NA,NA,NA,NA,NA,460.0,526.0,7.0,22.0,NA,NA,NA,37.0,6.0,NA,NA,NA,espn_estatisticas_time,"ESPN stats: Egito 3-1 Nova Zelândia; posse 55.6%, finalizações 19.0 (7.0 no alvo), escanteios 4.0, faltas 8.0.",ESPN public API event 760452 | https://site.api.espn.com/apis/site/v2/sports/soccer/fifa.world/scoreboard?dates=2026&limit=500,estatistica_time_partida_espn,NA,NA,NA,NA,NA,NA,0.4524
43,2026-06-22,Fase de grupos,Argentina,Áustria,2-0,Argentina,Áustria,NA,NA,53.6,12.0,6.0,5.0,1.0,NA,NA,NA,NA,NA,NA,494.0,554.0,1.0,4.0,NA,NA,NA,35.0,8.0,NA,NA,NA,espn_estatisticas_time,"ESPN stats: Argentina 2-0 Áustria; posse 53.6%, finalizações 12.0 (5.0 no alvo), escanteios 1.0, faltas 13.0.",ESPN public API event 760456 | https://site.api.espn.com/apis/site/v2/sports/soccer/fifa.world/scoreboard?dates=2026&limit=500,estatistica_time_partida_espn,NA,NA,NA,NA,NA,NA,0.5244
43,2026-06-22,Fase de grupos,Argentina,Áustria,2-0,Áustria,Argentina,NA,NA,46.4,6.0,12.0,1.0,5.0,NA,NA,NA,NA,NA,NA,401.0,468.0,3.0,17.0,NA,NA,NA,15.0,9.0,NA,NA,NA,espn_estatisticas_time,"ESPN stats: Áustria 0-2 Argentina; posse 46.4%, finalizações 6.0 (1.0 no alvo), escanteios 3.0, faltas 13.0.",ESPN public API event 760456 | https://site.api.espn.com/apis/site/v2/sports/soccer/fifa.world/scoreboard?dates=2026&limit=500,estatistica_time_partida_espn,NA,NA,NA,NA,NA,NA,-0.3744
41,2026-06-22,Fase de grupos,Noruega,Senegal,3-2,Noruega,Senegal,NA,NA,41.7,13.0,16.0,7.0,4.0,NA,NA,NA,NA,NA,NA,282.0,353.0,3.0,10.0,NA,NA,NA,26.0,8.0,NA,NA,NA,espn_estatisticas_time,"ESPN stats: Noruega 3-2 Senegal; posse 41.7%, finalizações 13.0 (7.0 no alvo), escanteios 5.0, faltas 13.0.",ESPN public API event 760454 | https://site.api.espn.com/apis/site/v2/sports/soccer/fifa.world/scoreboard?dates=2026&limit=500,estatistica_time_partida_espn,NA,NA,NA,NA,NA,NA,0.4368
41,2026-06-22,Fase de grupos,Noruega,Senegal,3-2,Senegal,Noruega,NA,NA,58.3,16.0,13.0,4.0,7.0,NA,NA,NA,NA,NA,NA,430.0,489.0,8.0,23.0,NA,NA,NA,18.0,10.0,NA,NA,NA,espn_estatisticas_time,"ESPN stats: Senegal 2-3 Noruega; posse 58.3%, finalizações 16.0 (4.0 no alvo), escanteios 4.0, faltas 5.0.",ESPN public API event 760454 | https://site.api.espn.com/apis/site/v2/sports/soccer/fifa.world/scoreboard?dates=2026&limit=500,estatistica_time_partida_espn,NA,NA,NA,NA,NA,NA,-0.2868
44,2026-06-23,Fase de grupos,Jordânia,Argélia,1-2,Jordânia,Argélia,NA,NA,27.9,8.0,17.0,4.0,8.0,NA,NA,NA,NA,NA,NA,181.0,251.0,2.0,5.0,NA,NA,NA,36.0,3.0,NA,NA,NA,espn_estatisticas_time,"ESPN stats: Jordânia 1-2 Argélia; posse 27.9%, finalizações 8.0 (4.0 no alvo), escanteios 1.0, faltas 11.0.",ESPN public API event 760455 | https://site.api.espn.com/apis/site/v2/sports/soccer/fifa.world/scoreboard?dates=2026&limit=500,estatistica_time_partida_espn,NA,NA,NA,NA,NA,NA,-0.4484
44,2026-06-23,Fase de grupos,Jordânia,Argélia,1-2,Argélia,Jordânia,NA,NA,72.1,17.0,8.0,8.0,4.0,NA,NA,NA,NA,NA,NA,561.0,641.0,5.0,21.0,NA,NA,NA,15.0,11.0,NA,NA,NA,espn_estatisticas_time,"ESPN stats: Argélia 2-1 Jordânia; posse 72.1%, finalizações 17.0 (8.0 no alvo), escanteios 10.0, faltas 6.0.",ESPN public API event 760455 | https://site.api.espn.com/apis/site/v2/sports/soccer/fifa.world/scoreboard?dates=2026&limit=500,estatistica_time_partida_espn,NA,NA,NA,NA,NA,NA,0.5984
47,2026-06-23,Fase de grupos,Portugal,Uzbequistão,5-0,Portugal,Uzbequistão,NA,NA,65.9,17.0,7.0,9.0,2.0,NA,NA,NA,NA,NA,NA,561.0,624.0,5.0,22.0,NA,NA,NA,16.0,6.0,NA,NA,NA,espn_estatisticas_time,"ESPN stats: Portugal 5-0 Uzbequistão; posse 65.9%, finalizações 17.0 (9.0 no alvo), escanteios 3.0, faltas 14.0.",ESPN public API event 760461 | https://site.api.espn.com/apis/site/v2/sports/soccer/fifa.world/scoreboard?dates=2026&limit=500,estatistica_time_partida_espn,NA,NA,NA,NA,NA,NA,0.6936
47,2026-06-23,Fase de grupos,Portugal,Uzbequistão,5-0,Uzbequistão,Portugal,NA,NA,34.1,7.0,17.0,2.0,9.0,NA,NA,NA,NA,NA,NA,262.0,327.0,0.0,8.0,NA,NA,NA,30.0,14.0,NA,NA,NA,espn_estatisticas_time,"ESPN stats: Uzbequistão 0-5 Portugal; posse 34.1%, finalizações 7.0 (2.0 no alvo), escanteios 2.0, faltas 15.0.",ESPN public API event 760461 | https://site.api.espn.com/apis/site/v2/sports/soccer/fifa.world/scoreboard?dates=2026&limit=500,estatistica_time_partida_espn,NA,NA,NA,NA,NA,NA,-0.5436
45,2026-06-23,Fase de grupos,Inglaterra,Gana,0-0,Inglaterra,Gana,NA,NA,78.9,19.0,2.0,3.0,1.0,NA,NA,NA,NA,NA,NA,586.0,633.0,7.0,30.0,NA,NA,NA,6.0,1.0,NA,NA,NA,espn_estatisticas_time,"ESPN stats: Inglaterra 0-0 Gana; posse 78.9%, finalizações 19.0 (3.0 no alvo), escanteios 9.0, faltas 14.0.",ESPN public API event 760458 | https://site.api.espn.com/apis/site/v2/sports/soccer/fifa.world/scoreboard?dates=2026&limit=500,estatistica_time_partida_espn,NA,NA,NA,NA,NA,NA,0.2456
45,2026-06-23,Fase de grupos,Inglaterra,Gana,0-0,Gana,Inglaterra,NA,NA,21.1,2.0,19.0,1.0,3.0,NA,NA,NA,NA,NA,NA,127.0,172.0,0.0,5.0,NA,NA,NA,39.0,8.0,NA,NA,NA,espn_estatisticas_time,"ESPN stats: Gana 0-0 Inglaterra; posse 21.1%, finalizações 2.0 (1.0 no alvo), escanteios 2.0, faltas 24.0.",ESPN public API event 760458 | https://site.api.espn.com/apis/site/v2/sports/soccer/fifa.world/scoreboard?dates=2026&limit=500,estatistica_time_partida_espn,NA,NA,NA,NA,NA,NA,-0.1456
46,2026-06-23,Fase de grupos,Panamá,Croácia,0-1,Panamá,Croácia,NA,NA,42.0,8.0,6.0,1.0,2.0,NA,NA,NA,NA,NA,NA,277.0,352.0,6.0,31.0,NA,NA,NA,29.0,5.0,NA,NA,NA,espn_estatisticas_time,"ESPN stats: Panamá 0-1 Croácia; posse 42.0%, finalizações 8.0 (1.0 no alvo), escanteios 7.0, faltas 19.0.",ESPN public API event 760460 | https://site.api.espn.com/apis/site/v2/sports/soccer/fifa.world/scoreboard?dates=2026&limit=500,estatistica_time_partida_espn,NA,NA,NA,NA,NA,NA,-0.272
46,2026-06-23,Fase de grupos,Panamá,Croácia,0-1,Croácia,Panamá,NA,NA,58.0,6.0,8.0,2.0,1.0,NA,NA,NA,NA,NA,NA,432.0,512.0,5.0,18.0,NA,NA,NA,38.0,5.0,NA,NA,NA,espn_estatisticas_time,"ESPN stats: Croácia 1-0 Panamá; posse 58.0%, finalizações 6.0 (2.0 no alvo), escanteios 2.0, faltas 12.0.",ESPN public API event 760460 | https://site.api.espn.com/apis/site/v2/sports/soccer/fifa.world/scoreboard?dates=2026&limit=500,estatistica_time_partida_espn,NA,NA,NA,NA,NA,NA,0.422
48,2026-06-23,Fase de grupos,Colômbia,RD Congo,1-0,Colômbia,RD Congo,NA,NA,63.5,20.0,7.0,9.0,1.0,NA,NA,NA,NA,NA,NA,473.0,541.0,3.0,12.0,NA,NA,NA,18.0,10.0,NA,NA,NA,espn_estatisticas_time,"ESPN stats: Colômbia 1-0 RD Congo; posse 63.5%, finalizações 20.0 (9.0 no alvo), escanteios 5.0, faltas 12.0.",ESPN public API event 760459 | https://site.api.espn.com/apis/site/v2/sports/soccer/fifa.world/scoreboard?dates=2026&limit=500,estatistica_time_partida_espn,NA,NA,NA,NA,NA,NA,0.724
48,2026-06-23,Fase de grupos,Colômbia,RD Congo,1-0,RD Congo,Colômbia,NA,NA,36.5,7.0,20.0,1.0,9.0,NA,NA,NA,NA,NA,NA,226.0,299.0,4.0,14.0,NA,NA,NA,19.0,7.0,NA,NA,NA,espn_estatisticas_time,"ESPN stats: RD Congo 0-1 Colômbia; posse 36.5%, finalizações 7.0 (1.0 no alvo), escanteios 4.0, faltas 16.0.",ESPN public API event 760459 | https://site.api.espn.com/apis/site/v2/sports/soccer/fifa.world/scoreboard?dates=2026&limit=500,estatistica_time_partida_espn,NA,NA,NA,NA,NA,NA,-0.574
52,2026-06-24,Fase de grupos,Bósnia e Herzegovina,Catar,3-1,Bósnia e Herzegovina,Catar,NA,NA,54.4,14.0,9.0,5.0,3.0,NA,NA,NA,NA,NA,NA,452.0,515.0,3.0,22.0,NA,NA,NA,22.0,4.0,NA,NA,NA,espn_estatisticas_time,"ESPN stats: Bósnia e Herzegovina 3-1 Catar; posse 54.4%, finalizações 14.0 (5.0 no alvo), escanteios 5.0, faltas 9.0.",ESPN public API event 760462 | https://site.api.espn.com/apis/site/v2/sports/soccer/fifa.world/scoreboard?dates=2026&limit=500,estatistica_time_partida_espn,NA,NA,NA,NA,NA,NA,0.4476
52,2026-06-24,Fase de grupos,Bósnia e Herzegovina,Catar,3-1,Catar,Bósnia e Herzegovina,NA,NA,45.6,9.0,14.0,3.0,5.0,NA,NA,NA,NA,NA,NA,371.0,434.0,5.0,17.0,NA,NA,NA,24.0,4.0,NA,NA,NA,espn_estatisticas_time,"ESPN stats: Catar 1-3 Bósnia e Herzegovina; posse 45.6%, finalizações 9.0 (3.0 no alvo), escanteios 5.0, faltas 14.0.",ESPN public API event 760462 | https://site.api.espn.com/apis/site/v2/sports/soccer/fifa.world/scoreboard?dates=2026&limit=500,estatistica_time_partida_espn,NA,NA,NA,NA,NA,NA,-0.2976
51,2026-06-24,Fase de grupos,Suíça,Canadá,2-1,Suíça,Canadá,NA,NA,55.3,6.0,13.0,4.0,7.0,NA,NA,NA,NA,NA,NA,369.0,443.0,1.0,6.0,NA,NA,NA,44.0,4.0,NA,NA,NA,espn_estatisticas_time,"ESPN stats: Suíça 2-1 Canadá; posse 55.3%, finalizações 6.0 (4.0 no alvo), escanteios 2.0, faltas 19.0.",ESPN public API event 760463 | https://site.api.espn.com/apis/site/v2/sports/soccer/fifa.world/scoreboard?dates=2026&limit=500,estatistica_time_partida_espn,NA,NA,NA,NA,NA,NA,0.2512
51,2026-06-24,Fase de grupos,Suíça,Canadá,2-1,Canadá,Suíça,NA,NA,44.7,13.0,6.0,7.0,4.0,NA,NA,NA,NA,NA,NA,271.0,339.0,6.0,26.0,NA,NA,NA,19.0,13.0,NA,NA,NA,espn_estatisticas_time,"ESPN stats: Canadá 1-2 Suíça; posse 44.7%, finalizações 13.0 (7.0 no alvo), escanteios 7.0, faltas 13.0.",ESPN public API event 760463 | https://site.api.espn.com/apis/site/v2/sports/soccer/fifa.world/scoreboard?dates=2026&limit=500,estatistica_time_partida_espn,NA,NA,NA,NA,NA,NA,-0.1012
50,2026-06-24,Fase de grupos,Marrocos,Haiti,4-2,Marrocos,Haiti,NA,NA,69.1,22.0,9.0,11.0,2.0,NA,NA,NA,NA,NA,NA,477.0,541.0,7.0,22.0,NA,NA,NA,14.0,8.0,NA,NA,NA,espn_estatisticas_time,"ESPN stats: Marrocos 4-2 Haiti; posse 69.1%, finalizações 22.0 (11.0 no alvo), escanteios 9.0, faltas 10.0.",ESPN public API event 760464 | https://site.api.espn.com/apis/site/v2/sports/soccer/fifa.world/scoreboard?dates=2026&limit=500,estatistica_time_partida_espn,NA,NA,NA,NA,NA,NA,0.7864
50,2026-06-24,Fase de grupos,Marrocos,Haiti,4-2,Haiti,Marrocos,NA,NA,30.9,9.0,22.0,2.0,11.0,NA,NA,NA,NA,NA,NA,198.0,247.0,2.0,3.0,NA,NA,NA,26.0,16.0,NA,NA,NA,espn_estatisticas_time,"ESPN stats: Haiti 2-4 Marrocos; posse 30.9%, finalizações 9.0 (2.0 no alvo), escanteios 1.0, faltas 18.0.",ESPN public API event 760464 | https://site.api.espn.com/apis/site/v2/sports/soccer/fifa.world/scoreboard?dates=2026&limit=500,estatistica_time_partida_espn,NA,NA,NA,NA,NA,NA,-0.6364
49,2026-06-24,Fase de grupos,Escócia,Brasil,0-3,Escócia,Brasil,NA,NA,46.0,14.0,21.0,5.0,9.0,NA,NA,NA,NA,NA,NA,450.0,500.0,9.0,23.0,NA,NA,NA,13.0,2.0,NA,NA,NA,espn_estatisticas_time,"ESPN stats: Escócia 0-3 Brasil; posse 46.0%, finalizações 14.0 (5.0 no alvo), escanteios 7.0, faltas 10.0.",ESPN public API event 760465 | https://site.api.espn.com/apis/site/v2/sports/soccer/fifa.world/scoreboard?dates=2026&limit=500,estatistica_time_partida_espn,NA,NA,NA,NA,NA,NA,-0.376
49,2026-06-24,Fase de grupos,Escócia,Brasil,0-3,Brasil,Escócia,NA,NA,54.0,21.0,14.0,9.0,5.0,NA,NA,NA,NA,NA,NA,564.0,605.0,2.0,12.0,NA,NA,NA,24.0,13.0,NA,NA,NA,espn_estatisticas_time,"ESPN stats: Brasil 3-0 Escócia; posse 54.0%, finalizações 21.0 (9.0 no alvo), escanteios 7.0, faltas 11.0.",ESPN public API event 760465 | https://site.api.espn.com/apis/site/v2/sports/soccer/fifa.world/scoreboard?dates=2026&limit=500,estatistica_time_partida_espn,NA,NA,NA,NA,NA,NA,0.526
53,2026-06-24,Fase de grupos,Tchéquia,México,0-3,Tchéquia,México,NA,NA,51.9,13.0,11.0,1.0,5.0,NA,NA,NA,NA,NA,NA,333.0,398.0,5.0,26.0,NA,NA,NA,20.0,5.0,NA,NA,NA,espn_estatisticas_time,"ESPN stats: Tchéquia 0-3 México; posse 51.9%, finalizações 13.0 (1.0 no alvo), escanteios 5.0, faltas 9.0.",ESPN public API event 760467 | https://site.api.espn.com/apis/site/v2/sports/soccer/fifa.world/scoreboard?dates=2026&limit=500,estatistica_time_partida_espn,NA,NA,NA,NA,NA,NA,-0.3524
53,2026-06-24,Fase de grupos,Tchéquia,México,0-3,México,Tchéquia,NA,NA,48.1,11.0,13.0,5.0,1.0,NA,NA,NA,NA,NA,NA,330.0,386.0,1.0,12.0,NA,NA,NA,30.0,7.0,NA,NA,NA,espn_estatisticas_time,"ESPN stats: México 3-0 Tchéquia; posse 48.1%, finalizações 11.0 (5.0 no alvo), escanteios 1.0, faltas 13.0.",ESPN public API event 760467 | https://site.api.espn.com/apis/site/v2/sports/soccer/fifa.world/scoreboard?dates=2026&limit=500,estatistica_time_partida_espn,NA,NA,NA,NA,NA,NA,0.5024
54,2026-06-24,Fase de grupos,África do Sul,Coreia do Sul,1-0,África do Sul,Coreia do Sul,NA,NA,31.6,13.0,8.0,4.0,3.0,NA,NA,NA,NA,NA,NA,277.0,340.0,1.0,8.0,NA,NA,NA,40.0,15.0,NA,NA,NA,espn_estatisticas_time,"ESPN stats: África do Sul 1-0 Coreia do Sul; posse 31.6%, finalizações 13.0 (4.0 no alvo), escanteios 4.0, faltas 7.0.",ESPN public API event 760466 | https://site.api.espn.com/apis/site/v2/sports/soccer/fifa.world/scoreboard?dates=2026&limit=500,estatistica_time_partida_espn,NA,NA,NA,NA,NA,NA,0.3164
54,2026-06-24,Fase de grupos,África do Sul,Coreia do Sul,1-0,Coreia do Sul,África do Sul,NA,NA,68.4,8.0,13.0,3.0,4.0,NA,NA,NA,NA,NA,NA,641.0,719.0,7.0,34.0,NA,NA,NA,16.0,4.0,NA,NA,NA,espn_estatisticas_time,"ESPN stats: Coreia do Sul 0-1 África do Sul; posse 68.4%, finalizações 8.0 (3.0 no alvo), escanteios 6.0, faltas 9.0.",ESPN public API event 760466 | https://site.api.espn.com/apis/site/v2/sports/soccer/fifa.world/scoreboard?dates=2026&limit=500,estatistica_time_partida_espn,NA,NA,NA,NA,NA,NA,-0.1664
55,2026-06-25,Fase de grupos,Curaçao,Costa do Marfim,0-2,Curaçao,Costa do Marfim,NA,NA,36.7,11.0,7.0,2.0,3.0,NA,NA,NA,NA,NA,NA,295.0,355.0,5.0,15.0,NA,NA,NA,17.0,15.0,NA,NA,NA,espn_estatisticas_time,"ESPN stats: Curaçao 0-2 Costa do Marfim; posse 36.7%, finalizações 11.0 (2.0 no alvo), escanteios 4.0, faltas 11.0.",ESPN public API event 760473 | https://site.api.espn.com/apis/site/v2/sports/soccer/fifa.world/scoreboard?dates=2026&limit=500,estatistica_time_partida_espn,NA,NA,NA,NA,NA,NA,-0.2932
55,2026-06-25,Fase de grupos,Curaçao,Costa do Marfim,0-2,Costa do Marfim,Curaçao,NA,NA,63.3,7.0,11.0,3.0,2.0,NA,NA,NA,NA,NA,NA,558.0,624.0,3.0,16.0,NA,NA,NA,19.0,12.0,NA,NA,NA,espn_estatisticas_time,"ESPN stats: Costa do Marfim 2-0 Curaçao; posse 63.3%, finalizações 7.0 (3.0 no alvo), escanteios 6.0, faltas 6.0.",ESPN public API event 760473 | https://site.api.espn.com/apis/site/v2/sports/soccer/fifa.world/scoreboard?dates=2026&limit=500,estatistica_time_partida_espn,NA,NA,NA,NA,NA,NA,0.4432
56,2026-06-25,Fase de grupos,Equador,Alemanha,2-1,Equador,Alemanha,NA,NA,38.9,7.0,11.0,3.0,3.0,NA,NA,NA,NA,NA,NA,312.0,378.0,3.0,13.0,NA,NA,NA,30.0,12.0,NA,NA,NA,espn_estatisticas_time,"ESPN stats: Equador 2-1 Alemanha; posse 38.9%, finalizações 7.0 (3.0 no alvo), escanteios 3.0, faltas 15.0.",ESPN public API event 760468 | https://site.api.espn.com/apis/site/v2/sports/soccer/fifa.world/scoreboard?dates=2026&limit=500,estatistica_time_partida_espn,NA,NA,NA,NA,NA,NA,0.3056
56,2026-06-25,Fase de grupos,Equador,Alemanha,2-1,Alemanha,Equador,NA,NA,61.1,11.0,7.0,3.0,3.0,NA,NA,NA,NA,NA,NA,517.0,592.0,5.0,16.0,NA,NA,NA,15.0,4.0,NA,NA,NA,espn_estatisticas_time,"ESPN stats: Alemanha 1-2 Equador; posse 61.1%, finalizações 11.0 (3.0 no alvo), escanteios 2.0, faltas 10.0.",ESPN public API event 760468 | https://site.api.espn.com/apis/site/v2/sports/soccer/fifa.world/scoreboard?dates=2026&limit=500,estatistica_time_partida_espn,NA,NA,NA,NA,NA,NA,-0.1556
57,2026-06-25,Fase de grupos,Japão,Suécia,1-1,Japão,Suécia,NA,NA,52.3,8.0,11.0,3.0,5.0,NA,NA,NA,NA,NA,NA,378.0,445.0,4.0,13.0,NA,NA,NA,40.0,4.0,NA,NA,NA,espn_estatisticas_time,"ESPN stats: Japão 1-1 Suécia; posse 52.3%, finalizações 8.0 (3.0 no alvo), escanteios 2.0, faltas 20.0.",ESPN public API event 760471 | https://site.api.espn.com/apis/site/v2/sports/soccer/fifa.world/scoreboard?dates=2026&limit=500,estatistica_time_partida_espn,NA,NA,NA,NA,NA,NA,-0.0208
57,2026-06-25,Fase de grupos,Japão,Suécia,1-1,Suécia,Japão,NA,NA,47.7,11.0,8.0,5.0,3.0,NA,NA,NA,NA,NA,NA,312.0,395.0,4.0,16.0,NA,NA,NA,21.0,5.0,NA,NA,NA,espn_estatisticas_time,"ESPN stats: Suécia 1-1 Japão; posse 47.7%, finalizações 11.0 (5.0 no alvo), escanteios 8.0, faltas 11.0.",ESPN public API event 760471 | https://site.api.espn.com/apis/site/v2/sports/soccer/fifa.world/scoreboard?dates=2026&limit=500,estatistica_time_partida_espn,NA,NA,NA,NA,NA,NA,0.1208
58,2026-06-25,Fase de grupos,Tunísia,Países Baixos,1-3,Tunísia,Países Baixos,NA,NA,28.6,10.0,20.0,4.0,7.0,NA,NA,NA,NA,NA,NA,199.0,258.0,4.0,13.0,NA,NA,NA,35.0,8.0,NA,NA,NA,espn_estatisticas_time,"ESPN stats: Tunísia 1-3 Países Baixos; posse 28.6%, finalizações 10.0 (4.0 no alvo), escanteios 4.0, faltas 11.0.",ESPN public API event 760472 | https://site.api.espn.com/apis/site/v2/sports/soccer/fifa.world/scoreboard?dates=2026&limit=500,estatistica_time_partida_espn,NA,NA,NA,NA,NA,NA,-0.4056
58,2026-06-25,Fase de grupos,Tunísia,Países Baixos,1-3,Países Baixos,Tunísia,NA,NA,71.4,20.0,10.0,7.0,4.0,NA,NA,NA,NA,NA,NA,602.0,647.0,6.0,27.0,NA,NA,NA,17.0,10.0,NA,NA,NA,espn_estatisticas_time,"ESPN stats: Países Baixos 3-1 Tunísia; posse 71.4%, finalizações 20.0 (7.0 no alvo), escanteios 6.0, faltas 10.0.",ESPN public API event 760472 | https://site.api.espn.com/apis/site/v2/sports/soccer/fifa.world/scoreboard?dates=2026&limit=500,estatistica_time_partida_espn,NA,NA,NA,NA,NA,NA,0.5556
60,2026-06-25,Fase de grupos,Paraguai,Austrália,0-0,Paraguai,Austrália,NA,NA,44.0,7.0,12.0,2.0,5.0,NA,NA,NA,NA,NA,NA,330.0,426.0,0.0,7.0,NA,NA,NA,24.0,8.0,NA,NA,NA,espn_estatisticas_time,"ESPN stats: Paraguai 0-0 Austrália; posse 44.0%, finalizações 7.0 (2.0 no alvo), escanteios 1.0, faltas 9.0.",ESPN public API event 760469 | https://site.api.espn.com/apis/site/v2/sports/soccer/fifa.world/scoreboard?dates=2026&limit=500,estatistica_time_partida_espn,NA,NA,NA,NA,NA,NA,-0.094
60,2026-06-25,Fase de grupos,Paraguai,Austrália,0-0,Austrália,Paraguai,NA,NA,56.0,12.0,7.0,5.0,2.0,NA,NA,NA,NA,NA,NA,438.0,537.0,4.0,13.0,NA,NA,NA,10.0,7.0,NA,NA,NA,espn_estatisticas_time,"ESPN stats: Austrália 0-0 Paraguai; posse 56.0%, finalizações 12.0 (5.0 no alvo), escanteios 3.0, faltas 6.0.",ESPN public API event 760469 | https://site.api.espn.com/apis/site/v2/sports/soccer/fifa.world/scoreboard?dates=2026&limit=500,estatistica_time_partida_espn,NA,NA,NA,NA,NA,NA,0.194
59,2026-06-25,Fase de grupos,Turquia,Estados Unidos,3-2,Turquia,Estados Unidos,NA,NA,47.4,9.0,18.0,3.0,7.0,NA,NA,NA,NA,NA,NA,335.0,434.0,0.0,12.0,NA,NA,NA,24.0,9.0,NA,NA,NA,espn_estatisticas_time,"ESPN stats: Turquia 3-2 Estados Unidos; posse 47.4%, finalizações 9.0 (3.0 no alvo), escanteios 2.0, faltas 13.0.",ESPN public API event 760470 | https://site.api.espn.com/apis/site/v2/sports/soccer/fifa.world/scoreboard?dates=2026&limit=500,estatistica_time_partida_espn,NA,NA,NA,NA,NA,NA,0.1796
59,2026-06-25,Fase de grupos,Turquia,Estados Unidos,3-2,Estados Unidos,Turquia,NA,NA,52.6,18.0,9.0,7.0,3.0,NA,NA,NA,NA,NA,NA,398.0,471.0,5.0,19.0,NA,NA,NA,27.0,9.0,NA,NA,NA,espn_estatisticas_time,"ESPN stats: Estados Unidos 2-3 Turquia; posse 52.6%, finalizações 18.0 (7.0 no alvo), escanteios 9.0, faltas 13.0.",ESPN public API event 760470 | https://site.api.espn.com/apis/site/v2/sports/soccer/fifa.world/scoreboard?dates=2026&limit=500,estatistica_time_partida_espn,NA,NA,NA,NA,NA,NA,-0.0296
61,2026-06-26,Fase de grupos,Noruega,França,1-4,Noruega,França,NA,NA,43.3,10.0,18.0,4.0,9.0,NA,NA,NA,NA,NA,NA,343.0,421.0,3.0,9.0,NA,NA,NA,16.0,13.0,NA,NA,NA,espn_estatisticas_time,"ESPN stats: Noruega 1-4 França; posse 43.3%, finalizações 10.0 (4.0 no alvo), escanteios 4.0, faltas 9.0.",ESPN public API event 760475 | https://site.api.espn.com/apis/site/v2/sports/soccer/fifa.world/scoreboard?dates=2026&limit=500,estatistica_time_partida_espn,NA,NA,NA,NA,NA,NA,-0.4268
61,2026-06-26,Fase de grupos,Noruega,França,1-4,França,Noruega,NA,NA,56.7,18.0,10.0,9.0,4.0,NA,NA,NA,NA,NA,NA,480.0,555.0,3.0,10.0,NA,NA,NA,19.0,11.0,NA,NA,NA,espn_estatisticas_time,"ESPN stats: França 4-1 Noruega; posse 56.7%, finalizações 18.0 (9.0 no alvo), escanteios 5.0, faltas 11.0.",ESPN public API event 760475 | https://site.api.espn.com/apis/site/v2/sports/soccer/fifa.world/scoreboard?dates=2026&limit=500,estatistica_time_partida_espn,NA,NA,NA,NA,NA,NA,0.5768
65,2026-06-26,Fase de grupos,Cabo Verde,Arábia Saudita,0-0,Cabo Verde,Arábia Saudita,NA,NA,51.0,15.0,7.0,2.0,3.0,NA,NA,NA,NA,NA,NA,381.0,451.0,2.0,18.0,NA,NA,NA,29.0,13.0,NA,NA,NA,espn_estatisticas_time,"ESPN stats: Cabo Verde 0-0 Arábia Saudita; posse 51.0%, finalizações 15.0 (2.0 no alvo), escanteios 4.0, faltas 10.0.",ESPN public API event 760478 | https://site.api.espn.com/apis/site/v2/sports/soccer/fifa.world/scoreboard?dates=2026&limit=500,estatistica_time_partida_espn,NA,NA,NA,NA,NA,NA,0.014
65,2026-06-26,Fase de grupos,Cabo Verde,Arábia Saudita,0-0,Arábia Saudita,Cabo Verde,NA,NA,49.0,7.0,15.0,3.0,2.0,NA,NA,NA,NA,NA,NA,359.0,444.0,3.0,11.0,NA,NA,NA,25.0,11.0,NA,NA,NA,espn_estatisticas_time,"ESPN stats: Arábia Saudita 0-0 Cabo Verde; posse 49.0%, finalizações 7.0 (3.0 no alvo), escanteios 2.0, faltas 16.0.",ESPN public API event 760478 | https://site.api.espn.com/apis/site/v2/sports/soccer/fifa.world/scoreboard?dates=2026&limit=500,estatistica_time_partida_espn,NA,NA,NA,NA,NA,NA,0.086
66,2026-06-26,Fase de grupos,Uruguai,Espanha,0-1,Uruguai,Espanha,NA,NA,33.1,5.0,6.0,1.0,1.0,NA,NA,NA,NA,NA,NA,228.0,301.0,1.0,16.0,NA,NA,NA,14.0,14.0,NA,NA,NA,espn_estatisticas_time,"ESPN stats: Uruguai 0-1 Espanha; posse 33.1%, finalizações 5.0 (1.0 no alvo), escanteios 1.0, faltas 14.0.",ESPN public API event 760479 | https://site.api.espn.com/apis/site/v2/sports/soccer/fifa.world/scoreboard?dates=2026&limit=500,estatistica_time_partida_espn,NA,NA,NA,NA,NA,NA,-0.2676
66,2026-06-26,Fase de grupos,Uruguai,Espanha,0-1,Espanha,Uruguai,NA,NA,66.9,6.0,5.0,1.0,1.0,NA,NA,NA,NA,NA,NA,553.0,622.0,3.0,12.0,NA,NA,NA,23.0,9.0,NA,NA,NA,espn_estatisticas_time,"ESPN stats: Espanha 1-0 Uruguai; posse 66.9%, finalizações 6.0 (1.0 no alvo), escanteios 6.0, faltas 14.0.",ESPN public API event 760479 | https://site.api.espn.com/apis/site/v2/sports/soccer/fifa.world/scoreboard?dates=2026&limit=500,estatistica_time_partida_espn,NA,NA,NA,NA,NA,NA,0.4176
63,2026-06-26,Fase de grupos,Egito,Irã,1-1,Egito,Irã,NA,NA,61.4,15.0,13.0,3.0,4.0,NA,NA,NA,NA,NA,NA,513.0,589.0,4.0,15.0,NA,NA,NA,38.0,7.0,NA,NA,NA,espn_estatisticas_time,"ESPN stats: Egito 1-1 Irã; posse 61.4%, finalizações 15.0 (3.0 no alvo), escanteios 8.0, faltas 11.0.",ESPN public API event 760476 | https://site.api.espn.com/apis/site/v2/sports/soccer/fifa.world/scoreboard?dates=2026&limit=500,estatistica_time_partida_espn,NA,NA,NA,NA,NA,NA,0.0556
63,2026-06-26,Fase de grupos,Egito,Irã,1-1,Irã,Egito,NA,NA,38.6,13.0,15.0,4.0,3.0,NA,NA,NA,NA,NA,NA,281.0,367.0,1.0,10.0,NA,NA,NA,32.0,8.0,NA,NA,NA,espn_estatisticas_time,"ESPN stats: Irã 1-1 Egito; posse 38.6%, finalizações 13.0 (4.0 no alvo), escanteios 2.0, faltas 16.0.",ESPN public API event 760476 | https://site.api.espn.com/apis/site/v2/sports/soccer/fifa.world/scoreboard?dates=2026&limit=500,estatistica_time_partida_espn,NA,NA,NA,NA,NA,NA,0.0444
64,2026-06-26,Fase de grupos,Nova Zelândia,Bélgica,1-5,Nova Zelândia,Bélgica,NA,NA,45.5,6.0,35.0,2.0,10.0,NA,NA,NA,NA,NA,NA,369.0,436.0,2.0,17.0,NA,NA,NA,35.0,6.0,NA,NA,NA,espn_estatisticas_time,"ESPN stats: Nova Zelândia 1-5 Bélgica; posse 45.5%, finalizações 6.0 (2.0 no alvo), escanteios 5.0, faltas 10.0.",ESPN public API event 760477 | https://site.api.espn.com/apis/site/v2/sports/soccer/fifa.world/scoreboard?dates=2026&limit=500,estatistica_time_partida_espn,NA,NA,NA,NA,NA,NA,-0.538
64,2026-06-26,Fase de grupos,Nova Zelândia,Bélgica,1-5,Bélgica,Nova Zelândia,NA,NA,54.5,35.0,6.0,10.0,2.0,NA,NA,NA,NA,NA,NA,462.0,525.0,6.0,16.0,NA,NA,NA,27.0,10.0,NA,NA,NA,espn_estatisticas_time,"ESPN stats: Bélgica 5-1 Nova Zelândia; posse 54.5%, finalizações 35.0 (10.0 no alvo), escanteios 8.0, faltas 7.0.",ESPN public API event 760477 | https://site.api.espn.com/apis/site/v2/sports/soccer/fifa.world/scoreboard?dates=2026&limit=500,estatistica_time_partida_espn,NA,NA,NA,NA,NA,NA,0.688
68,2026-06-27,Fase de grupos,Croácia,Gana,2-1,Croácia,Gana,NA,NA,53.3,8.0,6.0,4.0,1.0,NA,NA,NA,NA,NA,NA,477.0,523.0,3.0,15.0,NA,NA,NA,23.0,4.0,NA,NA,NA,espn_estatisticas_time,"ESPN stats: Croácia 2-1 Gana; posse 53.3%, finalizações 8.0 (4.0 no alvo), escanteios 3.0, faltas 9.0.",ESPN public API event 760480 | https://site.api.espn.com/apis/site/v2/sports/soccer/fifa.world/scoreboard?dates=2026&limit=500,estatistica_time_partida_espn,NA,NA,NA,NA,NA,NA,0.4832
68,2026-06-27,Fase de grupos,Croácia,Gana,2-1,Gana,Croácia,NA,NA,46.7,6.0,8.0,1.0,4.0,NA,NA,NA,NA,NA,NA,402.0,455.0,3.0,12.0,NA,NA,NA,11.0,9.0,NA,NA,NA,espn_estatisticas_time,"ESPN stats: Gana 1-2 Croácia; posse 46.7%, finalizações 6.0 (1.0 no alvo), escanteios 2.0, faltas 13.0.",ESPN public API event 760480 | https://site.api.espn.com/apis/site/v2/sports/soccer/fifa.world/scoreboard?dates=2026&limit=500,estatistica_time_partida_espn,NA,NA,NA,NA,NA,NA,-0.3332
67,2026-06-27,Fase de grupos,Panamá,Inglaterra,0-2,Panamá,Inglaterra,NA,NA,32.9,13.0,17.0,2.0,6.0,NA,NA,NA,NA,NA,NA,202.0,268.0,3.0,9.0,NA,NA,NA,34.0,6.0,NA,NA,NA,espn_estatisticas_time,"ESPN stats: Panamá 0-2 Inglaterra; posse 32.9%, finalizações 13.0 (2.0 no alvo), escanteios 3.0, faltas 16.0.",ESPN public API event 760485 | https://site.api.espn.com/apis/site/v2/sports/soccer/fifa.world/scoreboard?dates=2026&limit=500,estatistica_time_partida_espn,NA,NA,NA,NA,NA,NA,-0.4284
67,2026-06-27,Fase de grupos,Panamá,Inglaterra,0-2,Inglaterra,Panamá,NA,NA,67.1,17.0,13.0,6.0,2.0,NA,NA,NA,NA,NA,NA,490.0,558.0,4.0,25.0,NA,NA,NA,20.0,5.0,NA,NA,NA,espn_estatisticas_time,"ESPN stats: Inglaterra 2-0 Panamá; posse 67.1%, finalizações 17.0 (6.0 no alvo), escanteios 7.0, faltas 13.0.",ESPN public API event 760485 | https://site.api.espn.com/apis/site/v2/sports/soccer/fifa.world/scoreboard?dates=2026&limit=500,estatistica_time_partida_espn,NA,NA,NA,NA,NA,NA,0.5784
71,2026-06-27,Fase de grupos,Colômbia,Portugal,0-0,Colômbia,Portugal,NA,NA,54.6,24.0,13.0,6.0,2.0,NA,NA,NA,NA,NA,NA,485.0,544.0,3.0,11.0,NA,NA,NA,16.0,6.0,NA,NA,NA,espn_estatisticas_time,"ESPN stats: Colômbia 0-0 Portugal; posse 54.6%, finalizações 24.0 (6.0 no alvo), escanteios 5.0, faltas 12.0.",ESPN public API event 760481 | https://site.api.espn.com/apis/site/v2/sports/soccer/fifa.world/scoreboard?dates=2026&limit=500,estatistica_time_partida_espn,NA,NA,NA,NA,NA,NA,0.2284
71,2026-06-27,Fase de grupos,Colômbia,Portugal,0-0,Portugal,Colômbia,NA,NA,45.4,13.0,24.0,2.0,6.0,NA,NA,NA,NA,NA,NA,405.0,446.0,2.0,13.0,NA,NA,NA,22.0,13.0,NA,NA,NA,espn_estatisticas_time,"ESPN stats: Portugal 0-0 Colômbia; posse 45.4%, finalizações 13.0 (2.0 no alvo), escanteios 2.0, faltas 6.0.",ESPN public API event 760481 | https://site.api.espn.com/apis/site/v2/sports/soccer/fifa.world/scoreboard?dates=2026&limit=500,estatistica_time_partida_espn,NA,NA,NA,NA,NA,NA,-0.1284
72,2026-06-27,Fase de grupos,RD Congo,Uzbequistão,3-1,RD Congo,Uzbequistão,NA,NA,57.6,19.0,3.0,4.0,1.0,NA,NA,NA,NA,NA,NA,400.0,485.0,6.0,22.0,NA,NA,NA,25.0,7.0,NA,NA,NA,espn_estatisticas_time,"ESPN stats: RD Congo 3-1 Uzbequistão; posse 57.6%, finalizações 19.0 (4.0 no alvo), escanteios 2.0, faltas 6.0.",ESPN public API event 760482 | https://site.api.espn.com/apis/site/v2/sports/soccer/fifa.world/scoreboard?dates=2026&limit=500,estatistica_time_partida_espn,NA,NA,NA,NA,NA,NA,0.5004
72,2026-06-27,Fase de grupos,RD Congo,Uzbequistão,3-1,Uzbequistão,RD Congo,NA,NA,42.4,3.0,19.0,1.0,4.0,NA,NA,NA,NA,NA,NA,269.0,355.0,2.0,16.0,NA,NA,NA,38.0,12.0,NA,NA,NA,espn_estatisticas_time,"ESPN stats: Uzbequistão 1-3 RD Congo; posse 42.4%, finalizações 3.0 (1.0 no alvo), escanteios 4.0, faltas 16.0.",ESPN public API event 760482 | https://site.api.espn.com/apis/site/v2/sports/soccer/fifa.world/scoreboard?dates=2026&limit=500,estatistica_time_partida_espn,NA,NA,NA,NA,NA,NA,-0.3504
69,2026-06-27,Fase de grupos,Argélia,Áustria,3-3,Argélia,Áustria,NA,NA,65.0,12.0,10.0,5.0,3.0,NA,NA,NA,NA,NA,NA,706.0,754.0,0.0,5.0,NA,NA,NA,18.0,4.0,NA,NA,NA,espn_estatisticas_time,"ESPN stats: Argélia 3-3 Áustria; posse 65.0%, finalizações 12.0 (5.0 no alvo), escanteios 0.0, faltas 3.0.",ESPN public API event 760484 | https://site.api.espn.com/apis/site/v2/sports/soccer/fifa.world/scoreboard?dates=2026&limit=500,estatistica_time_partida_espn,NA,NA,NA,NA,NA,NA,0.19
69,2026-06-27,Fase de grupos,Argélia,Áustria,3-3,Áustria,Argélia,NA,NA,35.0,10.0,12.0,3.0,5.0,NA,NA,NA,NA,NA,NA,346.0,396.0,3.0,13.0,NA,NA,NA,19.0,10.0,NA,NA,NA,espn_estatisticas_time,"ESPN stats: Áustria 3-3 Argélia; posse 35.0%, finalizações 10.0 (3.0 no alvo), escanteios 3.0, faltas 7.0.",ESPN public API event 760484 | https://site.api.espn.com/apis/site/v2/sports/soccer/fifa.world/scoreboard?dates=2026&limit=500,estatistica_time_partida_espn,NA,NA,NA,NA,NA,NA,-0.09
70,2026-06-27,Fase de grupos,Jordânia,Argentina,1-3,Jordânia,Argentina,NA,NA,26.7,5.0,12.0,1.0,4.0,NA,NA,NA,NA,NA,NA,228.0,285.0,2.0,7.0,NA,NA,NA,13.0,19.0,NA,NA,NA,espn_estatisticas_time,"ESPN stats: Jordânia 1-3 Argentina; posse 26.7%, finalizações 5.0 (1.0 no alvo), escanteios 2.0, faltas 13.0.",ESPN public API event 760483 | https://site.api.espn.com/apis/site/v2/sports/soccer/fifa.world/scoreboard?dates=2026&limit=500,estatistica_time_partida_espn,NA,NA,NA,NA,NA,NA,-0.4132
70,2026-06-27,Fase de grupos,Jordânia,Argentina,1-3,Argentina,Jordânia,NA,NA,73.3,12.0,5.0,4.0,1.0,NA,NA,NA,NA,NA,NA,737.0,801.0,3.0,5.0,NA,NA,NA,9.0,12.0,NA,NA,NA,espn_estatisticas_time,"ESPN stats: Argentina 3-1 Jordânia; posse 73.3%, finalizações 12.0 (4.0 no alvo), escanteios 6.0, faltas 7.0.",ESPN public API event 760483 | https://site.api.espn.com/apis/site/v2/sports/soccer/fifa.world/scoreboard?dates=2026&limit=500,estatistica_time_partida_espn,NA,NA,NA,NA,NA,NA,0.5632
73,2026-06-28,16 avos de final,África do Sul,Canadá,0-1,África do Sul,Canadá,NA,NA,58.4,6.0,12.0,1.0,7.0,NA,NA,NA,NA,NA,NA,466.0,554.0,2.0,7.0,NA,NA,NA,33.0,15.0,NA,NA,NA,espn_estatisticas_time,"ESPN stats: África do Sul 0-1 Canadá; posse 58.4%, finalizações 6.0 (1.0 no alvo), escanteios 1.0, faltas 10.0.",ESPN public API event 760486 | https://site.api.espn.com/apis/site/v2/sports/soccer/fifa.world/scoreboard?dates=2026&limit=500,estatistica_time_partida_espn,NA,NA,NA,NA,NA,NA,-0.4064
73,2026-06-28,16 avos de final,África do Sul,Canadá,0-1,Canadá,África do Sul,NA,NA,41.6,12.0,6.0,7.0,1.0,NA,NA,NA,NA,NA,NA,298.0,379.0,5.0,13.0,NA,NA,NA,16.0,8.0,NA,NA,NA,espn_estatisticas_time,"ESPN stats: Canadá 1-0 África do Sul; posse 41.6%, finalizações 12.0 (7.0 no alvo), escanteios 4.0, faltas 16.0.",ESPN public API event 760486 | https://site.api.espn.com/apis/site/v2/sports/soccer/fifa.world/scoreboard?dates=2026&limit=500,estatistica_time_partida_espn,NA,NA,NA,NA,NA,NA,0.5564
76,2026-06-29,16 avos de final,Brasil,Japão,2-1,Brasil,Japão,NA,NA,68.6,19.0,5.0,7.0,2.0,NA,NA,NA,NA,NA,NA,625.0,682.0,10.0,39.0,NA,NA,NA,19.0,9.0,NA,NA,NA,espn_estatisticas_time,"ESPN stats: Brasil 2-1 Japão; posse 68.6%, finalizações 19.0 (7.0 no alvo), escanteios 6.0, faltas 4.0.",ESPN public API event 760487 | https://site.api.espn.com/apis/site/v2/sports/soccer/fifa.world/scoreboard?dates=2026&limit=500,estatistica_time_partida_espn,NA,NA,NA,NA,NA,NA,0.6244
76,2026-06-29,16 avos de final,Brasil,Japão,2-1,Japão,Brasil,NA,NA,31.4,5.0,19.0,2.0,7.0,NA,NA,NA,NA,NA,NA,260.0,313.0,2.0,11.0,NA,NA,NA,45.0,6.0,NA,NA,NA,espn_estatisticas_time,"ESPN stats: Japão 1-2 Brasil; posse 31.4%, finalizações 5.0 (2.0 no alvo), escanteios 2.0, faltas 13.0.",ESPN public API event 760487 | https://site.api.espn.com/apis/site/v2/sports/soccer/fifa.world/scoreboard?dates=2026&limit=500,estatistica_time_partida_espn,NA,NA,NA,NA,NA,NA,-0.4744
74,2026-06-29,16 avos de final,Alemanha,Paraguai,1-1,Alemanha,Paraguai,NA,NA,75.6,21.0,7.0,6.0,3.0,NA,NA,NA,NA,NA,NA,725.0,805.0,9.0,55.0,NA,NA,NA,23.0,4.0,NA,NA,NA,espn_estatisticas_time,"ESPN stats: Alemanha 1-1 Paraguai; posse 75.6%, finalizações 21.0 (6.0 no alvo), escanteios 16.0, faltas 18.0.",ESPN public API event 760489 | https://site.api.espn.com/apis/site/v2/sports/soccer/fifa.world/scoreboard?dates=2026&limit=500,estatistica_time_partida_espn,NA,NA,NA,NA,NA,NA,0.2724
74,2026-06-29,16 avos de final,Alemanha,Paraguai,1-1,Paraguai,Alemanha,NA,NA,24.4,7.0,21.0,3.0,6.0,NA,NA,NA,NA,NA,NA,160.0,255.0,6.0,21.0,NA,NA,NA,55.0,13.0,NA,NA,NA,espn_estatisticas_time,"ESPN stats: Paraguai 1-1 Alemanha; posse 24.4%, finalizações 7.0 (3.0 no alvo), escanteios 6.0, faltas 12.0.",ESPN public API event 760489 | https://site.api.espn.com/apis/site/v2/sports/soccer/fifa.world/scoreboard?dates=2026&limit=500,estatistica_time_partida_espn,NA,NA,NA,NA,NA,NA,-0.1724
75,2026-06-29,16 avos de final,Países Baixos,Marrocos,1-1,Países Baixos,Marrocos,NA,NA,29.9,6.0,11.0,2.0,5.0,NA,NA,NA,NA,NA,NA,292.0,371.0,3.0,10.0,NA,NA,NA,22.0,11.0,NA,NA,NA,espn_estatisticas_time,"ESPN stats: Países Baixos 1-1 Marrocos; posse 29.9%, finalizações 6.0 (2.0 no alvo), escanteios 5.0, faltas 18.0.",ESPN public API event 760488 | https://site.api.espn.com/apis/site/v2/sports/soccer/fifa.world/scoreboard?dates=2026&limit=500,estatistica_time_partida_espn,NA,NA,NA,NA,NA,NA,-0.1504
75,2026-06-29,16 avos de final,Países Baixos,Marrocos,1-1,Marrocos,Países Baixos,NA,NA,70.1,11.0,6.0,5.0,2.0,NA,NA,NA,NA,NA,NA,801.0,879.0,4.0,18.0,NA,NA,NA,34.0,11.0,NA,NA,NA,espn_estatisticas_time,"ESPN stats: Marrocos 1-1 Países Baixos; posse 70.1%, finalizações 11.0 (5.0 no alvo), escanteios 8.0, faltas 15.0.",ESPN public API event 760488 | https://site.api.espn.com/apis/site/v2/sports/soccer/fifa.world/scoreboard?dates=2026&limit=500,estatistica_time_partida_espn,NA,NA,NA,NA,NA,NA,0.2504
78,2026-06-30,16 avos de final,Costa do Marfim,Noruega,1-2,Costa do Marfim,Noruega,NA,NA,47.0,14.0,9.0,5.0,4.0,NA,NA,NA,NA,NA,NA,339.0,401.0,7.0,29.0,NA,NA,NA,11.0,4.0,NA,NA,NA,espn_estatisticas_time,"ESPN stats: Costa do Marfim 1-2 Noruega; posse 47.0%, finalizações 14.0 (5.0 no alvo), escanteios 14.0, faltas 6.0.",ESPN public API event 760490 | https://site.api.espn.com/apis/site/v2/sports/soccer/fifa.world/scoreboard?dates=2026&limit=500,estatistica_time_partida_espn,NA,NA,NA,NA,NA,NA,-0.172
78,2026-06-30,16 avos de final,Costa do Marfim,Noruega,1-2,Noruega,Costa do Marfim,NA,NA,53.0,9.0,14.0,4.0,5.0,NA,NA,NA,NA,NA,NA,415.0,474.0,5.0,10.0,NA,NA,NA,37.0,5.0,NA,NA,NA,espn_estatisticas_time,"ESPN stats: Noruega 2-1 Costa do Marfim; posse 53.0%, finalizações 9.0 (4.0 no alvo), escanteios 3.0, faltas 7.0.",ESPN public API event 760490 | https://site.api.espn.com/apis/site/v2/sports/soccer/fifa.world/scoreboard?dates=2026&limit=500,estatistica_time_partida_espn,NA,NA,NA,NA,NA,NA,0.322
77,2026-06-30,16 avos de final,França,Suécia,3-0,França,Suécia,NA,NA,61.0,25.0,8.0,12.0,3.0,NA,NA,NA,NA,NA,NA,484.0,551.0,4.0,17.0,NA,NA,NA,23.0,5.0,NA,NA,NA,espn_estatisticas_time,"ESPN stats: França 3-0 Suécia; posse 61.0%, finalizações 25.0 (12.0 no alvo), escanteios 9.0, faltas 14.0.",ESPN public API event 760492 | https://site.api.espn.com/apis/site/v2/sports/soccer/fifa.world/scoreboard?dates=2026&limit=500,estatistica_time_partida_espn,NA,NA,NA,NA,NA,NA,0.754
77,2026-06-30,16 avos de final,França,Suécia,3-0,Suécia,França,NA,NA,39.0,8.0,25.0,3.0,12.0,NA,NA,NA,NA,NA,NA,278.0,350.0,3.0,11.0,NA,NA,NA,26.0,12.0,NA,NA,NA,espn_estatisticas_time,"ESPN stats: Suécia 0-3 França; posse 39.0%, finalizações 8.0 (3.0 no alvo), escanteios 1.0, faltas 10.0.",ESPN public API event 760492 | https://site.api.espn.com/apis/site/v2/sports/soccer/fifa.world/scoreboard?dates=2026&limit=500,estatistica_time_partida_espn,NA,NA,NA,NA,NA,NA,-0.604
79,2026-06-30,16 avos de final,México,Equador,2-0,México,Equador,NA,NA,42.8,15.0,7.0,3.0,1.0,NA,NA,NA,NA,NA,NA,248.0,316.0,4.0,7.0,NA,NA,NA,39.0,7.0,NA,NA,NA,espn_estatisticas_time,"ESPN stats: México 2-0 Equador; posse 42.8%, finalizações 15.0 (3.0 no alvo), escanteios 3.0, faltas 10.0.",ESPN public API event 760491 | https://site.api.espn.com/apis/site/v2/sports/soccer/fifa.world/scoreboard?dates=2026&limit=500,estatistica_time_partida_espn,NA,NA,NA,NA,NA,NA,0.4012
79,2026-06-30,16 avos de final,México,Equador,2-0,Equador,México,NA,NA,57.2,7.0,15.0,1.0,3.0,NA,NA,NA,NA,NA,NA,341.0,410.0,3.0,25.0,NA,NA,NA,19.0,6.0,NA,NA,NA,espn_estatisticas_time,"ESPN stats: Equador 0-2 México; posse 57.2%, finalizações 7.0 (1.0 no alvo), escanteios 8.0, faltas 14.0.",ESPN public API event 760491 | https://site.api.espn.com/apis/site/v2/sports/soccer/fifa.world/scoreboard?dates=2026&limit=500,estatistica_time_partida_espn,NA,NA,NA,NA,NA,NA,-0.2512
80,2026-07-01,16 avos de final,Inglaterra,RD Congo,2-1,Inglaterra,RD Congo,NA,NA,59.7,16.0,7.0,7.0,2.0,NA,NA,NA,NA,NA,NA,468.0,517.0,9.0,43.0,NA,NA,NA,23.0,7.0,NA,NA,NA,espn_estatisticas_time,"ESPN stats: Inglaterra 2-1 RD Congo; posse 59.7%, finalizações 16.0 (7.0 no alvo), escanteios 5.0, faltas 10.0.",ESPN public API event 760495 | https://site.api.espn.com/apis/site/v2/sports/soccer/fifa.world/scoreboard?dates=2026&limit=500,estatistica_time_partida_espn,NA,NA,NA,NA,NA,NA,0.5888
80,2026-07-01,16 avos de final,Inglaterra,RD Congo,2-1,RD Congo,Inglaterra,NA,NA,40.3,7.0,16.0,2.0,7.0,NA,NA,NA,NA,NA,NA,299.0,365.0,1.0,13.0,NA,NA,NA,36.0,3.0,NA,NA,NA,espn_estatisticas_time,"ESPN stats: RD Congo 1-2 Inglaterra; posse 40.3%, finalizações 7.0 (2.0 no alvo), escanteios 3.0, faltas 12.0.",ESPN public API event 760495 | https://site.api.espn.com/apis/site/v2/sports/soccer/fifa.world/scoreboard?dates=2026&limit=500,estatistica_time_partida_espn,NA,NA,NA,NA,NA,NA,-0.4388
82,2026-07-01,16 avos de final,Bélgica,Senegal,3-2,Bélgica,Senegal,NA,NA,52.3,19.0,19.0,5.0,5.0,NA,NA,NA,NA,NA,NA,602.0,701.0,7.0,26.0,NA,NA,NA,28.0,8.0,NA,NA,NA,espn_estatisticas_time,"ESPN stats: Bélgica 3-2 Senegal; posse 52.3%, finalizações 19.0 (5.0 no alvo), escanteios 4.0, faltas 22.0.",ESPN public API event 760493 | https://site.api.espn.com/apis/site/v2/sports/soccer/fifa.world/scoreboard?dates=2026&limit=500,estatistica_time_partida_espn,NA,NA,NA,NA,NA,NA,0.3592
82,2026-07-01,16 avos de final,Bélgica,Senegal,3-2,Senegal,Bélgica,NA,NA,47.7,19.0,19.0,5.0,5.0,NA,NA,NA,NA,NA,NA,536.0,639.0,5.0,22.0,NA,NA,NA,31.0,11.0,NA,NA,NA,espn_estatisticas_time,"ESPN stats: Senegal 2-3 Bélgica; posse 47.7%, finalizações 19.0 (5.0 no alvo), escanteios 2.0, faltas 12.0.",ESPN public API event 760493 | https://site.api.espn.com/apis/site/v2/sports/soccer/fifa.world/scoreboard?dates=2026&limit=500,estatistica_time_partida_espn,NA,NA,NA,NA,NA,NA,-0.2092
81,2026-07-01,16 avos de final,Estados Unidos,Bósnia e Herzegovina,2-0,Estados Unidos,Bósnia e Herzegovina,NA,NA,48.4,8.0,10.0,2.0,3.0,NA,NA,NA,NA,NA,NA,349.0,415.0,3.0,14.0,NA,NA,NA,28.0,7.0,NA,NA,NA,espn_estatisticas_time,"ESPN stats: Estados Unidos 2-0 Bósnia e Herzegovina; posse 48.4%, finalizações 8.0 (2.0 no alvo), escanteios 4.0, faltas 7.0.",ESPN public API event 760494 | https://site.api.espn.com/apis/site/v2/sports/soccer/fifa.world/scoreboard?dates=2026&limit=500,estatistica_time_partida_espn,NA,NA,NA,NA,NA,NA,0.3036
81,2026-07-01,16 avos de final,Estados Unidos,Bósnia e Herzegovina,2-0,Bósnia e Herzegovina,Estados Unidos,NA,NA,51.6,10.0,8.0,3.0,2.0,NA,NA,NA,NA,NA,NA,365.0,447.0,0.0,13.0,NA,NA,NA,26.0,7.0,NA,NA,NA,espn_estatisticas_time,"ESPN stats: Bósnia e Herzegovina 0-2 Estados Unidos; posse 51.6%, finalizações 10.0 (3.0 no alvo), escanteios 3.0, faltas 13.0.",ESPN public API event 760494 | https://site.api.espn.com/apis/site/v2/sports/soccer/fifa.world/scoreboard?dates=2026&limit=500,estatistica_time_partida_espn,NA,NA,NA,NA,NA,NA,-0.1536
84,2026-07-02,16 avos de final,Espanha,Áustria,3-0,Espanha,Áustria,NA,NA,64.4,23.0,5.0,10.0,0.0,NA,NA,NA,NA,NA,NA,570.0,629.0,7.0,21.0,NA,NA,NA,15.0,6.0,NA,NA,NA,espn_estatisticas_time,"ESPN stats: Espanha 3-0 Áustria; posse 64.4%, finalizações 23.0 (10.0 no alvo), escanteios 9.0, faltas 8.0.",ESPN public API event 760497 | https://site.api.espn.com/apis/site/v2/sports/soccer/fifa.world/scoreboard?dates=2026&limit=500,estatistica_time_partida_espn,NA,NA,NA,NA,NA,NA,0.8076
84,2026-07-02,16 avos de final,Espanha,Áustria,3-0,Áustria,Espanha,NA,NA,35.6,5.0,23.0,0.0,10.0,NA,NA,NA,NA,NA,NA,285.0,347.0,3.0,13.0,NA,NA,NA,21.0,6.0,NA,NA,NA,espn_estatisticas_time,"ESPN stats: Áustria 0-3 Espanha; posse 35.6%, finalizações 5.0 (0.0 no alvo), escanteios 0.0, faltas 15.0.",ESPN public API event 760497 | https://site.api.espn.com/apis/site/v2/sports/soccer/fifa.world/scoreboard?dates=2026&limit=500,estatistica_time_partida_espn,NA,NA,NA,NA,NA,NA,-0.6576
83,2026-07-02,16 avos de final,Portugal,Croácia,2-1,Portugal,Croácia,NA,NA,60.4,15.0,13.0,3.0,6.0,NA,NA,NA,NA,NA,NA,533.0,585.0,6.0,20.0,NA,NA,NA,19.0,5.0,NA,NA,NA,espn_estatisticas_time,"ESPN stats: Portugal 2-1 Croácia; posse 60.4%, finalizações 15.0 (3.0 no alvo), escanteios 9.0, faltas 6.0.",ESPN public API event 760496 | https://site.api.espn.com/apis/site/v2/sports/soccer/fifa.world/scoreboard?dates=2026&limit=500,estatistica_time_partida_espn,NA,NA,NA,NA,NA,NA,0.2716
83,2026-07-02,16 avos de final,Portugal,Croácia,2-1,Croácia,Portugal,NA,NA,39.6,13.0,15.0,6.0,3.0,NA,NA,NA,NA,NA,NA,312.0,370.0,7.0,22.0,NA,NA,NA,19.0,10.0,NA,NA,NA,espn_estatisticas_time,"ESPN stats: Croácia 1-2 Portugal; posse 39.6%, finalizações 13.0 (6.0 no alvo), escanteios 5.0, faltas 12.0.",ESPN public API event 760496 | https://site.api.espn.com/apis/site/v2/sports/soccer/fifa.world/scoreboard?dates=2026&limit=500,estatistica_time_partida_espn,NA,NA,NA,NA,NA,NA,-0.1216
85,2026-07-02,16 avos de final,Suíça,Argélia,2-0,Suíça,Argélia,NA,NA,44.5,11.0,8.0,5.0,2.0,NA,NA,NA,NA,NA,NA,355.0,438.0,4.0,14.0,NA,NA,NA,23.0,17.0,NA,NA,NA,espn_estatisticas_time,"ESPN stats: Suíça 2-0 Argélia; posse 44.5%, finalizações 11.0 (5.0 no alvo), escanteios 4.0, faltas 10.0.",ESPN public API event 760498 | https://site.api.espn.com/apis/site/v2/sports/soccer/fifa.world/scoreboard?dates=2026&limit=500,estatistica_time_partida_espn,NA,NA,NA,NA,NA,NA,0.448
85,2026-07-02,16 avos de final,Suíça,Argélia,2-0,Argélia,Suíça,NA,NA,55.5,8.0,11.0,2.0,5.0,NA,NA,NA,NA,NA,NA,478.0,563.0,1.0,6.0,NA,NA,NA,14.0,10.0,NA,NA,NA,espn_estatisticas_time,"ESPN stats: Argélia 0-2 Suíça; posse 55.5%, finalizações 8.0 (2.0 no alvo), escanteios 2.0, faltas 12.0.",ESPN public API event 760498 | https://site.api.espn.com/apis/site/v2/sports/soccer/fifa.world/scoreboard?dates=2026&limit=500,estatistica_time_partida_espn,NA,NA,NA,NA,NA,NA,-0.298
88,2026-07-03,16 avos de final,Austrália,Egito,1-1,Austrália,Egito,NA,NA,41.7,16.0,14.0,1.0,3.0,NA,NA,NA,NA,NA,NA,403.0,505.0,7.0,25.0,NA,NA,NA,31.0,9.0,NA,NA,NA,espn_estatisticas_time,"ESPN stats: Austrália 1-1 Egito; posse 41.7%, finalizações 16.0 (1.0 no alvo), escanteios 4.0, faltas 12.0.",ESPN public API event 760499 | https://site.api.espn.com/apis/site/v2/sports/soccer/fifa.world/scoreboard?dates=2026&limit=500,estatistica_time_partida_espn,NA,NA,NA,NA,NA,NA,-0.0632
88,2026-07-03,16 avos de final,Austrália,Egito,1-1,Egito,Austrália,NA,NA,58.3,14.0,16.0,3.0,1.0,NA,NA,NA,NA,NA,NA,613.0,722.0,6.0,24.0,NA,NA,NA,37.0,8.0,NA,NA,NA,espn_estatisticas_time,"ESPN stats: Egito 1-1 Austrália; posse 58.3%, finalizações 14.0 (3.0 no alvo), escanteios 7.0, faltas 14.0.",ESPN public API event 760499 | https://site.api.espn.com/apis/site/v2/sports/soccer/fifa.world/scoreboard?dates=2026&limit=500,estatistica_time_partida_espn,NA,NA,NA,NA,NA,NA,0.1632
86,2026-07-03,16 avos de final,Argentina,Cabo Verde,3-2,Argentina,Cabo Verde,NA,NA,63.6,22.0,16.0,10.0,5.0,NA,NA,NA,NA,NA,NA,780.0,850.0,6.0,15.0,NA,NA,NA,24.0,9.0,NA,NA,NA,espn_estatisticas_time,"ESPN stats: Argentina 3-2 Cabo Verde; posse 63.6%, finalizações 22.0 (10.0 no alvo), escanteios 8.0, faltas 13.0.",ESPN public API event 760500 | https://site.api.espn.com/apis/site/v2/sports/soccer/fifa.world/scoreboard?dates=2026&limit=500,estatistica_time_partida_espn,NA,NA,NA,NA,NA,NA,0.6044
86,2026-07-03,16 avos de final,Argentina,Cabo Verde,3-2,Cabo Verde,Argentina,NA,NA,36.4,16.0,22.0,5.0,10.0,NA,NA,NA,NA,NA,NA,408.0,475.0,6.0,21.0,NA,NA,NA,26.0,9.0,NA,NA,NA,espn_estatisticas_time,"ESPN stats: Cabo Verde 2-3 Argentina; posse 36.4%, finalizações 16.0 (5.0 no alvo), escanteios 8.0, faltas 12.0.",ESPN public API event 760500 | https://site.api.espn.com/apis/site/v2/sports/soccer/fifa.world/scoreboard?dates=2026&limit=500,estatistica_time_partida_espn,NA,NA,NA,NA,NA,NA,-0.4544
