run_id,source,logical_name,path,url,status_code,content_type,collected_at,sha256,from_cache,error
20260704T010732Z,fifa_scores_fixtures,fifa_scores_fixtures_page,data/raw/20260704T010732Z/fifa_scores_fixtures/fifa_scores_fixtures_page__8892f405-bd86-44d1-b853-bfca28fb066f.json,https://www.fifa.com/en/tournaments/mens/worldcup/canadamexicousa2026/scores-fixtures,200,text/html; charset=utf-8,2026-07-04T01:07:33.503398+00:00,0f87bd5c604357a00f76c0983bf0c3a5e606e74904894f91c82831c441ed67e7,False,
20260704T010732Z,fifa_scores_fixtures,fifa_scores_fixtures_page_links,data/raw/20260704T010732Z/fifa_scores_fixtures/fifa_scores_fixtures_page_links__34485896-bd69-49f3-a2ff-45643c2000cc.json,https://www.fifa.com/en/tournaments/mens/worldcup/canadamexicousa2026/scores-fixtures,200,application/json; derived=links_from_html,2026-07-04T01:07:33.503398+00:00,4f53cda18c2baa0c0354bb5f9a3ecbe5ed12ab4d8e11ba873c2f11161202b945,False,
20260704T010732Z,fifa_scores_fixtures,fifa_scores_fixtures_page_candidate_match_report_links,data/raw/20260704T010732Z/fifa_scores_fixtures/fifa_scores_fixtures_page_candidate_match_report_links__c8caf71c-e905-4582-ad8a-88e5da2ff418.json,https://www.fifa.com/en/tournaments/mens/worldcup/canadamexicousa2026/scores-fixtures,200,application/json; derived=candidate_match_report_links,2026-07-04T01:07:33.503398+00:00,4f53cda18c2baa0c0354bb5f9a3ecbe5ed12ab4d8e11ba873c2f11161202b945,False,
20260704T010732Z,fifa_data_centre,fifa_data_centre_matches_page,data/raw/20260704T010732Z/fifa_data_centre/fifa_data_centre_matches_page__6b67d3f2-0906-4bfb-8c37-e94b5fac3fba.json,https://inside.fifa.com/data-centre/matches,200,text/html; charset=utf-8,2026-07-04T01:07:34.664867+00:00,4b8634662c076f70ce6702829e82f8727c7d7d72dfbdd6910ad074455c5fc758,False,
20260704T010732Z,fifa_data_centre,fifa_data_centre_matches_page_links,data/raw/20260704T010732Z/fifa_data_centre/fifa_data_centre_matches_page_links__402b48bb-6671-4a36-a4ee-10c66de2b329.json,https://inside.fifa.com/data-centre/matches,200,application/json; derived=links_from_html,2026-07-04T01:07:34.664867+00:00,af8608e5695043352e4b8975e75e98d45a635edc182e6b78499504788d13c749,False,
20260704T010732Z,fifa_data_centre,fifa_data_centre_matches_page_candidate_match_report_links,data/raw/20260704T010732Z/fifa_data_centre/fifa_data_centre_matches_page_candidate_match_report_links__e139ba8c-9a59-4e5f-ab4d-b7efbbe42e66.json,https://inside.fifa.com/data-centre/matches,200,application/json; derived=candidate_match_report_links,2026-07-04T01:07:34.664867+00:00,cbde10ed724f39c2b1b079031d93fa98f7a5f562acbff4953696bbb26448f137,False,
20260704T010732Z,fifa_data_centre,fifa_data_centre_matches_page_candidate_detail_1,data/raw/20260704T010732Z/fifa_data_centre/fifa_data_centre_matches_page_candidate_detail_1__2af10b57-806c-4c68-a568-4cd682c08afb.json,https://inside.fifa.com/data-centre/matches#optanon-show-settings-link,200,text/html; charset=utf-8,2026-07-04T01:07:43.517227+00:00,4b8634662c076f70ce6702829e82f8727c7d7d72dfbdd6910ad074455c5fc758,False,
20260704T010732Z,fifa_training_reports,fifa_training_reports_hub_page,data/raw/20260704T010732Z/fifa_training_reports/fifa_training_reports_hub_page__65151557-aebc-4a03-8f2d-bc0c0ba11c93.json,https://www.fifatrainingcentre.com/en/fifa-world-cup-2026/match-report-hub.php,200,text/html; charset=UTF-8,2026-07-04T01:07:44.701116+00:00,3895143becc04d4f05e2d22d92888d5011445ccced8bca867a9b46bb37f2ee8d,False,
20260704T010732Z,fifa_training_reports,fifa_training_reports_hub_page_links,data/raw/20260704T010732Z/fifa_training_reports/fifa_training_reports_hub_page_links__15c1c0a7-d5b3-47a4-8ab1-6a98255565fb.json,https://www.fifatrainingcentre.com/en/fifa-world-cup-2026/match-report-hub.php,200,application/json; derived=links_from_html,2026-07-04T01:07:44.701116+00:00,485c88cf28536c1d28bc58bc3308be71d758e7759fe394101b1e59c9e6d8d69d,False,
20260704T010732Z,fifa_training_reports,fifa_training_reports_hub_page_candidate_match_report_links,data/raw/20260704T010732Z/fifa_training_reports/fifa_training_reports_hub_page_candidate_match_report_links__9665b4c6-0d60-44e6-b908-8e8ecc2f1c8f.json,https://www.fifatrainingcentre.com/en/fifa-world-cup-2026/match-report-hub.php,200,application/json; derived=candidate_match_report_links,2026-07-04T01:07:44.701116+00:00,51e021ba0e725a06b94b1d928b234ac3bae966c534c21a3c8a6644e31a0d5881,False,
20260704T010732Z,fifa_training_reports,fifa_training_reports_hub_page_candidate_detail_2,data/raw/20260704T010732Z/fifa_training_reports/fifa_training_reports_hub_page_candidate_detail_2__adeb4369-0910-4325-8aa4-20d0f7249f74.json,https://www.fifatrainingcentre.com/en/fifa-world-cup-2026/tournament-page--fifa-world-cup-2026.php,200,text/html; charset=UTF-8,2026-07-04T01:07:55.181683+00:00,9bf9a2bb644c782ee084f1718ec0e51e5c135ba963b675a4e0b0e859553d06d5,False,
20260704T010732Z,fifa_training_reports,fifa_training_reports_hub_page_candidate_detail_3,data/raw/20260704T010732Z/fifa_training_reports/fifa_training_reports_hub_page_candidate_detail_3__11fab2f0-0c58-420f-88db-d647f6d9f0a0.json,https://www.fifatrainingcentre.com/en/game/the-game.php,200,text/html; charset=UTF-8,2026-07-04T01:08:06.383845+00:00,1b93df246f906d75dc7b74775d5b0d34b4f9b11166f151699d2f356789116954,False,
20260704T010732Z,fifa_training_reports,fifa_training_reports_hub_page_candidate_detail_4,data/raw/20260704T010732Z/fifa_training_reports/fifa_training_reports_hub_page_candidate_detail_4__6b5018cf-8793-488d-b129-2a0bed567ab7.json,https://www.fifatrainingcentre.com/en/game/tournament-observations.php,200,text/html; charset=UTF-8,2026-07-04T01:08:17.010445+00:00,a52fc1c70938238680412836483d5b2083680cd4d627407a54f16c4591a2085a,False,
20260704T010732Z,fifa_training_reports,fifa_training_reports_hub_page_candidate_detail_5,data/raw/20260704T010732Z/fifa_training_reports/fifa_training_reports_hub_page_candidate_detail_5__ac1b5ed8-9f9f-4db3-b321-ae17c7272209.json,https://www.fifatrainingcentre.com/en/resources/game-library/,200,text/html; charset=UTF-8,2026-07-04T01:08:28.122866+00:00,36a9965d7b3f5ed483c4557fe27c81c865f90955ab62cce89fd7b08fe813ca84,False,
20260704T010732Z,fifa_training_reports,fifa_training_reports_hub_page_candidate_detail_10,data/raw/20260704T010732Z/fifa_training_reports/fifa_training_reports_hub_page_candidate_detail_10__adeb4369-0910-4325-8aa4-20d0f7249f74.json,https://www.fifatrainingcentre.com/en/fifa-world-cup-2026/tournament-page--fifa-world-cup-2026.php,200,text/html; charset=UTF-8,2026-07-04T01:07:55.181683+00:00,9bf9a2bb644c782ee084f1718ec0e51e5c135ba963b675a4e0b0e859553d06d5,True,
20260704T010732Z,fifa_training_reports,fifa_training_reports_hub_page_candidate_detail_11,data/raw/20260704T010732Z/fifa_training_reports/fifa_training_reports_hub_page_candidate_detail_11__11fab2f0-0c58-420f-88db-d647f6d9f0a0.json,https://www.fifatrainingcentre.com/en/game/the-game.php,200,text/html; charset=UTF-8,2026-07-04T01:08:06.383845+00:00,1b93df246f906d75dc7b74775d5b0d34b4f9b11166f151699d2f356789116954,True,
20260704T010732Z,fifa_training_reports,fifa_training_reports_hub_page_candidate_detail_12,data/raw/20260704T010732Z/fifa_training_reports/fifa_training_reports_hub_page_candidate_detail_12__6b5018cf-8793-488d-b129-2a0bed567ab7.json,https://www.fifatrainingcentre.com/en/game/tournament-observations.php,200,text/html; charset=UTF-8,2026-07-04T01:08:17.010445+00:00,a52fc1c70938238680412836483d5b2083680cd4d627407a54f16c4591a2085a,True,
20260704T010732Z,fifa_training_reports,fifa_training_reports_hub_page_candidate_detail_13,data/raw/20260704T010732Z/fifa_training_reports/fifa_training_reports_hub_page_candidate_detail_13__fa23745c-3a62-4f32-a629-b5574fb11e3b.json,https://www.fifatrainingcentre.com/en/resources/game-library/index.php,200,text/html; charset=UTF-8,2026-07-04T01:09:39.525272+00:00,3c0ac959eb3a1bfb53a2fcaea7c6c122a8f5573aeb3763df4d9fd1f2894b310a,False,
20260704T010732Z,fifa_training_reports,fifa_training_reports_hub_page_candidate_detail_14,data/raw/20260704T010732Z/fifa_training_reports/fifa_training_reports_hub_page_candidate_detail_14__49ebd87b-038e-43da-abb9-3d4fb23aac4f.json,https://www.fifatrainingcentre.com/en/fifa-world-cup-2026/match-report-hub-knockout-stage.php,200,text/html; charset=UTF-8,2026-07-04T01:09:50.350374+00:00,738137ac80156154000a4be7542a2d0c48799aae0e4c2ac2e46f1de4ce2de56d,False,
20260704T010732Z,fifa_training_reports,fifa_training_reports_hub_page_candidate_detail_15,data/raw/20260704T010732Z/fifa_training_reports/fifa_training_reports_hub_page_candidate_detail_15__e6de821a-00d5-4127-8ef7-e99a95517f3d.json,https://www.fifatrainingcentre.com/media/native/tournaments/fifa-world-cup/2026/PMSR-M01%20MEX%20V%20RSA.pdf,200,application/pdf,2026-07-04T01:10:00.645911+00:00,04a83d793a8cfce6665240bbcaed37f3eaeb4670e27af3b6abf28db33d902274,False,
20260704T010732Z,fifa_training_reports,fifa_training_reports_hub_page_candidate_detail_16,data/raw/20260704T010732Z/fifa_training_reports/fifa_training_reports_hub_page_candidate_detail_16__759df5d4-4917-41d1-9669-19b38a313621.json,https://www.fifatrainingcentre.com/media/native/tournaments/fifa-world-cup/2026/PMSR-M02%20KOR%20V%20CZE%20.pdf,200,application/pdf,2026-07-04T01:10:22.858819+00:00,2ac555a081671e47d95481dedc2ead54a0bb8dd40c3e551f9d956ceb2b640e02,False,
20260704T010732Z,fifa_training_reports,fifa_training_reports_hub_page_candidate_detail_17,data/raw/20260704T010732Z/fifa_training_reports/fifa_training_reports_hub_page_candidate_detail_17__7d4f315f-5f27-497d-a9bf-6b8f35d3a1ed.json,https://www.fifatrainingcentre.com/media/native/tournaments/fifa-world-cup/2026/PMSR-M25-CZE-V-RSA.pdf,200,application/pdf,2026-07-04T01:10:46.275706+00:00,961638bfac3d0748bb67d2cf520f1c03fde4f1610e2d05e7ce824a0095b33177,False,
20260704T010732Z,fifa_training_reports,fifa_training_reports_hub_page_candidate_detail_18,data/raw/20260704T010732Z/fifa_training_reports/fifa_training_reports_hub_page_candidate_detail_18__edbfe03d-dd73-43c7-97a4-894b7a894b2e.json,https://www.fifatrainingcentre.com/media/native/tournaments/fifa-world-cup/2026/PMSR-M28-MEX-V-KOR.pdf,200,application/pdf,2026-07-04T01:11:08.870915+00:00,fc8b95aaf2b29d20f76a936ffe5002b2e8cec9fca573a487b35682fa6f6e2c4b,False,
20260704T010732Z,fifa_training_reports,fifa_training_reports_hub_page_candidate_detail_19,data/raw/20260704T010732Z/fifa_training_reports/fifa_training_reports_hub_page_candidate_detail_19__3b300143-298b-4dda-9293-61eee5b0290a.json,https://www.fifatrainingcentre.com/media/native/tournaments/fifa-world-cup/2026/PMSR-M53-CZE-V-MEX.pdf,200,application/pdf,2026-07-04T01:11:31.365017+00:00,c62a982511888f739129210092b2c1cc377a58f349a0c2727e941eed51c1fc92,False,
20260704T010732Z,fifa_training_reports,fifa_training_reports_hub_page_candidate_detail_20,data/raw/20260704T010732Z/fifa_training_reports/fifa_training_reports_hub_page_candidate_detail_20__24b5e8c1-28b2-4c8e-b406-dd5dcdb9385d.json,https://www.fifatrainingcentre.com/media/native/tournaments/fifa-world-cup/2026/PMSR-M54-RSA-V-KOR.pdf,200,application/pdf,2026-07-04T01:11:52.461244+00:00,d6dc97dda1a493118ca6090d5b7fd695a19b585c61b03005e39b4803bd61265e,False,
20260704T010732Z,fifa_training_reports,fifa_training_reports_hub_page_candidate_detail_21,data/raw/20260704T010732Z/fifa_training_reports/fifa_training_reports_hub_page_candidate_detail_21__1af837b3-f54e-48a0-8254-8cf0831e626f.json,https://www.fifatrainingcentre.com/media/native/tournaments/fifa-world-cup/2026/PMSR-M03-CAN-V-BIH-V2.pdf,200,application/pdf,2026-07-04T01:12:21.305385+00:00,e140e057e61a473ba8a2b0a2f1ab9deef1eca39b6bb48b80c835b518d96b53f9,False,
20260704T010732Z,fifa_training_reports,fifa_training_reports_hub_page_candidate_detail_22,data/raw/20260704T010732Z/fifa_training_reports/fifa_training_reports_hub_page_candidate_detail_22__0c607501-1171-47c9-ae81-91a6cb243a07.json,https://www.fifatrainingcentre.com/media/native/tournaments/fifa-world-cup/2026/PMSR-M08-QAT-V-SUI.pdf,200,application/pdf,2026-07-04T01:12:43.746953+00:00,1e7394ebfd91b05206d00f6e5c5edd76796fb5421bba474f5ae9cfa3aeb614da,False,
20260704T010732Z,fifa_training_reports,fifa_training_reports_hub_page_candidate_detail_23,data/raw/20260704T010732Z/fifa_training_reports/fifa_training_reports_hub_page_candidate_detail_23__e3e52b9d-00aa-467e-8fbb-ce6ac1ed95d7.json,https://www.fifatrainingcentre.com/media/native/tournaments/fifa-world-cup/2026/PMSR-M26-SUI-V-BIH.pdf,200,application/pdf,2026-07-04T01:13:07.263071+00:00,058b48539a3776580e0e90dafd2a73d0421dbb9c817eb080cec23e6c5e3ebf90,False,
20260704T010732Z,fifa_training_reports,fifa_training_reports_hub_page_candidate_detail_24,data/raw/20260704T010732Z/fifa_training_reports/fifa_training_reports_hub_page_candidate_detail_24__9971698b-f79a-4067-b0ed-f86226fdd31b.json,https://www.fifatrainingcentre.com/media/native/tournaments/fifa-world-cup/2026/PMSR-M27-CAN-V-QAT.pdf,200,application/pdf,2026-07-04T01:13:30.975957+00:00,7890d43a112d52aa74b3a482e88bab850c7d3205472cc4505404eb8d46680f38,False,
20260704T010732Z,fifa_training_reports,fifa_training_reports_hub_page_candidate_detail_25,data/raw/20260704T010732Z/fifa_training_reports/fifa_training_reports_hub_page_candidate_detail_25__8b9de806-2fa9-49dd-835c-9e5e50660aa4.json,https://www.fifatrainingcentre.com/media/native/tournaments/fifa-world-cup/2026/PMSR-M51-SUI-V-CAN.pdf,200,application/pdf,2026-07-04T01:13:53.919841+00:00,256c6f93211ff7e460902a166dbee5ddf49db1f67e157fc94e9bf2ac3dd6f65a,False,
20260704T010732Z,fifa_training_reports,fifa_training_reports_hub_page_candidate_detail_26,data/raw/20260704T010732Z/fifa_training_reports/fifa_training_reports_hub_page_candidate_detail_26__e549fd96-73d1-4a6c-a91e-196cba23645b.json,https://www.fifatrainingcentre.com/media/native/tournaments/fifa-world-cup/2026/PMSR-M52-BIH-V-QAT.pdf,200,application/pdf,2026-07-04T01:14:15.489380+00:00,7848d41ef0cb6d3099e6cd66c49976f3e3fd2c80db767f11913b6b133b07fe02,False,
20260704T010732Z,fifa_training_reports,fifa_training_reports_hub_page_candidate_detail_27,data/raw/20260704T010732Z/fifa_training_reports/fifa_training_reports_hub_page_candidate_detail_27__bdb32cee-8718-4189-978c-7934e91210f2.json,https://www.fifatrainingcentre.com/media/native/tournaments/fifa-world-cup/2026/PMSR-M05-HAI-V-SCO.pdf,200,application/pdf,2026-07-04T01:14:38.850944+00:00,0cbf0f3d8a23ac28eb036c2a46a1b61167c556ad1fa7e92ac22ead0863288da4,False,
20260704T010732Z,fifa_training_reports,fifa_training_reports_hub_page_candidate_detail_28,data/raw/20260704T010732Z/fifa_training_reports/fifa_training_reports_hub_page_candidate_detail_28__574a80ac-1fbb-4293-a77a-2d43151dc646.json,https://www.fifatrainingcentre.com/media/native/tournaments/fifa-world-cup/2026/PMSR-M07-BRA-V-MAR%20POST-V2.pdf,200,application/pdf,2026-07-04T01:15:01.613695+00:00,94146c761590b3af2862e3e49318cf3161c683f8962f9623c704d3ee503e35ae,False,
20260704T010732Z,fifa_training_reports,fifa_training_reports_hub_page_candidate_detail_29,data/raw/20260704T010732Z/fifa_training_reports/fifa_training_reports_hub_page_candidate_detail_29__7452a1f1-80b6-482a-b445-223a0eb88a2c.json,https://www.fifatrainingcentre.com/media/native/tournaments/fifa-world-cup/2026/PMSR-M29-BRA-V-HAI.pdf,200,application/pdf,2026-07-04T01:15:25.106017+00:00,8b482fe6b706cec40efe9a24dcfdcec64f2adc3acd2711d8d6fd6266c7c628d4,False,
20260704T010732Z,fifa_training_reports,fifa_training_reports_hub_page_candidate_detail_30,data/raw/20260704T010732Z/fifa_training_reports/fifa_training_reports_hub_page_candidate_detail_30__87f5f017-d35d-4d81-8ec9-91849be05344.json,https://www.fifatrainingcentre.com/media/native/tournaments/fifa-world-cup/2026/PMSR-M30-SCO-V-MAR.pdf,200,application/pdf,2026-07-04T01:15:46.648062+00:00,452a76ba5a769735b17b05fb222945ad2b4caaa68cddb1001e0244eb0c8d2ec9,False,
20260704T010732Z,fifa_training_reports,fifa_training_reports_hub_page_candidate_detail_31,data/raw/20260704T010732Z/fifa_training_reports/fifa_training_reports_hub_page_candidate_detail_31__0637b9fe-dfb1-4612-805c-b7409739355b.json,https://www.fifatrainingcentre.com/media/native/tournaments/fifa-world-cup/2026/PMSR-M49-SCO-V-BRA.pdf,200,application/pdf,2026-07-04T01:16:09.936585+00:00,914635904658a6752bf417b334936c43472f94a36bc7f74d044359d778659ee3,False,
20260704T010732Z,fifa_training_reports,fifa_training_reports_hub_page_candidate_detail_32,data/raw/20260704T010732Z/fifa_training_reports/fifa_training_reports_hub_page_candidate_detail_32__26bf8a67-1cf7-49b3-b5a6-8f53bf1e91d6.json,https://www.fifatrainingcentre.com/media/native/tournaments/fifa-world-cup/2026/PMSR-M50-MAR-V-HAI-V2.pdf,200,application/pdf,2026-07-04T01:16:33.110084+00:00,47c5e4e62e7dd4ad6ae3ea4de12941f80bbd42e492fab9ba80c233aaa4c5800f,False,
20260704T010732Z,fifa_training_reports,fifa_training_reports_hub_page_candidate_detail_33,data/raw/20260704T010732Z/fifa_training_reports/fifa_training_reports_hub_page_candidate_detail_33__6a42f34a-77d0-4f36-82e5-370094650a53.json,https://www.fifatrainingcentre.com/media/native/tournaments/fifa-world-cup/2026/PMSR-M04-USA-V-PAR.pdf,200,application/pdf,2026-07-04T01:16:56.974963+00:00,86579d6577175a26b454df9d39a3e3dad30ceb745571ea131e9feddadd75e7d8,False,
20260704T010732Z,fifa_training_reports,fifa_training_reports_hub_page_candidate_detail_34,data/raw/20260704T010732Z/fifa_training_reports/fifa_training_reports_hub_page_candidate_detail_34__c73a6453-6b9b-4c19-a6a3-74663efe6aac.json,https://www.fifatrainingcentre.com/media/native/tournaments/fifa-world-cup/2026/PMSR-M06-AUS-V-TUR.pdf,200,application/pdf,2026-07-04T01:17:19.283410+00:00,538aa9c7597dcff95a42661ed2aba62408fad440465da6a6a76cc055971f28bd,False,
20260704T010732Z,fifa_training_reports,fifa_training_reports_hub_page_candidate_detail_35,data/raw/20260704T010732Z/fifa_training_reports/fifa_training_reports_hub_page_candidate_detail_35__5e5a7a82-7d6a-4864-a406-e107af4e139a.json,https://www.fifatrainingcentre.com/media/native/tournaments/fifa-world-cup/2026/PMSR-M31-TUR-V-PAR.pdf,200,application/pdf,2026-07-04T01:17:41.288508+00:00,261d1d45da7f32c2b127bee0ebf203bdd5f82d9fcb2a86ae680ff0f0709a7dc0,False,
20260704T010732Z,fifa_training_reports,fifa_training_reports_hub_page_candidate_detail_36,data/raw/20260704T010732Z/fifa_training_reports/fifa_training_reports_hub_page_candidate_detail_36__f9fc5528-0579-477d-9edb-c6ade7fa770e.json,https://www.fifatrainingcentre.com/media/native/tournaments/fifa-world-cup/2026/PMSR-M32-USA-V-AUS.pdf,200,application/pdf,2026-07-04T01:18:05.046289+00:00,60f822ab35b1ec99d228101b800d97acc08740477f7ae4d7c6af1069ddd548db,False,
20260704T010732Z,fifa_training_reports,fifa_training_reports_hub_page_candidate_detail_37,data/raw/20260704T010732Z/fifa_training_reports/fifa_training_reports_hub_page_candidate_detail_37__0a143528-620d-450c-9d7d-009b472b64f8.json,https://www.fifatrainingcentre.com/media/native/tournaments/fifa-world-cup/2026/PMSR-M59-TUR-v-USA.pdf,200,application/pdf,2026-07-04T01:18:27.762650+00:00,4f098ac2bd6044d958be417bdf79bf1726236faee2a5b8f7f3b87d2c965ddf6a,False,
20260704T010732Z,fifa_training_reports,fifa_training_reports_hub_page_candidate_detail_38,data/raw/20260704T010732Z/fifa_training_reports/fifa_training_reports_hub_page_candidate_detail_38__d6201349-6ce0-4b39-a00b-4badb185d15f.json,https://www.fifatrainingcentre.com/media/native/tournaments/fifa-world-cup/2026/PMSR-M60-PAR-V-AUS.pdf,200,application/pdf,2026-07-04T01:18:50.997737+00:00,972976a1fac2d5a249e2a74743a88815b802cf53240dfed372fc750b6355fc77,False,
20260704T010732Z,fifa_training_reports,fifa_training_reports_hub_page_candidate_detail_39,data/raw/20260704T010732Z/fifa_training_reports/fifa_training_reports_hub_page_candidate_detail_39__e5b41d9c-78e6-4f1b-927d-14087f3fdffe.json,https://www.fifatrainingcentre.com/media/native/tournaments/fifa-world-cup/2026/PMSR-M09-CIV-V-ECU.pdf,200,application/pdf,2026-07-04T01:19:12.526226+00:00,141ce09356f7ce8246bd93d25eedd0f474a4d8845cf89422528108d92147fed4,False,
20260704T010732Z,fifa_training_reports,fifa_training_reports_hub_page_candidate_detail_40,data/raw/20260704T010732Z/fifa_training_reports/fifa_training_reports_hub_page_candidate_detail_40__22e0056b-ce38-49a1-a16d-b3ef96272865.json,https://www.fifatrainingcentre.com/media/native/tournaments/fifa-world-cup/2026/PMSR-M10-GER-V-CUW-V2.pdf,200,application/pdf,2026-07-04T01:19:36.049084+00:00,849e92f7b386d7d0c09ffe672e7a62daa81e7bb006af1ec038a9d520d9ddc57f,False,
20260704T010732Z,espn_public,espn_scoreboard_variant_1,data/raw/20260704T010732Z/espn_public/espn_scoreboard_variant_1__2f44d58f-333e-4eb6-9357-b0b5df7eff07.json,https://site.api.espn.com/apis/site/v2/sports/soccer/fifa.world/scoreboard?dates=2026&limit=500,200,application/json;charset=UTF-8,2026-07-04T01:19:58.590299+00:00,39487b51d5bd171102632dfd64f674c0eed904a521f3aee3e9160390dd706768,False,
20260704T010732Z,espn_public,espn_scoreboard_variant_2,data/raw/20260704T010732Z/espn_public/espn_scoreboard_variant_2__f7e30b50-621b-42fc-9c6d-fef40694501c.json,https://site.api.espn.com/apis/site/v2/sports/soccer/fifa.world/scoreboard?limit=500,200,application/json;charset=UTF-8,2026-07-04T01:20:06.864795+00:00,d47ec7f5ca5bb22a825d111cca99d8cfaf8a5ae2da93fe00fa454f3229a989af,False,
20260704T010732Z,espn_public,espn_summary_event_760415,data/raw/20260704T010732Z/espn_public/espn_summary_event_760415__e639ae55-997b-4015-a2cb-03ee1430a03c.json,https://site.api.espn.com/apis/site/v2/sports/soccer/fifa.world/summary?event=760415,200,application/json;charset=UTF-8,2026-07-04T01:20:15.901933+00:00,be9b62f60e69f498d1e65d6db341bf5d75e534c69d8179d4b9437bf6ebb073cf,False,
20260704T010732Z,espn_public,espn_summary_event_760414,data/raw/20260704T010732Z/espn_public/espn_summary_event_760414__4d6c61c3-cf44-4465-b579-bd70d6900297.json,https://site.api.espn.com/apis/site/v2/sports/soccer/fifa.world/summary?event=760414,200,application/json;charset=UTF-8,2026-07-04T01:20:24.816532+00:00,4c561a62a47c91ee35bd3a77375c30ff9380efc4920c6c92a1f3ee70c408efcb,False,
20260704T010732Z,espn_public,espn_summary_event_760416,data/raw/20260704T010732Z/espn_public/espn_summary_event_760416__df752df7-940c-4899-a3dd-6478a4163cda.json,https://site.api.espn.com/apis/site/v2/sports/soccer/fifa.world/summary?event=760416,200,application/json;charset=UTF-8,2026-07-04T01:20:33.148692+00:00,765db3b6838a160199880a7a1787e868ff6338e68b549a8e95fdb839510c2d94,False,
20260704T010732Z,espn_public,espn_summary_event_760417,data/raw/20260704T010732Z/espn_public/espn_summary_event_760417__f89dedbd-719b-41f2-a68f-26eae0350852.json,https://site.api.espn.com/apis/site/v2/sports/soccer/fifa.world/summary?event=760417,200,application/json;charset=UTF-8,2026-07-04T01:20:41.644716+00:00,7a4a5ca7d0b0f4efb7e6ae7504ba9806c376aee469e8097315e969585ec5b256,False,
20260704T010732Z,espn_public,espn_summary_event_760420,data/raw/20260704T010732Z/espn_public/espn_summary_event_760420__9686c615-6578-40ee-a0fd-23d246836130.json,https://site.api.espn.com/apis/site/v2/sports/soccer/fifa.world/summary?event=760420,200,application/json;charset=UTF-8,2026-07-04T01:21:51.555955+00:00,473b09ac1a76581da21e15b0f73c81eed748fa4680bc82d2231d4f6f7460e800,False,
20260704T010732Z,espn_public,espn_summary_event_760419,data/raw/20260704T010732Z/espn_public/espn_summary_event_760419__fa32bb37-6b9c-4034-b106-2f859e0d0fe0.json,https://site.api.espn.com/apis/site/v2/sports/soccer/fifa.world/summary?event=760419,200,application/json;charset=UTF-8,2026-07-04T01:21:59.995576+00:00,2c9462523d1283984db3ff1610d089ee803c707b31e5e1eba09eee59e094846c,False,
20260704T010732Z,espn_public,espn_summary_event_760418,data/raw/20260704T010732Z/espn_public/espn_summary_event_760418__d0e0682c-bdc0-4587-be1b-22edc2b8a305.json,https://site.api.espn.com/apis/site/v2/sports/soccer/fifa.world/summary?event=760418,200,application/json;charset=UTF-8,2026-07-04T01:22:08.543507+00:00,8f8c4144766f7847e70ffb7125395a9d68f27631e8d3bde38c1b526db9a9fd04,False,
20260704T010732Z,espn_public,espn_summary_event_760421,data/raw/20260704T010732Z/espn_public/espn_summary_event_760421__7ba9bfd9-d44a-4b7f-a4a2-a490fa0b7577.json,https://site.api.espn.com/apis/site/v2/sports/soccer/fifa.world/summary?event=760421,200,application/json;charset=UTF-8,2026-07-04T01:22:17.649212+00:00,4d7312e22e4a2cf392647d416076ab24cc0bf359149f337ab313e8f0f4b9d8ab,False,
20260704T010732Z,espn_public,espn_summary_event_760422,data/raw/20260704T010732Z/espn_public/espn_summary_event_760422__bce2abb5-260c-4987-a82b-c80a7e99b1df.json,https://site.api.espn.com/apis/site/v2/sports/soccer/fifa.world/summary?event=760422,200,application/json;charset=UTF-8,2026-07-04T01:22:26.467260+00:00,e7b7d9a99c1ae87d81b9fda3194a7b0b2d2ec076dbc4553ff58ca43ed51f0236,False,
20260704T010732Z,espn_public,espn_summary_event_760425,data/raw/20260704T010732Z/espn_public/espn_summary_event_760425__f2f7b7a1-6474-465c-a8e6-1bb41d0a1647.json,https://site.api.espn.com/apis/site/v2/sports/soccer/fifa.world/summary?event=760425,200,application/json;charset=UTF-8,2026-07-04T01:22:35.159178+00:00,592be91877151e349bd6b3c10fbf0e7e3d898d657aff9a0754999a010a534a08,False,
20260704T010732Z,espn_public,espn_summary_event_760423,data/raw/20260704T010732Z/espn_public/espn_summary_event_760423__8d54cec2-65ac-4580-82af-09694af2b676.json,https://site.api.espn.com/apis/site/v2/sports/soccer/fifa.world/summary?event=760423,200,application/json;charset=UTF-8,2026-07-04T01:23:00.752569+00:00,e2d14438f7429026c4c8edac5f8df8c148005f38c063b519b6e3e6ffab34954e,False,
20260704T010732Z,espn_public,espn_summary_event_760424,data/raw/20260704T010732Z/espn_public/espn_summary_event_760424__198b2437-e058-4843-b5e6-2001bd8aa733.json,https://site.api.espn.com/apis/site/v2/sports/soccer/fifa.world/summary?event=760424,200,application/json;charset=UTF-8,2026-07-04T01:23:09.974791+00:00,decc367409f5d20b80b0be6a3756514f3c1e8900f0bebf59b2ddfa9f6cffdb7a,False,
20260704T010732Z,espn_public,espn_summary_event_760428,data/raw/20260704T010732Z/espn_public/espn_summary_event_760428__09123a91-a30d-49b7-95d9-50f1bb12a7aa.json,https://site.api.espn.com/apis/site/v2/sports/soccer/fifa.world/summary?event=760428,200,application/json;charset=UTF-8,2026-07-04T01:23:18.254196+00:00,a8dd00bcf0c93f0aeb04455e58a70a94ec5d03b73c8f79347fcbca944a35b60e,False,
20260704T010732Z,espn_public,espn_summary_event_760426,data/raw/20260704T010732Z/espn_public/espn_summary_event_760426__6a1a9fbe-cfc0-4719-bc13-a5ae924e890f.json,https://site.api.espn.com/apis/site/v2/sports/soccer/fifa.world/summary?event=760426,200,application/json;charset=UTF-8,2026-07-04T01:23:26.787394+00:00,610b877242ad3d53fedbda38115c6d3f3a8abfc8415ec6f551c088f558ba3538,False,
20260704T010732Z,espn_public,espn_summary_event_760429,data/raw/20260704T010732Z/espn_public/espn_summary_event_760429__8deef1af-2e0e-48b2-b504-0073744867d7.json,https://site.api.espn.com/apis/site/v2/sports/soccer/fifa.world/summary?event=760429,200,application/json;charset=UTF-8,2026-07-04T01:23:35.792845+00:00,117c363881d8fb7b6989e594be2e2429de40d3faa511419b29cf1d1e6eea457f,False,
20260704T010732Z,espn_public,espn_summary_event_760427,data/raw/20260704T010732Z/espn_public/espn_summary_event_760427__21591027-ce83-4bb9-88bd-e0da988c2400.json,https://site.api.espn.com/apis/site/v2/sports/soccer/fifa.world/summary?event=760427,200,application/json;charset=UTF-8,2026-07-04T01:23:44.365245+00:00,1b900e2325d3f30967c3e46a2f145731c6851b4b86871b24bbd8505745ce2a4e,False,
20260704T010732Z,espn_public,espn_summary_event_760432,data/raw/20260704T010732Z/espn_public/espn_summary_event_760432__d040fbc8-8a25-4ac4-9775-89905ca13d04.json,https://site.api.espn.com/apis/site/v2/sports/soccer/fifa.world/summary?event=760432,200,application/json;charset=UTF-8,2026-07-04T01:24:09.446630+00:00,99c6c811d5ac0a70688c82fb75e385b8a0a8b7104e2527eeb83f0ef90391f3b8,False,
20260704T010732Z,espn_public,espn_summary_event_760430,data/raw/20260704T010732Z/espn_public/espn_summary_event_760430__0e53b211-6e2a-4626-8e49-f06089e819ab.json,https://site.api.espn.com/apis/site/v2/sports/soccer/fifa.world/summary?event=760430,200,application/json;charset=UTF-8,2026-07-04T01:24:17.785314+00:00,03f1cf80b68bdcf6392fbfae680c123ca4772e6ea1c65fc6dd75a01954a4a834,False,
20260704T010732Z,espn_public,espn_summary_event_760433,data/raw/20260704T010732Z/espn_public/espn_summary_event_760433__89093508-3461-465a-bba7-3b5bbf58387f.json,https://site.api.espn.com/apis/site/v2/sports/soccer/fifa.world/summary?event=760433,200,application/json;charset=UTF-8,2026-07-04T01:24:26.502348+00:00,623e4e09bbe8618bf61656f33a4f1d3d132b7460dc74bb6d8770576e03fce966,False,
20260704T010732Z,espn_public,espn_summary_event_760431,data/raw/20260704T010732Z/espn_public/espn_summary_event_760431__6986a2fe-ad5a-4312-a9d8-9632cae7c363.json,https://site.api.espn.com/apis/site/v2/sports/soccer/fifa.world/summary?event=760431,200,application/json;charset=UTF-8,2026-07-04T01:24:34.914248+00:00,6871d21f447e77a24d129b4d1784056cc2bc651af1d730cf4f29be4747bd809f,False,
20260704T010732Z,espn_public,espn_summary_event_760435,data/raw/20260704T010732Z/espn_public/espn_summary_event_760435__2df402b7-8f85-4a07-b6bb-22ec1d7ac17a.json,https://site.api.espn.com/apis/site/v2/sports/soccer/fifa.world/summary?event=760435,200,application/json;charset=UTF-8,2026-07-04T01:24:43.442912+00:00,6510a0277d93ab7782e1ccb8db44e5a8e399b190aad19f11a9d21e75ba1de92e,False,
20260704T010732Z,espn_public,espn_summary_event_760437,data/raw/20260704T010732Z/espn_public/espn_summary_event_760437__4faab7fa-ad17-4723-b956-f4fe1ba4c0b8.json,https://site.api.espn.com/apis/site/v2/sports/soccer/fifa.world/summary?event=760437,200,application/json;charset=UTF-8,2026-07-04T01:24:52.353591+00:00,81044ef1dd3d4d57ea29c8a39ec392cee67d70b070923d4656e547571b631235,False,
20260704T010732Z,espn_public,espn_summary_event_760434,data/raw/20260704T010732Z/espn_public/espn_summary_event_760434__f5208f7e-786c-40c4-b361-36c143ff3439.json,https://site.api.espn.com/apis/site/v2/sports/soccer/fifa.world/summary?event=760434,200,application/json;charset=UTF-8,2026-07-04T01:25:17.759052+00:00,fe2bd814df479ef87539e02b288def9f4df79997fc077f3bc061bf7df647f3b8,False,
20260704T010732Z,espn_public,espn_summary_event_760436,data/raw/20260704T010732Z/espn_public/espn_summary_event_760436__578b413c-47fa-433d-a445-3d9a7129dc73.json,https://site.api.espn.com/apis/site/v2/sports/soccer/fifa.world/summary?event=760436,200,application/json;charset=UTF-8,2026-07-04T01:25:26.028476+00:00,248e0b339d1783579893fddb42febf6ac52c43ee095e69cb74bb64222db14542,False,
20260704T010732Z,espn_public,espn_summary_event_760438,data/raw/20260704T010732Z/espn_public/espn_summary_event_760438__0ef912a3-8c81-4f92-bdbc-04f66d4e4fdc.json,https://site.api.espn.com/apis/site/v2/sports/soccer/fifa.world/summary?event=760438,200,application/json;charset=UTF-8,2026-07-04T01:25:34.570667+00:00,08284b16b79a47c859bd94cff94037582073d6eab7cf0e9729a7e7cc52bd0b44,False,
20260704T010732Z,espn_public,espn_summary_event_760439,data/raw/20260704T010732Z/espn_public/espn_summary_event_760439__d735307f-d27a-44ed-8de0-951759cee319.json,https://site.api.espn.com/apis/site/v2/sports/soccer/fifa.world/summary?event=760439,200,application/json;charset=UTF-8,2026-07-04T01:25:43.661592+00:00,68d6dc5fb2f54995870cd458b243a5e97cb4c417af3ce6544f0f63baa6c49bcd,False,
20260704T010732Z,espn_public,espn_summary_event_760440,data/raw/20260704T010732Z/espn_public/espn_summary_event_760440__ae5f05b3-26cb-4568-8874-5c0c5fc85d80.json,https://site.api.espn.com/apis/site/v2/sports/soccer/fifa.world/summary?event=760440,200,application/json;charset=UTF-8,2026-07-04T01:25:52.181401+00:00,f3c4a7f0735744977fcb15a4cd6a4e6ad231d5d80ceae85bba1f2d2590f813e1,False,
20260704T010732Z,espn_public,espn_summary_event_760441,data/raw/20260704T010732Z/espn_public/espn_summary_event_760441__d137c2a0-1bd5-4c02-9341-ad2c50267b9d.json,https://site.api.espn.com/apis/site/v2/sports/soccer/fifa.world/summary?event=760441,200,application/json;charset=UTF-8,2026-07-04T01:26:01.335655+00:00,4177aee549610036beda5a5bd93982ff23a97bba166de49ac9a02a713089176b,False,
20260704T010732Z,espn_public,espn_summary_event_760442,data/raw/20260704T010732Z/espn_public/espn_summary_event_760442__64a22229-88c3-4e0e-a41c-89b0a345f260.json,https://site.api.espn.com/apis/site/v2/sports/soccer/fifa.world/summary?event=760442,200,application/json;charset=UTF-8,2026-07-04T01:26:26.624781+00:00,a8892f308fccdcc143dbd48ee12d32079dd2c68759bc30386376628d48675d56,False,
20260704T010732Z,espn_public,espn_summary_event_760445,data/raw/20260704T010732Z/espn_public/espn_summary_event_760445__bbd081b8-ff8f-4650-84c0-78a9c7500c7c.json,https://site.api.espn.com/apis/site/v2/sports/soccer/fifa.world/summary?event=760445,200,application/json;charset=UTF-8,2026-07-04T01:26:35.530237+00:00,02f73b52da98b039ceab19329dc5f0ebbbfed087196e9dbb02555b9b097c5d3d,False,
20260704T010732Z,espn_public,espn_summary_event_760444,data/raw/20260704T010732Z/espn_public/espn_summary_event_760444__c8c7df04-f606-45fb-9375-7e60139f1615.json,https://site.api.espn.com/apis/site/v2/sports/soccer/fifa.world/summary?event=760444,200,application/json;charset=UTF-8,2026-07-04T01:26:44.357568+00:00,abdb77d74b8d3dad632a87dea63c99d94943baf37b97a0b725dc5656bd8aa47e,False,
20260704T010732Z,espn_public,espn_summary_event_760443,data/raw/20260704T010732Z/espn_public/espn_summary_event_760443__588b215c-005d-41ac-9be9-0a411793895c.json,https://site.api.espn.com/apis/site/v2/sports/soccer/fifa.world/summary?event=760443,200,application/json;charset=UTF-8,2026-07-04T01:26:53.293149+00:00,f20052458cf0ed0169fbbbe85dc97b2631d21e98abb1783b3be1bc66cd7c9a89,False,
20260704T010732Z,espn_public,espn_summary_event_760447,data/raw/20260704T010732Z/espn_public/espn_summary_event_760447__efc7e956-3a25-437e-bbcd-4663c9efce5d.json,https://site.api.espn.com/apis/site/v2/sports/soccer/fifa.world/summary?event=760447,200,application/json;charset=UTF-8,2026-07-04T01:27:02.088019+00:00,30506ffd104421198a735a5d042de80567d0c1485c765169403826f852d7de8f,False,
20260704T010732Z,espn_public,espn_summary_event_760448,data/raw/20260704T010732Z/espn_public/espn_summary_event_760448__577e4972-6e03-4749-bc84-6163617e7663.json,https://site.api.espn.com/apis/site/v2/sports/soccer/fifa.world/summary?event=760448,200,application/json;charset=UTF-8,2026-07-04T01:27:11.160652+00:00,c92316b0bd09470e51915b68bd1aa4818a769d653488aead3e43cb6c1f0a641f,False,
20260704T010732Z,espn_public,espn_summary_event_760446,data/raw/20260704T010732Z/espn_public/espn_summary_event_760446__8a6a37ff-46ab-4bd2-b183-b2c1278183f1.json,https://site.api.espn.com/apis/site/v2/sports/soccer/fifa.world/summary?event=760446,200,application/json;charset=UTF-8,2026-07-04T01:27:35.660243+00:00,cbea7f39defe4f57799b381acf01a6c714ca0d71841208a7da78ec025b0dd631,False,
20260704T010732Z,espn_public,espn_summary_event_760449,data/raw/20260704T010732Z/espn_public/espn_summary_event_760449__3e60e735-1a29-4da8-a364-ee02a1417372.json,https://site.api.espn.com/apis/site/v2/sports/soccer/fifa.world/summary?event=760449,200,application/json;charset=UTF-8,2026-07-04T01:27:44.134302+00:00,e043e02cef96ba68d651ff0cea0c7bbfa0eb52d6102ea78df2f82f0598df6433,False,
20260704T010732Z,espn_public,espn_summary_event_760453,data/raw/20260704T010732Z/espn_public/espn_summary_event_760453__1285d58d-5776-43fc-92b7-269268c1359b.json,https://site.api.espn.com/apis/site/v2/sports/soccer/fifa.world/summary?event=760453,200,application/json;charset=UTF-8,2026-07-04T01:27:53.021359+00:00,269fa124fbf3f520ab3f82aaf2ea40299683e0224f97f939beb6e847bfeff810,False,
20260704T010732Z,espn_public,espn_summary_event_760451,data/raw/20260704T010732Z/espn_public/espn_summary_event_760451__e5912319-8908-4138-a238-91063966e252.json,https://site.api.espn.com/apis/site/v2/sports/soccer/fifa.world/summary?event=760451,200,application/json;charset=UTF-8,2026-07-04T01:28:02.133409+00:00,098b1984c8ca8ec34ad79667f56710dd05842990f45ac416ec64dbc33b866404,False,
20260704T010732Z,espn_public,espn_summary_event_760450,data/raw/20260704T010732Z/espn_public/espn_summary_event_760450__ddff54bd-9f43-4c25-a3a5-8f0111270721.json,https://site.api.espn.com/apis/site/v2/sports/soccer/fifa.world/summary?event=760450,200,application/json;charset=UTF-8,2026-07-04T01:28:10.988522+00:00,6b637faa0085d23b62ec4fc4814ae12c3d7ff395434f9c6d7dac7e78855d4f3e,False,
20260704T010732Z,espn_public,espn_summary_event_760452,data/raw/20260704T010732Z/espn_public/espn_summary_event_760452__8a5508a4-9e9b-42dc-bbcd-2a5a97b663ab.json,https://site.api.espn.com/apis/site/v2/sports/soccer/fifa.world/summary?event=760452,200,application/json;charset=UTF-8,2026-07-04T01:28:19.429654+00:00,012f37d76a2db8237e679b7271a2a32fa600cb02efad9cd3c2f1fb725ea66e7d,False,
20260704T010732Z,espn_public,espn_summary_event_760456,data/raw/20260704T010732Z/espn_public/espn_summary_event_760456__aafddf57-ac0e-4e0a-a01c-8832aab64b82.json,https://site.api.espn.com/apis/site/v2/sports/soccer/fifa.world/summary?event=760456,200,application/json;charset=UTF-8,2026-07-04T01:28:44.917364+00:00,9e5d44c8a1d51b6cde864261c56ea1893ec6ed838759617c5d98fca123102fb4,False,
20260704T010732Z,espn_public,espn_summary_event_760457,data/raw/20260704T010732Z/espn_public/espn_summary_event_760457__46cf969c-c833-43e9-b544-607465044169.json,https://site.api.espn.com/apis/site/v2/sports/soccer/fifa.world/summary?event=760457,200,application/json;charset=UTF-8,2026-07-04T01:28:53.237649+00:00,86fe4f2dda1acd32ac90616ca51a502309b8e7378689b0656ac2914ff389cbeb,False,
20260704T010732Z,espn_public,espn_summary_event_760454,data/raw/20260704T010732Z/espn_public/espn_summary_event_760454__714e1f84-6520-40e4-9136-ab47d597756a.json,https://site.api.espn.com/apis/site/v2/sports/soccer/fifa.world/summary?event=760454,200,application/json;charset=UTF-8,2026-07-04T01:29:01.490057+00:00,430e549fba0a2a45acc7dadf7aa641d947039768d62e820c9b1832a231f7df12,False,
20260704T010732Z,espn_public,espn_summary_event_760455,data/raw/20260704T010732Z/espn_public/espn_summary_event_760455__2ee0cbec-9d25-43a4-9246-da0de93f2c63.json,https://site.api.espn.com/apis/site/v2/sports/soccer/fifa.world/summary?event=760455,200,application/json;charset=UTF-8,2026-07-04T01:29:10.192807+00:00,d1484819c812f55001fe802fbae63e04680bbea8213d7041bf3ae48ac09d2c8d,False,
20260704T010732Z,espn_public,espn_summary_event_760461,data/raw/20260704T010732Z/espn_public/espn_summary_event_760461__f907ffce-5b74-42d5-9eba-ddb4fbf5728c.json,https://site.api.espn.com/apis/site/v2/sports/soccer/fifa.world/summary?event=760461,200,application/json;charset=UTF-8,2026-07-04T01:29:18.459530+00:00,fefa62f9b6f588e493a347767260d8771ea11af9b2421bc1793d09c4791f6401,False,
20260704T010732Z,espn_public,espn_summary_event_760458,data/raw/20260704T010732Z/espn_public/espn_summary_event_760458__81fb4ab1-41a5-4e90-9070-5ba5592b083b.json,https://site.api.espn.com/apis/site/v2/sports/soccer/fifa.world/summary?event=760458,200,application/json;charset=UTF-8,2026-07-04T01:29:26.935486+00:00,a115328cfcf24059d49589a81a73f7f308027784766ce918df5fc4527b7c6370,False,
20260704T010732Z,espn_public,espn_summary_event_760460,data/raw/20260704T010732Z/espn_public/espn_summary_event_760460__31360300-6a11-4a8c-8ec0-aeeb87ea191b.json,https://site.api.espn.com/apis/site/v2/sports/soccer/fifa.world/summary?event=760460,200,application/json;charset=UTF-8,2026-07-04T01:29:53.548689+00:00,8d1d9d45ca07de804b52bc30122805af1fbd5607412a30b0c0c585db3a0c7b47,False,
20260704T010732Z,espn_public,espn_summary_event_760459,data/raw/20260704T010732Z/espn_public/espn_summary_event_760459__5c26ec81-fd22-4fb4-a3cb-a4c62a463343.json,https://site.api.espn.com/apis/site/v2/sports/soccer/fifa.world/summary?event=760459,200,application/json;charset=UTF-8,2026-07-04T01:30:01.917792+00:00,d58e9c3bfc8da6c70ae6294421257511c1d6d558f5abf15d3db0a50f4135024a,False,
20260704T010732Z,espn_public,espn_summary_event_760462,data/raw/20260704T010732Z/espn_public/espn_summary_event_760462__1106ebb5-738d-4238-8cb3-e881fb34e535.json,https://site.api.espn.com/apis/site/v2/sports/soccer/fifa.world/summary?event=760462,200,application/json;charset=UTF-8,2026-07-04T01:30:11.093035+00:00,f3f8cee9d7daad8d65bff74b9fcd3121d4af8a51cbb2a67aac841f1eed6e9df2,False,
20260704T010732Z,espn_public,espn_summary_event_760463,data/raw/20260704T010732Z/espn_public/espn_summary_event_760463__67346007-8051-4dda-8333-f18c1da094c4.json,https://site.api.espn.com/apis/site/v2/sports/soccer/fifa.world/summary?event=760463,200,application/json;charset=UTF-8,2026-07-04T01:30:20.062610+00:00,2ace7c917c7cc429c5f500ac1ccd7e07a2a43e70a90f09e8306a85cc9f9de593,False,
20260704T010732Z,espn_public,espn_summary_event_760464,data/raw/20260704T010732Z/espn_public/espn_summary_event_760464__72a16692-57dc-45a1-916d-968ef2b26c77.json,https://site.api.espn.com/apis/site/v2/sports/soccer/fifa.world/summary?event=760464,200,application/json;charset=UTF-8,2026-07-04T01:30:28.646444+00:00,3ee1c2e7304ab032fc12c3948a2f0a59e22bbdd24b30ad53064df6c1de574e6b,False,
20260704T010732Z,espn_public,espn_summary_event_760465,data/raw/20260704T010732Z/espn_public/espn_summary_event_760465__199f3d80-6010-496c-8288-3fe6069f61f6.json,https://site.api.espn.com/apis/site/v2/sports/soccer/fifa.world/summary?event=760465,200,application/json;charset=UTF-8,2026-07-04T01:30:37.571571+00:00,5a2e309df0a76acd70fa7e28770f4e5b798b679133ce4dfe146664f32b522105,False,
20260704T010732Z,espn_public,espn_summary_event_760467,data/raw/20260704T010732Z/espn_public/espn_summary_event_760467__e61bce47-f2ad-4cc2-97af-b40688e8c21c.json,https://site.api.espn.com/apis/site/v2/sports/soccer/fifa.world/summary?event=760467,200,application/json;charset=UTF-8,2026-07-04T01:31:02.111227+00:00,687c333c12b7b23a8e8476103ea4ea2d837929f41dbffb0e0222e264236c4b46,False,
20260704T010732Z,espn_public,espn_summary_event_760466,data/raw/20260704T010732Z/espn_public/espn_summary_event_760466__5dcaeeb6-37a9-49ff-b7eb-75e13178bcc7.json,https://site.api.espn.com/apis/site/v2/sports/soccer/fifa.world/summary?event=760466,200,application/json;charset=UTF-8,2026-07-04T01:31:11.001313+00:00,466c357f2f5b96ad2685da86240412fa456f37f0c5bab9b7ef84c35f681ce578,False,
20260704T010732Z,espn_public,espn_summary_event_760473,data/raw/20260704T010732Z/espn_public/espn_summary_event_760473__29d41309-edc7-4b51-88fe-321a17140b43.json,https://site.api.espn.com/apis/site/v2/sports/soccer/fifa.world/summary?event=760473,200,application/json;charset=UTF-8,2026-07-04T01:31:19.864634+00:00,cffd7d0bf3718eeda867e13a0da9e732bf9e64d5066ee06d52dbce292634fc82,False,
20260704T010732Z,espn_public,espn_summary_event_760468,data/raw/20260704T010732Z/espn_public/espn_summary_event_760468__9969e492-c58b-4632-85b0-ebd828c79f84.json,https://site.api.espn.com/apis/site/v2/sports/soccer/fifa.world/summary?event=760468,200,application/json;charset=UTF-8,2026-07-04T01:31:28.916889+00:00,60586ab0fa5251d6609d27f249ed59f5ccbbe97fcb5eb009ab52302702e5009b,False,
20260704T010732Z,espn_public,espn_summary_event_760471,data/raw/20260704T010732Z/espn_public/espn_summary_event_760471__d2131264-8036-436e-9dc5-397cbaac8942.json,https://site.api.espn.com/apis/site/v2/sports/soccer/fifa.world/summary?event=760471,200,application/json;charset=UTF-8,2026-07-04T01:31:37.584482+00:00,4579676e82fd011bdb9955eab0a2ac213de439a0582265386b2ebea497b8ecef,False,
20260704T010732Z,espn_public,espn_summary_event_760472,data/raw/20260704T010732Z/espn_public/espn_summary_event_760472__ca5e180e-f1a7-40a4-b433-ea541e5bc6f4.json,https://site.api.espn.com/apis/site/v2/sports/soccer/fifa.world/summary?event=760472,200,application/json;charset=UTF-8,2026-07-04T01:31:46.446888+00:00,5808345ee3fb6069435f1831e6c781ef8c63440009fba32377e28d258d6f157b,False,
20260704T010732Z,espn_public,espn_summary_event_760469,data/raw/20260704T010732Z/espn_public/espn_summary_event_760469__d186fc53-aff5-4297-804b-06d806acb5b9.json,https://site.api.espn.com/apis/site/v2/sports/soccer/fifa.world/summary?event=760469,200,application/json;charset=UTF-8,2026-07-04T01:32:11.737352+00:00,edd4b372147eebdd8df8cd72385e255b06209ebee7fa20f53f49f5e2cb94d257,False,
20260704T010732Z,espn_public,espn_summary_event_760470,data/raw/20260704T010732Z/espn_public/espn_summary_event_760470__29c3ec3d-5e01-482a-9296-d96691fbec8d.json,https://site.api.espn.com/apis/site/v2/sports/soccer/fifa.world/summary?event=760470,200,application/json;charset=UTF-8,2026-07-04T01:32:20.852937+00:00,c7823cf851e30e338ec75a80f5b5aabb3cb7e1eb14a016f966a455d4c44d6020,False,
20260704T010732Z,espn_public,espn_summary_event_760475,data/raw/20260704T010732Z/espn_public/espn_summary_event_760475__1227913f-6a07-49fc-a65b-88b9304a6ee8.json,https://site.api.espn.com/apis/site/v2/sports/soccer/fifa.world/summary?event=760475,200,application/json;charset=UTF-8,2026-07-04T01:32:29.894830+00:00,5b37504efa6e08a47c0d10b3b21fb54a262451fcd32a82c83812bf916df48558,False,
20260704T010732Z,espn_public,espn_summary_event_760474,data/raw/20260704T010732Z/espn_public/espn_summary_event_760474__6aa507d7-dafc-450d-a062-6f2352d5c308.json,https://site.api.espn.com/apis/site/v2/sports/soccer/fifa.world/summary?event=760474,200,application/json;charset=UTF-8,2026-07-04T01:32:38.157993+00:00,219e3f100a7a2d69b4e5b9d4f079b019b751639431b841afbc2eee2f422a8a37,False,
20260704T010732Z,espn_public,espn_summary_event_760478,data/raw/20260704T010732Z/espn_public/espn_summary_event_760478__b15d0895-a05a-4cfe-a356-b23838ab9872.json,https://site.api.espn.com/apis/site/v2/sports/soccer/fifa.world/summary?event=760478,200,application/json;charset=UTF-8,2026-07-04T01:32:47.164331+00:00,31ff5d26ac452e75f2083f218532cd1f9fb4c0c9135ab93077064cad32962aaf,False,
20260704T010732Z,espn_public,espn_summary_event_760479,data/raw/20260704T010732Z/espn_public/espn_summary_event_760479__2d830523-d339-4570-836c-7cf806e869dd.json,https://site.api.espn.com/apis/site/v2/sports/soccer/fifa.world/summary?event=760479,200,application/json;charset=UTF-8,2026-07-04T01:32:56.130799+00:00,3422250fa13d5f7aab50d642073ac2216df57c7bf86fa665c3d70a75ada90a00,False,
20260704T010732Z,espn_public,espn_summary_event_760476,data/raw/20260704T010732Z/espn_public/espn_summary_event_760476__9b24e55c-6457-4da2-847b-3cb44cfd7bee.json,https://site.api.espn.com/apis/site/v2/sports/soccer/fifa.world/summary?event=760476,200,application/json;charset=UTF-8,2026-07-04T01:33:20.267029+00:00,9a73f868cf4a064f8c00aeb03345ee08d94806ea579c8cb126e449eea6dd4ffd,False,
20260704T010732Z,espn_public,espn_summary_event_760477,data/raw/20260704T010732Z/espn_public/espn_summary_event_760477__26c76989-8c14-4060-aba4-8a0e99c8ae77.json,https://site.api.espn.com/apis/site/v2/sports/soccer/fifa.world/summary?event=760477,200,application/json;charset=UTF-8,2026-07-04T01:33:28.877940+00:00,be266877062dd4f08c52a3f42da752b7338ff3a10cb1d07903b97f4c08109e43,False,
20260704T010732Z,espn_public,espn_summary_event_760480,data/raw/20260704T010732Z/espn_public/espn_summary_event_760480__e4e1aa47-776f-4af5-82fd-e756b67e0ef5.json,https://site.api.espn.com/apis/site/v2/sports/soccer/fifa.world/summary?event=760480,200,application/json;charset=UTF-8,2026-07-04T01:33:37.233146+00:00,b5d8b189fd350d3a714f9ae88a94de140f722c41c2fb05a3c2bc05c3a966b2c8,False,
20260704T010732Z,espn_public,espn_summary_event_760485,data/raw/20260704T010732Z/espn_public/espn_summary_event_760485__6b2ee72c-e485-439b-9e35-6af560a822de.json,https://site.api.espn.com/apis/site/v2/sports/soccer/fifa.world/summary?event=760485,200,application/json;charset=UTF-8,2026-07-04T01:33:46.197190+00:00,db7120ee50168579c0a0c6f6d84d8d0f4c09645cbfa2c165b075c35bdab63155,False,
20260704T010732Z,espn_public,espn_summary_event_760481,data/raw/20260704T010732Z/espn_public/espn_summary_event_760481__726692a8-cdaa-42d1-9244-41926a6881e4.json,https://site.api.espn.com/apis/site/v2/sports/soccer/fifa.world/summary?event=760481,200,application/json;charset=UTF-8,2026-07-04T01:33:55.231948+00:00,82949b9967cb0119b3e369c9a6a5d2f8073b47fc8d0951d8b722f95ca842c11a,False,
20260704T010732Z,espn_public,espn_summary_event_760482,data/raw/20260704T010732Z/espn_public/espn_summary_event_760482__14d836fe-0c32-41df-8e02-29d05367e7c5.json,https://site.api.espn.com/apis/site/v2/sports/soccer/fifa.world/summary?event=760482,200,application/json;charset=UTF-8,2026-07-04T01:34:04.007124+00:00,8893ba2610de0d1cb81bb2e131562218334ecf5fdd3214035fd03ac570d8cb52,False,
20260704T010732Z,espn_public,espn_summary_event_760484,data/raw/20260704T010732Z/espn_public/espn_summary_event_760484__193e92e1-7fb8-4416-9658-2102d81767ee.json,https://site.api.espn.com/apis/site/v2/sports/soccer/fifa.world/summary?event=760484,200,application/json;charset=UTF-8,2026-07-04T01:34:28.866037+00:00,011b8004b5cd02e88693a3c5f193b8d53b69c2ecc567600e171f093e06006536,False,
20260704T010732Z,espn_public,espn_summary_event_760483,data/raw/20260704T010732Z/espn_public/espn_summary_event_760483__fc97ba5f-0f7a-4b38-8317-7e04032ee3eb.json,https://site.api.espn.com/apis/site/v2/sports/soccer/fifa.world/summary?event=760483,200,application/json;charset=UTF-8,2026-07-04T01:34:37.893118+00:00,defe2633e351e649c6abf2e1801848f98906bfe424cbe595efee10e2aa171503,False,
20260704T010732Z,espn_public,espn_summary_event_760486,data/raw/20260704T010732Z/espn_public/espn_summary_event_760486__5d36922d-406b-4989-b891-fb72e2e0a4a9.json,https://site.api.espn.com/apis/site/v2/sports/soccer/fifa.world/summary?event=760486,200,application/json;charset=UTF-8,2026-07-04T01:34:46.510253+00:00,fd4480fd5ae5ba31289285f71688d0101f30ee7d53874d315a891b52332a5ff8,False,
20260704T010732Z,espn_public,espn_summary_event_760487,data/raw/20260704T010732Z/espn_public/espn_summary_event_760487__0e246bfb-12cf-4be2-9332-acf2ff89e487.json,https://site.api.espn.com/apis/site/v2/sports/soccer/fifa.world/summary?event=760487,200,application/json;charset=UTF-8,2026-07-04T01:34:55.184674+00:00,fc9b2be4642863c1a1a84e2287d3fcdcfdc4c84634846303b2bccca9ef12b490,False,
20260704T010732Z,espn_public,espn_summary_event_760489,data/raw/20260704T010732Z/espn_public/espn_summary_event_760489__feb79357-dffa-4f8a-a0d9-e551fb45bee6.json,https://site.api.espn.com/apis/site/v2/sports/soccer/fifa.world/summary?event=760489,200,application/json;charset=UTF-8,2026-07-04T01:35:04.229924+00:00,763e3193b4102dd2ce77ab95d8c86aa5868b747d2a9922b365caff2d66974924,False,
20260704T010732Z,espn_public,espn_summary_event_760488,data/raw/20260704T010732Z/espn_public/espn_summary_event_760488__71387d98-23e5-461f-a00e-ca3a14182a3b.json,https://site.api.espn.com/apis/site/v2/sports/soccer/fifa.world/summary?event=760488,200,application/json;charset=UTF-8,2026-07-04T01:35:12.722917+00:00,e7a0204f091bde5a44e0434cd41bc23b09e701ece1ebe3d7c23680fdb7802486,False,
20260704T010732Z,espn_public,espn_summary_event_760490,data/raw/20260704T010732Z/espn_public/espn_summary_event_760490__225db397-de56-4d58-b95e-4d8685a9287d.json,https://site.api.espn.com/apis/site/v2/sports/soccer/fifa.world/summary?event=760490,200,application/json;charset=UTF-8,2026-07-04T01:35:38.638349+00:00,7a9afb7819ad5621a7f2474381449c1ba48d74f3b455c0d36c4bf7fd32a1e485,False,
20260704T010732Z,espn_public,espn_summary_event_760492,data/raw/20260704T010732Z/espn_public/espn_summary_event_760492__3cbbb970-a2e6-4594-9ce6-8c6af8da7dbd.json,https://site.api.espn.com/apis/site/v2/sports/soccer/fifa.world/summary?event=760492,200,application/json;charset=UTF-8,2026-07-04T01:35:46.905725+00:00,5c57394819f1e6d087d5f5d99a1e6610dc39c25d5624ea50f1a8780c00e3271f,False,
20260704T010732Z,espn_public,espn_summary_event_760491,data/raw/20260704T010732Z/espn_public/espn_summary_event_760491__57214f62-2715-44fb-a6ac-c66f4b6b22ff.json,https://site.api.espn.com/apis/site/v2/sports/soccer/fifa.world/summary?event=760491,200,application/json;charset=UTF-8,2026-07-04T01:35:55.887452+00:00,9c8ea5b73665ecced3e2999be9b20a34e10435ee04a2b4646b5c4fc818b7cda8,False,
20260704T010732Z,espn_public,espn_summary_event_760495,data/raw/20260704T010732Z/espn_public/espn_summary_event_760495__5d08f3ce-3cd4-457a-8389-3326715ae441.json,https://site.api.espn.com/apis/site/v2/sports/soccer/fifa.world/summary?event=760495,200,application/json;charset=UTF-8,2026-07-04T01:36:04.142365+00:00,04bd7008f53e28817c9a80f786307f3a79e79b5f6ba6f87aad877b5b744d03cc,False,
20260704T010732Z,espn_public,espn_summary_event_760493,data/raw/20260704T010732Z/espn_public/espn_summary_event_760493__8a2e412b-a792-446b-99b8-e8817cffd743.json,https://site.api.espn.com/apis/site/v2/sports/soccer/fifa.world/summary?event=760493,200,application/json;charset=UTF-8,2026-07-04T01:36:12.896351+00:00,57cfb3c5a6c198a5a03fe549707cfd9518aed50e3fcfa11a101d97d40b7bd9e2,False,
20260704T010732Z,espn_public,espn_summary_event_760494,data/raw/20260704T010732Z/espn_public/espn_summary_event_760494__2dd271ed-d1c4-4ae6-a96c-bbace0052adf.json,https://site.api.espn.com/apis/site/v2/sports/soccer/fifa.world/summary?event=760494,200,application/json;charset=UTF-8,2026-07-04T01:36:21.348688+00:00,cf777f239bf467a72e11f7494778c4d13b746cf3268e1d3988e711ea429ecad7,False,
20260704T010732Z,espn_public,espn_summary_event_760497,data/raw/20260704T010732Z/espn_public/espn_summary_event_760497__dd9a113b-57d3-4433-af30-8a8ec5ef1345.json,https://site.api.espn.com/apis/site/v2/sports/soccer/fifa.world/summary?event=760497,200,application/json;charset=UTF-8,2026-07-04T01:36:46.929497+00:00,f256c296dd8bbe8bbe4b3c75a46b171bef4e3cbc7549c81f48463a8f79ab098a,False,
20260704T010732Z,espn_public,espn_summary_event_760496,data/raw/20260704T010732Z/espn_public/espn_summary_event_760496__55441cde-87e0-498f-b5b9-eea9b4ae5991.json,https://site.api.espn.com/apis/site/v2/sports/soccer/fifa.world/summary?event=760496,200,application/json;charset=UTF-8,2026-07-04T01:36:55.647864+00:00,a09018834ce772046605d4daf6126d32bc594c82a671b2fa431d5c4c0cd3b7ac,False,
20260704T010732Z,espn_public,espn_summary_event_760498,data/raw/20260704T010732Z/espn_public/espn_summary_event_760498__53f678bc-42f6-42bb-bf0b-e7a4e9124794.json,https://site.api.espn.com/apis/site/v2/sports/soccer/fifa.world/summary?event=760498,200,application/json;charset=UTF-8,2026-07-04T01:37:04.238473+00:00,522d86408063c0823e428e27b653e3ff3b1cf34519f83ff0199cf4f1850e4e7b,False,
20260704T010732Z,espn_public,espn_summary_event_760499,data/raw/20260704T010732Z/espn_public/espn_summary_event_760499__b63205f8-cce9-4fbd-bcb0-c7397068ad03.json,https://site.api.espn.com/apis/site/v2/sports/soccer/fifa.world/summary?event=760499,200,application/json;charset=UTF-8,2026-07-04T01:37:12.580535+00:00,4b8b3386311a1aed1b244e9fd3347cce04bb98990934400a26258c0d3c0771d8,False,
20260704T010732Z,espn_public,espn_summary_event_760500,data/raw/20260704T010732Z/espn_public/espn_summary_event_760500__bc7280e1-db30-4e2f-a92c-f4d1f704abba.json,https://site.api.espn.com/apis/site/v2/sports/soccer/fifa.world/summary?event=760500,200,application/json;charset=UTF-8,2026-07-04T01:37:20.933650+00:00,fbfc76bb8ff8a3cc79870ee8b7764e2ffc9d1217c643b6103af10b9229adfcc9,False,
20260704T010732Z,espn_public,espn_summary_event_760501,data/raw/20260704T010732Z/espn_public/espn_summary_event_760501__39723858-ddec-468f-beac-95e8c7e4f9b1.json,https://site.api.espn.com/apis/site/v2/sports/soccer/fifa.world/summary?event=760501,200,application/json;charset=UTF-8,2026-07-04T01:37:29.932767+00:00,914e3b25ff660405df7eb3d1ee32a543431097a31533619d1aa998b054980fff,False,
20260704T010732Z,espn_public,espn_summary_event_760502,data/raw/20260704T010732Z/espn_public/espn_summary_event_760502__52717877-03eb-4568-a070-1a117d953132.json,https://site.api.espn.com/apis/site/v2/sports/soccer/fifa.world/summary?event=760502,200,application/json;charset=UTF-8,2026-07-04T01:37:56.225506+00:00,000ec6d9967478992e44091c6805d7bad369474c7b18aea969366e845c173680,False,
20260704T010732Z,espn_public,espn_summary_event_760503,data/raw/20260704T010732Z/espn_public/espn_summary_event_760503__ab4613ca-d6c4-432f-8fbe-1765edad1d8b.json,https://site.api.espn.com/apis/site/v2/sports/soccer/fifa.world/summary?event=760503,200,application/json;charset=UTF-8,2026-07-04T01:38:04.811837+00:00,93d0a97dbbe98cbc263327382dfa29a425eb851b9856cd9aabc660f5ea05dd9c,False,
20260704T010732Z,espn_public,espn_summary_event_760504,data/raw/20260704T010732Z/espn_public/espn_summary_event_760504__9a1e4918-08ae-411a-a7fb-cf6dd4f36602.json,https://site.api.espn.com/apis/site/v2/sports/soccer/fifa.world/summary?event=760504,200,application/json;charset=UTF-8,2026-07-04T01:38:13.352187+00:00,b0120e382d7025288ab1b2ae8f223eb302b9ce1d929ec3f04b8ff02ee76044b8,False,
20260704T010732Z,espn_public,espn_summary_event_760505,data/raw/20260704T010732Z/espn_public/espn_summary_event_760505__ba160e02-0984-4e16-ba6f-38404e7e2fc3.json,https://site.api.espn.com/apis/site/v2/sports/soccer/fifa.world/summary?event=760505,200,application/json;charset=UTF-8,2026-07-04T01:38:22.058009+00:00,57af5219ea7d58d16ace7bf85428d17354990f28469b86fdf0e2622222fe43db,False,
20260704T010732Z,espn_public,espn_summary_event_760506,data/raw/20260704T010732Z/espn_public/espn_summary_event_760506__7e90e63c-490c-45b9-9938-987b68b87608.json,https://site.api.espn.com/apis/site/v2/sports/soccer/fifa.world/summary?event=760506,200,application/json;charset=UTF-8,2026-07-04T01:38:31.270147+00:00,74ce8cc66a2b7850117eab851322e6918199b6d04cb4548a62ca975059a47b40,False,
20260704T010732Z,espn_public,espn_summary_event_760507,data/raw/20260704T010732Z/espn_public/espn_summary_event_760507__098d0469-662b-4bf6-83a0-ecedbedea5d0.json,https://site.api.espn.com/apis/site/v2/sports/soccer/fifa.world/summary?event=760507,200,application/json;charset=UTF-8,2026-07-04T01:38:40.114453+00:00,6e73283f084856e0fc0b24cd5ce7a3934ce9fba7bcc673ba8d15b86569b56adf,False,
20260704T010732Z,espn_public,espn_summary_event_760509,data/raw/20260704T010732Z/espn_public/espn_summary_event_760509__6ff0a0a0-6ff6-463b-a938-f518a1236b9c.json,https://site.api.espn.com/apis/site/v2/sports/soccer/fifa.world/summary?event=760509,200,application/json;charset=UTF-8,2026-07-04T01:39:05.371415+00:00,29f53d240f9c064ebb05f4d2f0c11dffce3381b77a42b631d106657af3dc6a8d,False,
20260704T010732Z,espn_public,espn_summary_event_760508,data/raw/20260704T010732Z/espn_public/espn_summary_event_760508__86a1f3bf-2276-4336-b378-e5d3810442f4.json,https://site.api.espn.com/apis/site/v2/sports/soccer/fifa.world/summary?event=760508,200,application/json;charset=UTF-8,2026-07-04T01:39:14.459665+00:00,f0f0e32b1017335c8d7b50d80db9ef81c578b12cc3cfbac78a777e933a6cb973,False,
20260704T010732Z,espn_public,espn_summary_event_760510,data/raw/20260704T010732Z/espn_public/espn_summary_event_760510__21b7547a-e6ec-4434-b2aa-96df8def1142.json,https://site.api.espn.com/apis/site/v2/sports/soccer/fifa.world/summary?event=760510,200,application/json;charset=UTF-8,2026-07-04T01:39:22.904200+00:00,66ce68a48d9188052ec6051e9b867f120ec8f59284d6082a9b1c53fe17a6bfe5,False,
20260704T010732Z,espn_public,espn_summary_event_760511,data/raw/20260704T010732Z/espn_public/espn_summary_event_760511__5e74cd9f-49f3-4ed6-b1b1-be0f2e5d6147.json,https://site.api.espn.com/apis/site/v2/sports/soccer/fifa.world/summary?event=760511,200,application/json;charset=UTF-8,2026-07-04T01:39:32.113943+00:00,80964eb6cc89c85a7207ba2003632623df03fcaf24b0cb6975f659108d645c35,False,
20260704T010732Z,espn_public,espn_summary_event_760512,data/raw/20260704T010732Z/espn_public/espn_summary_event_760512__b7349807-e13f-4633-ace3-78abb75f64aa.json,https://site.api.espn.com/apis/site/v2/sports/soccer/fifa.world/summary?event=760512,200,application/json;charset=UTF-8,2026-07-04T01:39:40.691806+00:00,0e1921ac0a6152810dcc877bc7023be1b3b4bf11a6d877e0493990ced4f4b7f7,False,
20260704T010732Z,espn_public,espn_summary_event_760513,data/raw/20260704T010732Z/espn_public/espn_summary_event_760513__63015144-fa6f-42f2-997c-dd3ffe3889a7.json,https://site.api.espn.com/apis/site/v2/sports/soccer/fifa.world/summary?event=760513,200,application/json;charset=UTF-8,2026-07-04T01:39:49.925376+00:00,6e904696b18f2c973f74ced8881e91049272aaa9e8699d5daf63b355ca6f36d5,False,
20260704T010732Z,espn_public,espn_summary_event_760514,data/raw/20260704T010732Z/espn_public/espn_summary_event_760514__d3d68f68-b1d1-4857-a5fa-45357db115f5.json,https://site.api.espn.com/apis/site/v2/sports/soccer/fifa.world/summary?event=760514,200,application/json;charset=UTF-8,2026-07-04T01:40:13.606536+00:00,1161e8f23f1465eafc50597a04e5df8933f3cb5624f1f51b2cc50aa98aeef312,False,
20260704T010732Z,espn_public,espn_summary_event_760515,data/raw/20260704T010732Z/espn_public/espn_summary_event_760515__73693fed-3e7c-4dc6-a57c-ebd936b379e4.json,https://site.api.espn.com/apis/site/v2/sports/soccer/fifa.world/summary?event=760515,200,application/json;charset=UTF-8,2026-07-04T01:40:22.170304+00:00,72d45e6e08010ffa34fb2c445fd004477e3f53df5436d06a2915a21b75e9bcf9,False,
20260704T010732Z,espn_public,espn_summary_event_760516,data/raw/20260704T010732Z/espn_public/espn_summary_event_760516__ae82d336-b0ad-480d-bf8d-3857eb15b185.json,https://site.api.espn.com/apis/site/v2/sports/soccer/fifa.world/summary?event=760516,200,application/json;charset=UTF-8,2026-07-04T01:40:30.616543+00:00,8e4522a6e808c0ceec872d344bd1403193422288b109afe6afb3339bdcb4e55f,False,
20260704T010732Z,espn_public,espn_summary_event_760517,data/raw/20260704T010732Z/espn_public/espn_summary_event_760517__ecd33c35-6885-4af9-bec7-9ea2dd0ebe0a.json,https://site.api.espn.com/apis/site/v2/sports/soccer/fifa.world/summary?event=760517,200,application/json;charset=UTF-8,2026-07-04T01:40:39.449441+00:00,3d4dd2784d6dc2f09a240ed1b5401966bd4adf17fb7d57dca602bed4e5c03478,False,
