Função,Nome,Associação,Perfil de arbitragem FIFA 2026,Como avaliar individualmente,Fonte
Referee,AL JASSIM Abdulrahman,QAT,"Critério FIFA 2026: controle de ritmo, redução de cera, gestão disciplinar e apoio de tecnologia","Individualmente não há nota de estilo nesta planilha; recomenda-se alimentar com faltas/jogo, cartões/jogo, pênaltis e uso de VAR por árbitro.",https://digitalhub.fifa.com/asset/7879a8c6-c228-4848-a8de-7dc69b37b594/Final-List-of-Match-Officials-FWC-2026.pdf
Referee,AL TURAIS Khalid,KSA,"Critério FIFA 2026: controle de ritmo, redução de cera, gestão disciplinar e apoio de tecnologia","Individualmente não há nota de estilo nesta planilha; recomenda-se alimentar com faltas/jogo, cartões/jogo, pênaltis e uso de VAR por árbitro.",https://digitalhub.fifa.com/asset/7879a8c6-c228-4848-a8de-7dc69b37b594/Final-List-of-Match-Officials-FWC-2026.pdf
Referee,ARAKI Yusuke,JPN,"Critério FIFA 2026: controle de ritmo, redução de cera, gestão disciplinar e apoio de tecnologia","Individualmente não há nota de estilo nesta planilha; recomenda-se alimentar com faltas/jogo, cartões/jogo, pênaltis e uso de VAR por árbitro.",https://digitalhub.fifa.com/asset/7879a8c6-c228-4848-a8de-7dc69b37b594/Final-List-of-Match-Officials-FWC-2026.pdf
Referee,ARTAN Omar Abdulkadir,SOM,"Critério FIFA 2026: controle de ritmo, redução de cera, gestão disciplinar e apoio de tecnologia","Individualmente não há nota de estilo nesta planilha; recomenda-se alimentar com faltas/jogo, cartões/jogo, pênaltis e uso de VAR por árbitro.",https://digitalhub.fifa.com/asset/7879a8c6-c228-4848-a8de-7dc69b37b594/Final-List-of-Match-Officials-FWC-2026.pdf
Referee,ATCHO Pierre,GAB,"Critério FIFA 2026: controle de ritmo, redução de cera, gestão disciplinar e apoio de tecnologia","Individualmente não há nota de estilo nesta planilha; recomenda-se alimentar com faltas/jogo, cartões/jogo, pênaltis e uso de VAR por árbitro.",https://digitalhub.fifa.com/asset/7879a8c6-c228-4848-a8de-7dc69b37b594/Final-List-of-Match-Officials-FWC-2026.pdf
Referee,BARTON Ivan,SLV,"Critério FIFA 2026: controle de ritmo, redução de cera, gestão disciplinar e apoio de tecnologia","Individualmente não há nota de estilo nesta planilha; recomenda-se alimentar com faltas/jogo, cartões/jogo, pênaltis e uso de VAR por árbitro.",https://digitalhub.fifa.com/asset/7879a8c6-c228-4848-a8de-7dc69b37b594/Final-List-of-Match-Officials-FWC-2026.pdf
Referee,BEIDA Dahane,MTN,"Critério FIFA 2026: controle de ritmo, redução de cera, gestão disciplinar e apoio de tecnologia","Individualmente não há nota de estilo nesta planilha; recomenda-se alimentar com faltas/jogo, cartões/jogo, pênaltis e uso de VAR por árbitro.",https://digitalhub.fifa.com/asset/7879a8c6-c228-4848-a8de-7dc69b37b594/Final-List-of-Match-Officials-FWC-2026.pdf
Referee,BENITEZ Juan Gabriel,PAR,"Critério FIFA 2026: controle de ritmo, redução de cera, gestão disciplinar e apoio de tecnologia","Individualmente não há nota de estilo nesta planilha; recomenda-se alimentar com faltas/jogo, cartões/jogo, pênaltis e uso de VAR por árbitro.",https://digitalhub.fifa.com/asset/7879a8c6-c228-4848-a8de-7dc69b37b594/Final-List-of-Match-Officials-FWC-2026.pdf
Referee,CALDERON Juan,CRC,"Critério FIFA 2026: controle de ritmo, redução de cera, gestão disciplinar e apoio de tecnologia","Individualmente não há nota de estilo nesta planilha; recomenda-se alimentar com faltas/jogo, cartões/jogo, pênaltis e uso de VAR por árbitro.",https://digitalhub.fifa.com/asset/7879a8c6-c228-4848-a8de-7dc69b37b594/Final-List-of-Match-Officials-FWC-2026.pdf
Referee,CLAUS Raphael,BRA,"Critério FIFA 2026: controle de ritmo, redução de cera, gestão disciplinar e apoio de tecnologia","Individualmente não há nota de estilo nesta planilha; recomenda-se alimentar com faltas/jogo, cartões/jogo, pênaltis e uso de VAR por árbitro.",https://digitalhub.fifa.com/asset/7879a8c6-c228-4848-a8de-7dc69b37b594/Final-List-of-Match-Officials-FWC-2026.pdf
Referee,ELFATH Ismail,USA,"Critério FIFA 2026: controle de ritmo, redução de cera, gestão disciplinar e apoio de tecnologia","Individualmente não há nota de estilo nesta planilha; recomenda-se alimentar com faltas/jogo, cartões/jogo, pênaltis e uso de VAR por árbitro.",https://digitalhub.fifa.com/asset/7879a8c6-c228-4848-a8de-7dc69b37b594/Final-List-of-Match-Officials-FWC-2026.pdf
Referee,ESKAS Espen,NOR,"Critério FIFA 2026: controle de ritmo, redução de cera, gestão disciplinar e apoio de tecnologia","Individualmente não há nota de estilo nesta planilha; recomenda-se alimentar com faltas/jogo, cartões/jogo, pênaltis e uso de VAR por árbitro.",https://digitalhub.fifa.com/asset/7879a8c6-c228-4848-a8de-7dc69b37b594/Final-List-of-Match-Officials-FWC-2026.pdf
Referee,FAGHANI Alireza,AUS,"Critério FIFA 2026: controle de ritmo, redução de cera, gestão disciplinar e apoio de tecnologia","Individualmente não há nota de estilo nesta planilha; recomenda-se alimentar com faltas/jogo, cartões/jogo, pênaltis e uso de VAR por árbitro.",https://digitalhub.fifa.com/asset/7879a8c6-c228-4848-a8de-7dc69b37b594/Final-List-of-Match-Officials-FWC-2026.pdf
Referee,FALCON PEREZ Yael,ARG,"Critério FIFA 2026: controle de ritmo, redução de cera, gestão disciplinar e apoio de tecnologia","Individualmente não há nota de estilo nesta planilha; recomenda-se alimentar com faltas/jogo, cartões/jogo, pênaltis e uso de VAR por árbitro.",https://digitalhub.fifa.com/asset/7879a8c6-c228-4848-a8de-7dc69b37b594/Final-List-of-Match-Officials-FWC-2026.pdf
Referee,FISCHER Drew,CAN,"Critério FIFA 2026: controle de ritmo, redução de cera, gestão disciplinar e apoio de tecnologia","Individualmente não há nota de estilo nesta planilha; recomenda-se alimentar com faltas/jogo, cartões/jogo, pênaltis e uso de VAR por árbitro.",https://digitalhub.fifa.com/asset/7879a8c6-c228-4848-a8de-7dc69b37b594/Final-List-of-Match-Officials-FWC-2026.pdf
Referee,GARAY Cristian,CHI,"Critério FIFA 2026: controle de ritmo, redução de cera, gestão disciplinar e apoio de tecnologia","Individualmente não há nota de estilo nesta planilha; recomenda-se alimentar com faltas/jogo, cartões/jogo, pênaltis e uso de VAR por árbitro.",https://digitalhub.fifa.com/asset/7879a8c6-c228-4848-a8de-7dc69b37b594/Final-List-of-Match-Officials-FWC-2026.pdf
Referee,GARCIA Katia,MEX,"Critério FIFA 2026: controle de ritmo, redução de cera, gestão disciplinar e apoio de tecnologia","Individualmente não há nota de estilo nesta planilha; recomenda-se alimentar com faltas/jogo, cartões/jogo, pênaltis e uso de VAR por árbitro.",https://digitalhub.fifa.com/asset/7879a8c6-c228-4848-a8de-7dc69b37b594/Final-List-of-Match-Officials-FWC-2026.pdf
Referee,GHORBAL Mustapha,ALG,"Critério FIFA 2026: controle de ritmo, redução de cera, gestão disciplinar e apoio de tecnologia","Individualmente não há nota de estilo nesta planilha; recomenda-se alimentar com faltas/jogo, cartões/jogo, pênaltis e uso de VAR por árbitro.",https://digitalhub.fifa.com/asset/7879a8c6-c228-4848-a8de-7dc69b37b594/Final-List-of-Match-Officials-FWC-2026.pdf
Referee,HERNANDEZ Alejandro,ESP,"Critério FIFA 2026: controle de ritmo, redução de cera, gestão disciplinar e apoio de tecnologia","Individualmente não há nota de estilo nesta planilha; recomenda-se alimentar com faltas/jogo, cartões/jogo, pênaltis e uso de VAR por árbitro.",https://digitalhub.fifa.com/asset/7879a8c6-c228-4848-a8de-7dc69b37b594/Final-List-of-Match-Officials-FWC-2026.pdf
Referee,HERRERA Dario,ARG,"Critério FIFA 2026: controle de ritmo, redução de cera, gestão disciplinar e apoio de tecnologia","Individualmente não há nota de estilo nesta planilha; recomenda-se alimentar com faltas/jogo, cartões/jogo, pênaltis e uso de VAR por árbitro.",https://digitalhub.fifa.com/asset/7879a8c6-c228-4848-a8de-7dc69b37b594/Final-List-of-Match-Officials-FWC-2026.pdf
Referee,JAYED Jalal,MAR,"Critério FIFA 2026: controle de ritmo, redução de cera, gestão disciplinar e apoio de tecnologia","Individualmente não há nota de estilo nesta planilha; recomenda-se alimentar com faltas/jogo, cartões/jogo, pênaltis e uso de VAR por árbitro.",https://digitalhub.fifa.com/asset/7879a8c6-c228-4848-a8de-7dc69b37b594/Final-List-of-Match-Officials-FWC-2026.pdf
Referee,KAWANA-WAUGH Campbell-Kirk,NZL,"Critério FIFA 2026: controle de ritmo, redução de cera, gestão disciplinar e apoio de tecnologia","Individualmente não há nota de estilo nesta planilha; recomenda-se alimentar com faltas/jogo, cartões/jogo, pênaltis e uso de VAR por árbitro.",https://digitalhub.fifa.com/asset/7879a8c6-c228-4848-a8de-7dc69b37b594/Final-List-of-Match-Officials-FWC-2026.pdf
Referee,KOVACS Istvan,ROU,"Critério FIFA 2026: controle de ritmo, redução de cera, gestão disciplinar e apoio de tecnologia","Individualmente não há nota de estilo nesta planilha; recomenda-se alimentar com faltas/jogo, cartões/jogo, pênaltis e uso de VAR por árbitro.",https://digitalhub.fifa.com/asset/7879a8c6-c228-4848-a8de-7dc69b37b594/Final-List-of-Match-Officials-FWC-2026.pdf
Referee,LETEXIER Francois,FRA,"Critério FIFA 2026: controle de ritmo, redução de cera, gestão disciplinar e apoio de tecnologia","Individualmente não há nota de estilo nesta planilha; recomenda-se alimentar com faltas/jogo, cartões/jogo, pênaltis e uso de VAR por árbitro.",https://digitalhub.fifa.com/asset/7879a8c6-c228-4848-a8de-7dc69b37b594/Final-List-of-Match-Officials-FWC-2026.pdf
Referee,MA Ning,CHN,"Critério FIFA 2026: controle de ritmo, redução de cera, gestão disciplinar e apoio de tecnologia","Individualmente não há nota de estilo nesta planilha; recomenda-se alimentar com faltas/jogo, cartões/jogo, pênaltis e uso de VAR por árbitro.",https://digitalhub.fifa.com/asset/7879a8c6-c228-4848-a8de-7dc69b37b594/Final-List-of-Match-Officials-FWC-2026.pdf
Referee,MAKHADMEH Adham,JOR,"Critério FIFA 2026: controle de ritmo, redução de cera, gestão disciplinar e apoio de tecnologia","Individualmente não há nota de estilo nesta planilha; recomenda-se alimentar com faltas/jogo, cartões/jogo, pênaltis e uso de VAR por árbitro.",https://digitalhub.fifa.com/asset/7879a8c6-c228-4848-a8de-7dc69b37b594/Final-List-of-Match-Officials-FWC-2026.pdf
Referee,MAKKELIE Danny,NED,"Critério FIFA 2026: controle de ritmo, redução de cera, gestão disciplinar e apoio de tecnologia","Individualmente não há nota de estilo nesta planilha; recomenda-se alimentar com faltas/jogo, cartões/jogo, pênaltis e uso de VAR por árbitro.",https://digitalhub.fifa.com/asset/7879a8c6-c228-4848-a8de-7dc69b37b594/Final-List-of-Match-Officials-FWC-2026.pdf
Referee,MARCINIAK Szymon,POL,"Critério FIFA 2026: controle de ritmo, redução de cera, gestão disciplinar e apoio de tecnologia","Individualmente não há nota de estilo nesta planilha; recomenda-se alimentar com faltas/jogo, cartões/jogo, pênaltis e uso de VAR por árbitro.",https://digitalhub.fifa.com/asset/7879a8c6-c228-4848-a8de-7dc69b37b594/Final-List-of-Match-Officials-FWC-2026.pdf
Referee,MARIANI Maurizio,ITA,"Critério FIFA 2026: controle de ritmo, redução de cera, gestão disciplinar e apoio de tecnologia","Individualmente não há nota de estilo nesta planilha; recomenda-se alimentar com faltas/jogo, cartões/jogo, pênaltis e uso de VAR por árbitro.",https://digitalhub.fifa.com/asset/7879a8c6-c228-4848-a8de-7dc69b37b594/Final-List-of-Match-Officials-FWC-2026.pdf
Referee,MARTINEZ Hector Said,HON,"Critério FIFA 2026: controle de ritmo, redução de cera, gestão disciplinar e apoio de tecnologia","Individualmente não há nota de estilo nesta planilha; recomenda-se alimentar com faltas/jogo, cartões/jogo, pênaltis e uso de VAR por árbitro.",https://digitalhub.fifa.com/asset/7879a8c6-c228-4848-a8de-7dc69b37b594/Final-List-of-Match-Officials-FWC-2026.pdf
Referee,MOHAMED Amin,EGY,"Critério FIFA 2026: controle de ritmo, redução de cera, gestão disciplinar e apoio de tecnologia","Individualmente não há nota de estilo nesta planilha; recomenda-se alimentar com faltas/jogo, cartões/jogo, pênaltis e uso de VAR por árbitro.",https://digitalhub.fifa.com/asset/7879a8c6-c228-4848-a8de-7dc69b37b594/Final-List-of-Match-Officials-FWC-2026.pdf
Referee,NATION Oshane,JAM,"Critério FIFA 2026: controle de ritmo, redução de cera, gestão disciplinar e apoio de tecnologia","Individualmente não há nota de estilo nesta planilha; recomenda-se alimentar com faltas/jogo, cartões/jogo, pênaltis e uso de VAR por árbitro.",https://digitalhub.fifa.com/asset/7879a8c6-c228-4848-a8de-7dc69b37b594/Final-List-of-Match-Officials-FWC-2026.pdf
Referee,NYBERG Glenn,SWE,"Critério FIFA 2026: controle de ritmo, redução de cera, gestão disciplinar e apoio de tecnologia","Individualmente não há nota de estilo nesta planilha; recomenda-se alimentar com faltas/jogo, cartões/jogo, pênaltis e uso de VAR por árbitro.",https://digitalhub.fifa.com/asset/7879a8c6-c228-4848-a8de-7dc69b37b594/Final-List-of-Match-Officials-FWC-2026.pdf
Referee,OLIVER Michael,ENG,"Critério FIFA 2026: controle de ritmo, redução de cera, gestão disciplinar e apoio de tecnologia","Individualmente não há nota de estilo nesta planilha; recomenda-se alimentar com faltas/jogo, cartões/jogo, pênaltis e uso de VAR por árbitro.",https://digitalhub.fifa.com/asset/7879a8c6-c228-4848-a8de-7dc69b37b594/Final-List-of-Match-Officials-FWC-2026.pdf
Referee,OMAR AL ALI,UAE,"Critério FIFA 2026: controle de ritmo, redução de cera, gestão disciplinar e apoio de tecnologia","Individualmente não há nota de estilo nesta planilha; recomenda-se alimentar com faltas/jogo, cartões/jogo, pênaltis e uso de VAR por árbitro.",https://digitalhub.fifa.com/asset/7879a8c6-c228-4848-a8de-7dc69b37b594/Final-List-of-Match-Officials-FWC-2026.pdf
Referee,ORTEGA Kevin,PER,"Critério FIFA 2026: controle de ritmo, redução de cera, gestão disciplinar e apoio de tecnologia","Individualmente não há nota de estilo nesta planilha; recomenda-se alimentar com faltas/jogo, cartões/jogo, pênaltis e uso de VAR por árbitro.",https://digitalhub.fifa.com/asset/7879a8c6-c228-4848-a8de-7dc69b37b594/Final-List-of-Match-Officials-FWC-2026.pdf
Referee,PENSO Tori,USA,"Critério FIFA 2026: controle de ritmo, redução de cera, gestão disciplinar e apoio de tecnologia","Individualmente não há nota de estilo nesta planilha; recomenda-se alimentar com faltas/jogo, cartões/jogo, pênaltis e uso de VAR por árbitro.",https://digitalhub.fifa.com/asset/7879a8c6-c228-4848-a8de-7dc69b37b594/Final-List-of-Match-Officials-FWC-2026.pdf
Referee,PINHEIRO Joao,POR,"Critério FIFA 2026: controle de ritmo, redução de cera, gestão disciplinar e apoio de tecnologia","Individualmente não há nota de estilo nesta planilha; recomenda-se alimentar com faltas/jogo, cartões/jogo, pênaltis e uso de VAR por árbitro.",https://digitalhub.fifa.com/asset/7879a8c6-c228-4848-a8de-7dc69b37b594/Final-List-of-Match-Officials-FWC-2026.pdf
Referee,RAMON ABATTI,BRA,"Critério FIFA 2026: controle de ritmo, redução de cera, gestão disciplinar e apoio de tecnologia","Individualmente não há nota de estilo nesta planilha; recomenda-se alimentar com faltas/jogo, cartões/jogo, pênaltis e uso de VAR por árbitro.",https://digitalhub.fifa.com/asset/7879a8c6-c228-4848-a8de-7dc69b37b594/Final-List-of-Match-Officials-FWC-2026.pdf
Referee,RAMOS Cesar,MEX,"Critério FIFA 2026: controle de ritmo, redução de cera, gestão disciplinar e apoio de tecnologia","Individualmente não há nota de estilo nesta planilha; recomenda-se alimentar com faltas/jogo, cartões/jogo, pênaltis e uso de VAR por árbitro.",https://digitalhub.fifa.com/asset/7879a8c6-c228-4848-a8de-7dc69b37b594/Final-List-of-Match-Officials-FWC-2026.pdf
Referee,ROJAS Andres,COL,"Critério FIFA 2026: controle de ritmo, redução de cera, gestão disciplinar e apoio de tecnologia","Individualmente não há nota de estilo nesta planilha; recomenda-se alimentar com faltas/jogo, cartões/jogo, pênaltis e uso de VAR por árbitro.",https://digitalhub.fifa.com/asset/7879a8c6-c228-4848-a8de-7dc69b37b594/Final-List-of-Match-Officials-FWC-2026.pdf
Referee,SCHAERER Sandro,SUI,"Critério FIFA 2026: controle de ritmo, redução de cera, gestão disciplinar e apoio de tecnologia","Individualmente não há nota de estilo nesta planilha; recomenda-se alimentar com faltas/jogo, cartões/jogo, pênaltis e uso de VAR por árbitro.",https://digitalhub.fifa.com/asset/7879a8c6-c228-4848-a8de-7dc69b37b594/Final-List-of-Match-Officials-FWC-2026.pdf
Referee,TANTASHEV Ilgiz,UZB,"Critério FIFA 2026: controle de ritmo, redução de cera, gestão disciplinar e apoio de tecnologia","Individualmente não há nota de estilo nesta planilha; recomenda-se alimentar com faltas/jogo, cartões/jogo, pênaltis e uso de VAR por árbitro.",https://digitalhub.fifa.com/asset/7879a8c6-c228-4848-a8de-7dc69b37b594/Final-List-of-Match-Officials-FWC-2026.pdf
Referee,TAYLOR Anthony,ENG,"Critério FIFA 2026: controle de ritmo, redução de cera, gestão disciplinar e apoio de tecnologia","Individualmente não há nota de estilo nesta planilha; recomenda-se alimentar com faltas/jogo, cartões/jogo, pênaltis e uso de VAR por árbitro.",https://digitalhub.fifa.com/asset/7879a8c6-c228-4848-a8de-7dc69b37b594/Final-List-of-Match-Officials-FWC-2026.pdf
Referee,TEJERA Gustavo,URU,"Critério FIFA 2026: controle de ritmo, redução de cera, gestão disciplinar e apoio de tecnologia","Individualmente não há nota de estilo nesta planilha; recomenda-se alimentar com faltas/jogo, cartões/jogo, pênaltis e uso de VAR por árbitro.",https://digitalhub.fifa.com/asset/7879a8c6-c228-4848-a8de-7dc69b37b594/Final-List-of-Match-Officials-FWC-2026.pdf
Referee,TELLO Facundo,ARG,"Critério FIFA 2026: controle de ritmo, redução de cera, gestão disciplinar e apoio de tecnologia","Individualmente não há nota de estilo nesta planilha; recomenda-se alimentar com faltas/jogo, cartões/jogo, pênaltis e uso de VAR por árbitro.",https://digitalhub.fifa.com/asset/7879a8c6-c228-4848-a8de-7dc69b37b594/Final-List-of-Match-Officials-FWC-2026.pdf
Referee,TOM Abongile,RSA,"Critério FIFA 2026: controle de ritmo, redução de cera, gestão disciplinar e apoio de tecnologia","Individualmente não há nota de estilo nesta planilha; recomenda-se alimentar com faltas/jogo, cartões/jogo, pênaltis e uso de VAR por árbitro.",https://digitalhub.fifa.com/asset/7879a8c6-c228-4848-a8de-7dc69b37b594/Final-List-of-Match-Officials-FWC-2026.pdf
Referee,TURPIN Clement,FRA,"Critério FIFA 2026: controle de ritmo, redução de cera, gestão disciplinar e apoio de tecnologia","Individualmente não há nota de estilo nesta planilha; recomenda-se alimentar com faltas/jogo, cartões/jogo, pênaltis e uso de VAR por árbitro.",https://digitalhub.fifa.com/asset/7879a8c6-c228-4848-a8de-7dc69b37b594/Final-List-of-Match-Officials-FWC-2026.pdf
Referee,VALENZUELA Jesus,VEN,"Critério FIFA 2026: controle de ritmo, redução de cera, gestão disciplinar e apoio de tecnologia","Individualmente não há nota de estilo nesta planilha; recomenda-se alimentar com faltas/jogo, cartões/jogo, pênaltis e uso de VAR por árbitro.",https://digitalhub.fifa.com/asset/7879a8c6-c228-4848-a8de-7dc69b37b594/Final-List-of-Match-Officials-FWC-2026.pdf
Referee,VINCIC Slavko,SVN,"Critério FIFA 2026: controle de ritmo, redução de cera, gestão disciplinar e apoio de tecnologia","Individualmente não há nota de estilo nesta planilha; recomenda-se alimentar com faltas/jogo, cartões/jogo, pênaltis e uso de VAR por árbitro.",https://digitalhub.fifa.com/asset/7879a8c6-c228-4848-a8de-7dc69b37b594/Final-List-of-Match-Officials-FWC-2026.pdf
Referee,WILTON SAMPAIO,BRA,"Critério FIFA 2026: controle de ritmo, redução de cera, gestão disciplinar e apoio de tecnologia","Individualmente não há nota de estilo nesta planilha; recomenda-se alimentar com faltas/jogo, cartões/jogo, pênaltis e uso de VAR por árbitro.",https://digitalhub.fifa.com/asset/7879a8c6-c228-4848-a8de-7dc69b37b594/Final-List-of-Match-Officials-FWC-2026.pdf
Referee,ZWAYER Felix,GER,"Critério FIFA 2026: controle de ritmo, redução de cera, gestão disciplinar e apoio de tecnologia","Individualmente não há nota de estilo nesta planilha; recomenda-se alimentar com faltas/jogo, cartões/jogo, pênaltis e uso de VAR por árbitro.",https://digitalhub.fifa.com/asset/7879a8c6-c228-4848-a8de-7dc69b37b594/Final-List-of-Match-Officials-FWC-2026.pdf
Assistant Referee,ABEIGNE Amos,GAB,"Foco em linha, impedimento e colaboração com tecnologia semiautomática","Com SAOT, a tendência é reduzir erro factual de impedimento; ainda pesa comunicação e posicionamento em lances complexos.",https://digitalhub.fifa.com/asset/7879a8c6-c228-4848-a8de-7dc69b37b594/Final-List-of-Match-Officials-FWC-2026.pdf
Assistant Referee,ABOUELREGAL Mahmoud,EGY,"Foco em linha, impedimento e colaboração com tecnologia semiautomática","Com SAOT, a tendência é reduzir erro factual de impedimento; ainda pesa comunicação e posicionamento em lances complexos.",https://digitalhub.fifa.com/asset/7879a8c6-c228-4848-a8de-7dc69b37b594/Final-List-of-Match-Officials-FWC-2026.pdf
Assistant Referee,AKARKAD Mostafa,MAR,"Foco em linha, impedimento e colaboração com tecnologia semiautomática","Com SAOT, a tendência é reduzir erro factual de impedimento; ainda pesa comunicação e posicionamento em lances complexos.",https://digitalhub.fifa.com/asset/7879a8c6-c228-4848-a8de-7dc69b37b594/Final-List-of-Match-Officials-FWC-2026.pdf
Assistant Referee,AL ABAKRY Mohammed,KSA,"Foco em linha, impedimento e colaboração com tecnologia semiautomática","Com SAOT, a tendência é reduzir erro factual de impedimento; ainda pesa comunicação e posicionamento em lances complexos.",https://digitalhub.fifa.com/asset/7879a8c6-c228-4848-a8de-7dc69b37b594/Final-List-of-Match-Officials-FWC-2026.pdf
Assistant Referee,AL HAMMADI Mohamed,UAE,"Foco em linha, impedimento e colaboração com tecnologia semiautomática","Com SAOT, a tendência é reduzir erro factual de impedimento; ainda pesa comunicação e posicionamento em lances complexos.",https://digitalhub.fifa.com/asset/7879a8c6-c228-4848-a8de-7dc69b37b594/Final-List-of-Match-Officials-FWC-2026.pdf
Assistant Referee,AL KALAF Mohammad,JOR,"Foco em linha, impedimento e colaboração com tecnologia semiautomática","Com SAOT, a tendência é reduzir erro factual de impedimento; ainda pesa comunicação e posicionamento em lances complexos.",https://digitalhub.fifa.com/asset/7879a8c6-c228-4848-a8de-7dc69b37b594/Final-List-of-Match-Officials-FWC-2026.pdf
Assistant Referee,AL MAQALEH Saoud,QAT,"Foco em linha, impedimento e colaboração com tecnologia semiautomática","Com SAOT, a tendência é reduzir erro factual de impedimento; ainda pesa comunicação e posicionamento em lances complexos.",https://digitalhub.fifa.com/asset/7879a8c6-c228-4848-a8de-7dc69b37b594/Final-List-of-Match-Officials-FWC-2026.pdf
Assistant Referee,AL MARRI Taleb,QAT,"Foco em linha, impedimento e colaboração com tecnologia semiautomática","Com SAOT, a tendência é reduzir erro factual de impedimento; ainda pesa comunicação e posicionamento em lances complexos.",https://digitalhub.fifa.com/asset/7879a8c6-c228-4848-a8de-7dc69b37b594/Final-List-of-Match-Officials-FWC-2026.pdf
Assistant Referee,AL ROALLE Ahmad,JOR,"Foco em linha, impedimento e colaboração com tecnologia semiautomática","Com SAOT, a tendência é reduzir erro factual de impedimento; ainda pesa comunicação e posicionamento em lances complexos.",https://digitalhub.fifa.com/asset/7879a8c6-c228-4848-a8de-7dc69b37b594/Final-List-of-Match-Officials-FWC-2026.pdf
Assistant Referee,ARFA Lyes,CAN,"Foco em linha, impedimento e colaboração com tecnologia semiautomática","Com SAOT, a tendência é reduzir erro factual de impedimento; ainda pesa comunicação e posicionamento em lances complexos.",https://digitalhub.fifa.com/asset/7879a8c6-c228-4848-a8de-7dc69b37b594/Final-List-of-Match-Officials-FWC-2026.pdf
Assistant Referee,ATKINS Kyle,USA,"Foco em linha, impedimento e colaboração com tecnologia semiautomática","Com SAOT, a tendência é reduzir erro factual de impedimento; ainda pesa comunicação e posicionamento em lances complexos.",https://digitalhub.fifa.com/asset/7879a8c6-c228-4848-a8de-7dc69b37b594/Final-List-of-Match-Officials-FWC-2026.pdf
Assistant Referee,BARREIRO Carlos,URU,"Foco em linha, impedimento e colaboração com tecnologia semiautomática","Com SAOT, a tendência é reduzir erro factual de impedimento; ainda pesa comunicação e posicionamento em lances complexos.",https://digitalhub.fifa.com/asset/7879a8c6-c228-4848-a8de-7dc69b37b594/Final-List-of-Match-Officials-FWC-2026.pdf
Assistant Referee,BARWEGEN Micheal,CAN,"Foco em linha, impedimento e colaboração com tecnologia semiautomática","Com SAOT, a tendência é reduzir erro factual de impedimento; ainda pesa comunicação e posicionamento em lances complexos.",https://digitalhub.fifa.com/asset/7879a8c6-c228-4848-a8de-7dc69b37b594/Final-List-of-Match-Officials-FWC-2026.pdf
Assistant Referee,BASHEVKIN Isaak,NOR,"Foco em linha, impedimento e colaboração com tecnologia semiautomática","Com SAOT, a tendência é reduzir erro factual de impedimento; ainda pesa comunicação e posicionamento em lances complexos.",https://digitalhub.fifa.com/asset/7879a8c6-c228-4848-a8de-7dc69b37b594/Final-List-of-Match-Officials-FWC-2026.pdf
Assistant Referee,KUPSIK Adam,POL,"Foco em linha, impedimento e colaboração com tecnologia semiautomática","Com SAOT, a tendência é reduzir erro factual de impedimento; ainda pesa comunicação e posicionamento em lances complexos.",https://digitalhub.fifa.com/asset/7879a8c6-c228-4848-a8de-7dc69b37b594/Final-List-of-Match-Officials-FWC-2026.pdf
Assistant Referee,BEIGI Mahbod,SWE,"Foco em linha, impedimento e colaboração com tecnologia semiautomática","Com SAOT, a tendência é reduzir erro factual de impedimento; ainda pesa comunicação e posicionamento em lances complexos.",https://digitalhub.fifa.com/asset/7879a8c6-c228-4848-a8de-7dc69b37b594/Final-List-of-Match-Officials-FWC-2026.pdf
Assistant Referee,BELATTI Juan Pablo,ARG,"Foco em linha, impedimento e colaboração com tecnologia semiautomática","Com SAOT, a tendência é reduzir erro factual de impedimento; ainda pesa comunicação e posicionamento em lances complexos.",https://digitalhub.fifa.com/asset/7879a8c6-c228-4848-a8de-7dc69b37b594/Final-List-of-Match-Officials-FWC-2026.pdf
Assistant Referee,BESWICK Gary,ENG,"Foco em linha, impedimento e colaboração com tecnologia semiautomática","Com SAOT, a tendência é reduzir erro factual de impedimento; ainda pesa comunicação e posicionamento em lances complexos.",https://digitalhub.fifa.com/asset/7879a8c6-c228-4848-a8de-7dc69b37b594/Final-List-of-Match-Officials-FWC-2026.pdf
Assistant Referee,BINDONI Daniele,ITA,"Foco em linha, impedimento e colaboração com tecnologia semiautomática","Com SAOT, a tendência é reduzir erro factual de impedimento; ainda pesa comunicação e posicionamento em lances complexos.",https://digitalhub.fifa.com/asset/7879a8c6-c228-4848-a8de-7dc69b37b594/Final-List-of-Match-Officials-FWC-2026.pdf
Assistant Referee,BISGUERRA Marco,MEX,"Foco em linha, impedimento e colaboração com tecnologia semiautomática","Com SAOT, a tendência é reduzir erro factual de impedimento; ainda pesa comunicação e posicionamento em lances complexos.",https://digitalhub.fifa.com/asset/7879a8c6-c228-4848-a8de-7dc69b37b594/Final-List-of-Match-Officials-FWC-2026.pdf
Assistant Referee,BRINSI Zakaria,MAR,"Foco em linha, impedimento e colaboração com tecnologia semiautomática","Com SAOT, a tendência é reduzir erro factual de impedimento; ainda pesa comunicação e posicionamento em lances complexos.",https://digitalhub.fifa.com/asset/7879a8c6-c228-4848-a8de-7dc69b37b594/Final-List-of-Match-Officials-FWC-2026.pdf
Assistant Referee,BRUNO BOSCHILIA,BRA,"Foco em linha, impedimento e colaboração com tecnologia semiautomática","Com SAOT, a tendência é reduzir erro factual de impedimento; ainda pesa comunicação e posicionamento em lances complexos.",https://digitalhub.fifa.com/asset/7879a8c6-c228-4848-a8de-7dc69b37b594/Final-List-of-Match-Officials-FWC-2026.pdf
Assistant Referee,BRUNO PIRES,BRA,"Foco em linha, impedimento e colaboração com tecnologia semiautomática","Com SAOT, a tendência é reduzir erro factual de impedimento; ainda pesa comunicação e posicionamento em lances complexos.",https://digitalhub.fifa.com/asset/7879a8c6-c228-4848-a8de-7dc69b37b594/Final-List-of-Match-Officials-FWC-2026.pdf
Assistant Referee,BURT Stuart,ENG,"Foco em linha, impedimento e colaboração com tecnologia semiautomática","Com SAOT, a tendência é reduzir erro factual de impedimento; ainda pesa comunicação e posicionamento em lances complexos.",https://digitalhub.fifa.com/asset/7879a8c6-c228-4848-a8de-7dc69b37b594/Final-List-of-Match-Officials-FWC-2026.pdf
Assistant Referee,CARDOZO Eduardo,PAR,"Foco em linha, impedimento e colaboração com tecnologia semiautomática","Com SAOT, a tendência é reduzir erro factual de impedimento; ainda pesa comunicação e posicionamento em lances complexos.",https://digitalhub.fifa.com/asset/7879a8c6-c228-4848-a8de-7dc69b37b594/Final-List-of-Match-Officials-FWC-2026.pdf
Assistant Referee,CHADE Gabriel,ARG,"Foco em linha, impedimento e colaboração com tecnologia semiautomática","Com SAOT, a tendência é reduzir erro factual de impedimento; ainda pesa comunicação e posicionamento em lances complexos.",https://digitalhub.fifa.com/asset/7879a8c6-c228-4848-a8de-7dc69b37b594/Final-List-of-Match-Officials-FWC-2026.pdf
Assistant Referee,DANILO MANIS,BRA,"Foco em linha, impedimento e colaboração com tecnologia semiautomática","Com SAOT, a tendência é reduzir erro factual de impedimento; ainda pesa comunicação e posicionamento em lances complexos.",https://digitalhub.fifa.com/asset/7879a8c6-c228-4848-a8de-7dc69b37b594/Final-List-of-Match-Officials-FWC-2026.pdf
Assistant Referee,DANOS Nicolas,FRA,"Foco em linha, impedimento e colaboração com tecnologia semiautomática","Com SAOT, a tendência é reduzir erro factual de impedimento; ainda pesa comunicação e posicionamento em lances complexos.",https://digitalhub.fifa.com/asset/7879a8c6-c228-4848-a8de-7dc69b37b594/Final-List-of-Match-Officials-FWC-2026.pdf
Assistant Referee,DE ALMEIDA Stephane,SUI,"Foco em linha, impedimento e colaboração com tecnologia semiautomática","Com SAOT, a tendência é reduzir erro factual de impedimento; ainda pesa comunicação e posicionamento em lances complexos.",https://digitalhub.fifa.com/asset/7879a8c6-c228-4848-a8de-7dc69b37b594/Final-List-of-Match-Officials-FWC-2026.pdf
Assistant Referee,DE VRIES Jan,NED,"Foco em linha, impedimento e colaboração com tecnologia semiautomática","Com SAOT, a tendência é reduzir erro factual de impedimento; ainda pesa comunicação e posicionamento em lances complexos.",https://digitalhub.fifa.com/asset/7879a8c6-c228-4848-a8de-7dc69b37b594/Final-List-of-Match-Officials-FWC-2026.pdf
Assistant Referee,DEL YESSO Maximiliano,ARG,"Foco em linha, impedimento e colaboração com tecnologia semiautomática","Com SAOT, a tendência é reduzir erro factual de impedimento; ainda pesa comunicação e posicionamento em lances complexos.",https://digitalhub.fifa.com/asset/7879a8c6-c228-4848-a8de-7dc69b37b594/Final-List-of-Match-Officials-FWC-2026.pdf
Assistant Referee,DIETZ Christian,GER,"Foco em linha, impedimento e colaboração com tecnologia semiautomática","Com SAOT, a tendência é reduzir erro factual de impedimento; ainda pesa comunicação e posicionamento em lances complexos.",https://digitalhub.fifa.com/asset/7879a8c6-c228-4848-a8de-7dc69b37b594/Final-List-of-Match-Officials-FWC-2026.pdf
Assistant Referee,DITSOGA Boris,GAB,"Foco em linha, impedimento e colaboração com tecnologia semiautomática","Com SAOT, a tendência é reduzir erro factual de impedimento; ainda pesa comunicação e posicionamento em lances complexos.",https://digitalhub.fifa.com/asset/7879a8c6-c228-4848-a8de-7dc69b37b594/Final-List-of-Match-Officials-FWC-2026.pdf
Assistant Referee,ENGAN Jan Erik,NOR,"Foco em linha, impedimento e colaboração com tecnologia semiautomática","Com SAOT, a tendência é reduzir erro factual de impedimento; ainda pesa comunicação e posicionamento em lances complexos.",https://digitalhub.fifa.com/asset/7879a8c6-c228-4848-a8de-7dc69b37b594/Final-List-of-Match-Officials-FWC-2026.pdf
Assistant Referee,FIGUEIREDO Rodrigo,BRA,"Foco em linha, impedimento e colaboração com tecnologia semiautomática","Com SAOT, a tendência é reduzir erro factual de impedimento; ainda pesa comunicação e posicionamento em lances complexos.",https://digitalhub.fifa.com/asset/7879a8c6-c228-4848-a8de-7dc69b37b594/Final-List-of-Match-Officials-FWC-2026.pdf
Assistant Referee,GAYNULLIN Timur,UZB,"Foco em linha, impedimento e colaboração com tecnologia semiautomática","Com SAOT, a tendência é reduzir erro factual de impedimento; ainda pesa comunicação e posicionamento em lances complexos.",https://digitalhub.fifa.com/asset/7879a8c6-c228-4848-a8de-7dc69b37b594/Final-List-of-Match-Officials-FWC-2026.pdf
Assistant Referee,GOURARI Mokrane,ALG,"Foco em linha, impedimento e colaboração com tecnologia semiautomática","Com SAOT, a tendência é reduzir erro factual de impedimento; ainda pesa comunicação e posicionamento em lances complexos.",https://digitalhub.fifa.com/asset/7879a8c6-c228-4848-a8de-7dc69b37b594/Final-List-of-Match-Officials-FWC-2026.pdf
Assistant Referee,GUZMAN Alexander,COL,"Foco em linha, impedimento e colaboração com tecnologia semiautomática","Com SAOT, a tendência é reduzir erro factual de impedimento; ainda pesa comunicação e posicionamento em lances complexos.",https://digitalhub.fifa.com/asset/7879a8c6-c228-4848-a8de-7dc69b37b594/Final-List-of-Match-Officials-FWC-2026.pdf
Assistant Referee,HOSSAM TAHA Ahmed,EGY,"Foco em linha, impedimento e colaboração com tecnologia semiautomática","Com SAOT, a tendência é reduzir erro factual de impedimento; ainda pesa comunicação e posicionamento em lances complexos.",https://digitalhub.fifa.com/asset/7879a8c6-c228-4848-a8de-7dc69b37b594/Final-List-of-Match-Officials-FWC-2026.pdf
Assistant Referee,JERSON SANTOS,ANG,"Foco em linha, impedimento e colaboração com tecnologia semiautomática","Com SAOT, a tendência é reduzir erro factual de impedimento; ainda pesa comunicação e posicionamento em lances complexos.",https://digitalhub.fifa.com/asset/7879a8c6-c228-4848-a8de-7dc69b37b594/Final-List-of-Match-Officials-FWC-2026.pdf
Assistant Referee,JESUS Bruno,POR,"Foco em linha, impedimento e colaboração com tecnologia semiautomática","Com SAOT, a tendência é reduzir erro factual de impedimento; ainda pesa comunicação e posicionamento em lances complexos.",https://digitalhub.fifa.com/asset/7879a8c6-c228-4848-a8de-7dc69b37b594/Final-List-of-Match-Officials-FWC-2026.pdf
Assistant Referee,KEMPTER Robert,GER,"Foco em linha, impedimento e colaboração com tecnologia semiautomática","Com SAOT, a tendência é reduzir erro factual de impedimento; ainda pesa comunicação e posicionamento em lances complexos.",https://digitalhub.fifa.com/asset/7879a8c6-c228-4848-a8de-7dc69b37b594/Final-List-of-Match-Officials-FWC-2026.pdf
Assistant Referee,KLANCNIK Tomaz,SVN,"Foco em linha, impedimento e colaboração com tecnologia semiautomática","Com SAOT, a tendência é reduzir erro factual de impedimento; ainda pesa comunicação e posicionamento em lances complexos.",https://digitalhub.fifa.com/asset/7879a8c6-c228-4848-a8de-7dc69b37b594/Final-List-of-Match-Officials-FWC-2026.pdf
Assistant Referee,KOVACIC Andraz,SVN,"Foco em linha, impedimento e colaboração com tecnologia semiautomática","Com SAOT, a tendência é reduzir erro factual de impedimento; ainda pesa comunicação e posicionamento em lances complexos.",https://digitalhub.fifa.com/asset/7879a8c6-c228-4848-a8de-7dc69b37b594/Final-List-of-Match-Officials-FWC-2026.pdf
Assistant Referee,LAKRINDIS George,AUS,"Foco em linha, impedimento e colaboração com tecnologia semiautomática","Com SAOT, a tendência é reduzir erro factual de impedimento; ainda pesa comunicação e posicionamento em lances complexos.",https://digitalhub.fifa.com/asset/7879a8c6-c228-4848-a8de-7dc69b37b594/Final-List-of-Match-Officials-FWC-2026.pdf
Assistant Referee,LINDSAY James,AUS,"Foco em linha, impedimento e colaboração com tecnologia semiautomática","Com SAOT, a tendência é reduzir erro factual de impedimento; ainda pesa comunicação e posicionamento em lances complexos.",https://digitalhub.fifa.com/asset/7879a8c6-c228-4848-a8de-7dc69b37b594/Final-List-of-Match-Officials-FWC-2026.pdf
Assistant Referee,LISTKIEWICZ Tomasz,POL,"Foco em linha, impedimento e colaboração com tecnologia semiautomática","Com SAOT, a tendência é reduzir erro factual de impedimento; ainda pesa comunicação e posicionamento em lances complexos.",https://digitalhub.fifa.com/asset/7879a8c6-c228-4848-a8de-7dc69b37b594/Final-List-of-Match-Officials-FWC-2026.pdf
Assistant Referee,LOPEZ Walter,HON,"Foco em linha, impedimento e colaboração com tecnologia semiautomática","Com SAOT, a tendência é reduzir erro factual de impedimento; ainda pesa comunicação e posicionamento em lances complexos.",https://digitalhub.fifa.com/asset/7879a8c6-c228-4848-a8de-7dc69b37b594/Final-List-of-Match-Officials-FWC-2026.pdf
Assistant Referee,MAIA Luciano,POR,"Foco em linha, impedimento e colaboração com tecnologia semiautomática","Com SAOT, a tendência é reduzir erro factual de impedimento; ainda pesa comunicação e posicionamento em lances complexos.",https://digitalhub.fifa.com/asset/7879a8c6-c228-4848-a8de-7dc69b37b594/Final-List-of-Match-Officials-FWC-2026.pdf
Assistant Referee,MAINWARING James,ENG,"Foco em linha, impedimento e colaboração com tecnologia semiautomática","Com SAOT, a tendência é reduzir erro factual de impedimento; ainda pesa comunicação e posicionamento em lances complexos.",https://digitalhub.fifa.com/asset/7879a8c6-c228-4848-a8de-7dc69b37b594/Final-List-of-Match-Officials-FWC-2026.pdf
Assistant Referee,MARICA Mihai,ROU,"Foco em linha, impedimento e colaboração com tecnologia semiautomática","Com SAOT, a tendência é reduzir erro factual de impedimento; ainda pesa comunicação e posicionamento em lances complexos.",https://digitalhub.fifa.com/asset/7879a8c6-c228-4848-a8de-7dc69b37b594/Final-List-of-Match-Officials-FWC-2026.pdf
Assistant Referee,MAYO Brooke,USA,"Foco em linha, impedimento e colaboração com tecnologia semiautomática","Com SAOT, a tendência é reduzir erro factual de impedimento; ainda pesa comunicação e posicionamento em lances complexos.",https://digitalhub.fifa.com/asset/7879a8c6-c228-4848-a8de-7dc69b37b594/Final-List-of-Match-Officials-FWC-2026.pdf
Assistant Referee,MIHARA Jun,JPN,"Foco em linha, impedimento e colaboração com tecnologia semiautomática","Com SAOT, a tendência é reduzir erro factual de impedimento; ainda pesa comunicação e posicionamento em lances complexos.",https://digitalhub.fifa.com/asset/7879a8c6-c228-4848-a8de-7dc69b37b594/Final-List-of-Match-Officials-FWC-2026.pdf
Assistant Referee,MORA Juan Carlos,CRC,"Foco em linha, impedimento e colaboração com tecnologia semiautomática","Com SAOT, a tendência é reduzir erro factual de impedimento; ainda pesa comunicação e posicionamento em lances complexos.",https://digitalhub.fifa.com/asset/7879a8c6-c228-4848-a8de-7dc69b37b594/Final-List-of-Match-Officials-FWC-2026.pdf
Assistant Referee,MORAN David,SLV,"Foco em linha, impedimento e colaboração com tecnologia semiautomática","Com SAOT, a tendência é reduzir erro factual de impedimento; ainda pesa comunicação e posicionamento em lances complexos.",https://digitalhub.fifa.com/asset/7879a8c6-c228-4848-a8de-7dc69b37b594/Final-List-of-Match-Officials-FWC-2026.pdf
Assistant Referee,MORENO Tulio,VEN,"Foco em linha, impedimento e colaboração com tecnologia semiautomática","Com SAOT, a tendência é reduzir erro factual de impedimento; ainda pesa comunicação e posicionamento em lances complexos.",https://digitalhub.fifa.com/asset/7879a8c6-c228-4848-a8de-7dc69b37b594/Final-List-of-Match-Officials-FWC-2026.pdf
Assistant Referee,MORIN Alberto,MEX,"Foco em linha, impedimento e colaboração com tecnologia semiautomática","Com SAOT, a tendência é reduzir erro factual de impedimento; ainda pesa comunicação e posicionamento em lances complexos.",https://digitalhub.fifa.com/asset/7879a8c6-c228-4848-a8de-7dc69b37b594/Final-List-of-Match-Officials-FWC-2026.pdf
Assistant Referee,MUGNIER Cyril,FRA,"Foco em linha, impedimento e colaboração com tecnologia semiautomática","Com SAOT, a tendência é reduzir erro factual de impedimento; ainda pesa comunicação e posicionamento em lances complexos.",https://digitalhub.fifa.com/asset/7879a8c6-c228-4848-a8de-7dc69b37b594/Final-List-of-Match-Officials-FWC-2026.pdf
Assistant Referee,NARANJO PEREZ Jose Enrique,ESP,"Foco em linha, impedimento e colaboração com tecnologia semiautomática","Com SAOT, a tendência é reduzir erro factual de impedimento; ainda pesa comunicação e posicionamento em lances complexos.",https://digitalhub.fifa.com/asset/7879a8c6-c228-4848-a8de-7dc69b37b594/Final-List-of-Match-Officials-FWC-2026.pdf
Assistant Referee,NAVARRO Cristian,ARG,"Foco em linha, impedimento e colaboração com tecnologia semiautomática","Com SAOT, a tendência é reduzir erro factual de impedimento; ainda pesa comunicação e posicionamento em lances complexos.",https://digitalhub.fifa.com/asset/7879a8c6-c228-4848-a8de-7dc69b37b594/Final-List-of-Match-Officials-FWC-2026.pdf
Assistant Referee,NESBITT Kathryn,USA,"Foco em linha, impedimento e colaboração com tecnologia semiautomática","Com SAOT, a tendência é reduzir erro factual de impedimento; ainda pesa comunicação e posicionamento em lances complexos.",https://digitalhub.fifa.com/asset/7879a8c6-c228-4848-a8de-7dc69b37b594/Final-List-of-Match-Officials-FWC-2026.pdf
Assistant Referee,NOUPUE Elvis,CMR,"Foco em linha, impedimento e colaboração com tecnologia semiautomática","Com SAOT, a tendência é reduzir erro factual de impedimento; ainda pesa comunicação e posicionamento em lances complexos.",https://digitalhub.fifa.com/asset/7879a8c6-c228-4848-a8de-7dc69b37b594/Final-List-of-Match-Officials-FWC-2026.pdf
Assistant Referee,NUNN Adam,ENG,"Foco em linha, impedimento e colaboração com tecnologia semiautomática","Com SAOT, a tendência é reduzir erro factual de impedimento; ainda pesa comunicação e posicionamento em lances complexos.",https://digitalhub.fifa.com/asset/7879a8c6-c228-4848-a8de-7dc69b37b594/Final-List-of-Match-Officials-FWC-2026.pdf
Assistant Referee,ORUE Michael,PER,"Foco em linha, impedimento e colaboração com tecnologia semiautomática","Com SAOT, a tendência é reduzir erro factual de impedimento; ainda pesa comunicação e posicionamento em lances complexos.",https://digitalhub.fifa.com/asset/7879a8c6-c228-4848-a8de-7dc69b37b594/Final-List-of-Match-Officials-FWC-2026.pdf
Assistant Referee,PAGES Benjamin,FRA,"Foco em linha, impedimento e colaboração com tecnologia semiautomática","Com SAOT, a tendência é reduzir erro factual de impedimento; ainda pesa comunicação e posicionamento em lances complexos.",https://digitalhub.fifa.com/asset/7879a8c6-c228-4848-a8de-7dc69b37b594/Final-List-of-Match-Officials-FWC-2026.pdf
Assistant Referee,PARKER Corey,USA,"Foco em linha, impedimento e colaboração com tecnologia semiautomática","Com SAOT, a tendência é reduzir erro factual de impedimento; ainda pesa comunicação e posicionamento em lances complexos.",https://digitalhub.fifa.com/asset/7879a8c6-c228-4848-a8de-7dc69b37b594/Final-List-of-Match-Officials-FWC-2026.pdf
Assistant Referee,PUPIRO Antonio,NCA,"Foco em linha, impedimento e colaboração com tecnologia semiautomática","Com SAOT, a tendência é reduzir erro factual de impedimento; ainda pesa comunicação e posicionamento em lances complexos.",https://digitalhub.fifa.com/asset/7879a8c6-c228-4848-a8de-7dc69b37b594/Final-List-of-Match-Officials-FWC-2026.pdf
Assistant Referee,RAFAEL ALVES,BRA,"Foco em linha, impedimento e colaboração com tecnologia semiautomática","Com SAOT, a tendência é reduzir erro factual de impedimento; ainda pesa comunicação e posicionamento em lances complexos.",https://digitalhub.fifa.com/asset/7879a8c6-c228-4848-a8de-7dc69b37b594/Final-List-of-Match-Officials-FWC-2026.pdf
Assistant Referee,RAHMOUNI Mehdi,FRA,"Foco em linha, impedimento e colaboração com tecnologia semiautomática","Com SAOT, a tendência é reduzir erro factual de impedimento; ainda pesa comunicação e posicionamento em lances complexos.",https://digitalhub.fifa.com/asset/7879a8c6-c228-4848-a8de-7dc69b37b594/Final-List-of-Match-Officials-FWC-2026.pdf
Assistant Referee,RAMIREZ Christian,HON,"Foco em linha, impedimento e colaboração com tecnologia semiautomática","Com SAOT, a tendência é reduzir erro factual de impedimento; ainda pesa comunicação e posicionamento em lances complexos.",https://digitalhub.fifa.com/asset/7879a8c6-c228-4848-a8de-7dc69b37b594/Final-List-of-Match-Officials-FWC-2026.pdf
Assistant Referee,RAMIREZ Sandra,MEX,"Foco em linha, impedimento e colaboração com tecnologia semiautomática","Com SAOT, a tendência é reduzir erro factual de impedimento; ainda pesa comunicação e posicionamento em lances complexos.",https://digitalhub.fifa.com/asset/7879a8c6-c228-4848-a8de-7dc69b37b594/Final-List-of-Match-Officials-FWC-2026.pdf
Assistant Referee,RETAMAL Jose,CHI,"Foco em linha, impedimento e colaboração com tecnologia semiautomática","Com SAOT, a tendência é reduzir erro factual de impedimento; ainda pesa comunicação e posicionamento em lances complexos.",https://digitalhub.fifa.com/asset/7879a8c6-c228-4848-a8de-7dc69b37b594/Final-List-of-Match-Officials-FWC-2026.pdf
Assistant Referee,ROCHA Miguel,CHI,"Foco em linha, impedimento e colaboração com tecnologia semiautomática","Com SAOT, a tendência é reduzir erro factual de impedimento; ainda pesa comunicação e posicionamento em lances complexos.",https://digitalhub.fifa.com/asset/7879a8c6-c228-4848-a8de-7dc69b37b594/Final-List-of-Match-Officials-FWC-2026.pdf
Assistant Referee,RODRIGUEZ Facundo,ARG,"Foco em linha, impedimento e colaboração com tecnologia semiautomática","Com SAOT, a tendência é reduzir erro factual de impedimento; ainda pesa comunicação e posicionamento em lances complexos.",https://digitalhub.fifa.com/asset/7879a8c6-c228-4848-a8de-7dc69b37b594/Final-List-of-Match-Officials-FWC-2026.pdf
Assistant Referee,SALDIVAR Milciades,PAR,"Foco em linha, impedimento e colaboração com tecnologia semiautomática","Com SAOT, a tendência é reduzir erro factual de impedimento; ainda pesa comunicação e posicionamento em lances complexos.",https://digitalhub.fifa.com/asset/7879a8c6-c228-4848-a8de-7dc69b37b594/Final-List-of-Match-Officials-FWC-2026.pdf
Assistant Referee,SANCHEZ Diego,ESP,"Foco em linha, impedimento e colaboração com tecnologia semiautomática","Com SAOT, a tendência é reduzir erro factual de impedimento; ainda pesa comunicação e posicionamento em lances complexos.",https://digitalhub.fifa.com/asset/7879a8c6-c228-4848-a8de-7dc69b37b594/Final-List-of-Match-Officials-FWC-2026.pdf
Assistant Referee,SIWELA Zakhele,RSA,"Foco em linha, impedimento e colaboração com tecnologia semiautomática","Com SAOT, a tendência é reduzir erro factual de impedimento; ainda pesa comunicação e posicionamento em lances complexos.",https://digitalhub.fifa.com/asset/7879a8c6-c228-4848-a8de-7dc69b37b594/Final-List-of-Match-Officials-FWC-2026.pdf
Assistant Referee,SODERKVIST Andreas,SWE,"Foco em linha, impedimento e colaboração com tecnologia semiautomática","Com SAOT, a tendência é reduzir erro factual de impedimento; ainda pesa comunicação e posicionamento em lances complexos.",https://digitalhub.fifa.com/asset/7879a8c6-c228-4848-a8de-7dc69b37b594/Final-List-of-Match-Officials-FWC-2026.pdf
Assistant Referee,STEEGSTRA Hessel,NED,"Foco em linha, impedimento e colaboração com tecnologia semiautomática","Com SAOT, a tendência é reduzir erro factual de impedimento; ainda pesa comunicação e posicionamento em lances complexos.",https://digitalhub.fifa.com/asset/7879a8c6-c228-4848-a8de-7dc69b37b594/Final-List-of-Match-Officials-FWC-2026.pdf
Assistant Referee,TARAN Nicolas,URU,"Foco em linha, impedimento e colaboração com tecnologia semiautomática","Com SAOT, a tendência é reduzir erro factual de impedimento; ainda pesa comunicação e posicionamento em lances complexos.",https://digitalhub.fifa.com/asset/7879a8c6-c228-4848-a8de-7dc69b37b594/Final-List-of-Match-Officials-FWC-2026.pdf
Assistant Referee,TEGONI Alberto,ITA,"Foco em linha, impedimento e colaboração com tecnologia semiautomática","Com SAOT, a tendência é reduzir erro factual de impedimento; ainda pesa comunicação e posicionamento em lances complexos.",https://digitalhub.fifa.com/asset/7879a8c6-c228-4848-a8de-7dc69b37b594/Final-List-of-Match-Officials-FWC-2026.pdf
Assistant Referee,TREVIS Isaac,NZL,"Foco em linha, impedimento e colaboração com tecnologia semiautomática","Com SAOT, a tendência é reduzir erro factual de impedimento; ainda pesa comunicação e posicionamento em lances complexos.",https://digitalhub.fifa.com/asset/7879a8c6-c228-4848-a8de-7dc69b37b594/Final-List-of-Match-Officials-FWC-2026.pdf
Assistant Referee,TSAPENKO Andrey,UZB,"Foco em linha, impedimento e colaboração com tecnologia semiautomática","Com SAOT, a tendência é reduzir erro factual de impedimento; ainda pesa comunicação e posicionamento em lances complexos.",https://digitalhub.fifa.com/asset/7879a8c6-c228-4848-a8de-7dc69b37b594/Final-List-of-Match-Officials-FWC-2026.pdf
Assistant Referee,TUNYOGI Ferencz,ROU,"Foco em linha, impedimento e colaboração com tecnologia semiautomática","Com SAOT, a tendência é reduzir erro factual de impedimento; ainda pesa comunicação e posicionamento em lances complexos.",https://digitalhub.fifa.com/asset/7879a8c6-c228-4848-a8de-7dc69b37b594/Final-List-of-Match-Officials-FWC-2026.pdf
Assistant Referee,URREGO Jorge,VEN,"Foco em linha, impedimento e colaboração com tecnologia semiautomática","Com SAOT, a tendência é reduzir erro factual de impedimento; ainda pesa comunicação e posicionamento em lances complexos.",https://digitalhub.fifa.com/asset/7879a8c6-c228-4848-a8de-7dc69b37b594/Final-List-of-Match-Officials-FWC-2026.pdf
Assistant Referee,WALES Caleb,TRI,"Foco em linha, impedimento e colaboração com tecnologia semiautomática","Com SAOT, a tendência é reduzir erro factual de impedimento; ainda pesa comunicação e posicionamento em lances complexos.",https://digitalhub.fifa.com/asset/7879a8c6-c228-4848-a8de-7dc69b37b594/Final-List-of-Match-Officials-FWC-2026.pdf
Assistant Referee,ZERHOUNI Abbes Akram,ALG,"Foco em linha, impedimento e colaboração com tecnologia semiautomática","Com SAOT, a tendência é reduzir erro factual de impedimento; ainda pesa comunicação e posicionamento em lances complexos.",https://digitalhub.fifa.com/asset/7879a8c6-c228-4848-a8de-7dc69b37b594/Final-List-of-Match-Officials-FWC-2026.pdf
Assistant Referee,ZHOU Fei,CHN,"Foco em linha, impedimento e colaboração com tecnologia semiautomática","Com SAOT, a tendência é reduzir erro factual de impedimento; ainda pesa comunicação e posicionamento em lances complexos.",https://digitalhub.fifa.com/asset/7879a8c6-c228-4848-a8de-7dc69b37b594/Final-List-of-Match-Officials-FWC-2026.pdf
Video Match Official,AL-MARRI Khamis,QAT,VAR/AVAR: intervenção para erro claro e protocolo ampliado,"Priorizar checagens de pênalti, vermelho direto, identidade trocada, segundo amarelo incorreto e lances claros de escanteio quando aplicável.",https://digitalhub.fifa.com/asset/7879a8c6-c228-4848-a8de-7dc69b37b594/Final-List-of-Match-Officials-FWC-2026.pdf
Video Match Official,ALSHEHRI Abdullah,KSA,VAR/AVAR: intervenção para erro claro e protocolo ampliado,"Priorizar checagens de pênalti, vermelho direto, identidade trocada, segundo amarelo incorreto e lances claros de escanteio quando aplicável.",https://digitalhub.fifa.com/asset/7879a8c6-c228-4848-a8de-7dc69b37b594/Final-List-of-Match-Officials-FWC-2026.pdf
Video Match Official,ASHOUR Mahmoud,EGY,VAR/AVAR: intervenção para erro claro e protocolo ampliado,"Priorizar checagens de pênalti, vermelho direto, identidade trocada, segundo amarelo incorreto e lances claros de escanteio quando aplicável.",https://digitalhub.fifa.com/asset/7879a8c6-c228-4848-a8de-7dc69b37b594/Final-List-of-Match-Officials-FWC-2026.pdf
Video Match Official,BEBEK Ivan,CRO,VAR/AVAR: intervenção para erro claro e protocolo ampliado,"Priorizar checagens de pênalti, vermelho direto, identidade trocada, segundo amarelo incorreto e lances claros de escanteio quando aplicável.",https://digitalhub.fifa.com/asset/7879a8c6-c228-4848-a8de-7dc69b37b594/Final-List-of-Match-Officials-FWC-2026.pdf
Video Match Official,BRISARD Jerome,FRA,VAR/AVAR: intervenção para erro claro e protocolo ampliado,"Priorizar checagens de pênalti, vermelho direto, identidade trocada, segundo amarelo incorreto e lances claros de escanteio quando aplicável.",https://digitalhub.fifa.com/asset/7879a8c6-c228-4848-a8de-7dc69b37b594/Final-List-of-Match-Officials-FWC-2026.pdf
Video Match Official,DANKERT Bastian,GER,VAR/AVAR: intervenção para erro claro e protocolo ampliado,"Priorizar checagens de pênalti, vermelho direto, identidade trocada, segundo amarelo incorreto e lances claros de escanteio quando aplicável.",https://digitalhub.fifa.com/asset/7879a8c6-c228-4848-a8de-7dc69b37b594/Final-List-of-Match-Officials-FWC-2026.pdf
Video Match Official,DEL CERRO GRANDE Carlos,ESP,VAR/AVAR: intervenção para erro claro e protocolo ampliado,"Priorizar checagens de pênalti, vermelho direto, identidade trocada, segundo amarelo incorreto e lances claros de escanteio quando aplicável.",https://digitalhub.fifa.com/asset/7879a8c6-c228-4848-a8de-7dc69b37b594/Final-List-of-Match-Officials-FWC-2026.pdf
Video Match Official,DELAJOD Willy,FRA,VAR/AVAR: intervenção para erro claro e protocolo ampliado,"Priorizar checagens de pênalti, vermelho direto, identidade trocada, segundo amarelo incorreto e lances claros de escanteio quando aplicável.",https://digitalhub.fifa.com/asset/7879a8c6-c228-4848-a8de-7dc69b37b594/Final-List-of-Match-Officials-FWC-2026.pdf
Video Match Official,DI BELLO Marco,ITA,VAR/AVAR: intervenção para erro claro e protocolo ampliado,"Priorizar checagens de pênalti, vermelho direto, identidade trocada, segundo amarelo incorreto e lances claros de escanteio quando aplicável.",https://digitalhub.fifa.com/asset/7879a8c6-c228-4848-a8de-7dc69b37b594/Final-List-of-Match-Officials-FWC-2026.pdf
Video Match Official,DICKERSON Joe,USA,VAR/AVAR: intervenção para erro claro e protocolo ampliado,"Priorizar checagens de pênalti, vermelho direto, identidade trocada, segundo amarelo incorreto e lances claros de escanteio quando aplicável.",https://digitalhub.fifa.com/asset/7879a8c6-c228-4848-a8de-7dc69b37b594/Final-List-of-Match-Officials-FWC-2026.pdf
Video Match Official,EL FARIQ Hamza,MAR,VAR/AVAR: intervenção para erro claro e protocolo ampliado,"Priorizar checagens de pênalti, vermelho direto, identidade trocada, segundo amarelo incorreto e lances claros de escanteio quando aplicável.",https://digitalhub.fifa.com/asset/7879a8c6-c228-4848-a8de-7dc69b37b594/Final-List-of-Match-Officials-FWC-2026.pdf
Video Match Official,EVANS Shaun,AUS,VAR/AVAR: intervenção para erro claro e protocolo ampliado,"Priorizar checagens de pênalti, vermelho direto, identidade trocada, segundo amarelo incorreto e lances claros de escanteio quando aplicável.",https://digitalhub.fifa.com/asset/7879a8c6-c228-4848-a8de-7dc69b37b594/Final-List-of-Match-Officials-FWC-2026.pdf
Video Match Official,FU Ming,CHN,VAR/AVAR: intervenção para erro claro e protocolo ampliado,"Priorizar checagens de pênalti, vermelho direto, identidade trocada, segundo amarelo incorreto e lances claros de escanteio quando aplicável.",https://digitalhub.fifa.com/asset/7879a8c6-c228-4848-a8de-7dc69b37b594/Final-List-of-Match-Officials-FWC-2026.pdf
Video Match Official,GALLO Nicolas,COL,VAR/AVAR: intervenção para erro claro e protocolo ampliado,"Priorizar checagens de pênalti, vermelho direto, identidade trocada, segundo amarelo incorreto e lances claros de escanteio quando aplicável.",https://digitalhub.fifa.com/asset/7879a8c6-c228-4848-a8de-7dc69b37b594/Final-List-of-Match-Officials-FWC-2026.pdf
Video Match Official,GARCIA Antonio,URU,VAR/AVAR: intervenção para erro claro e protocolo ampliado,"Priorizar checagens de pênalti, vermelho direto, identidade trocada, segundo amarelo incorreto e lances claros de escanteio quando aplicável.",https://digitalhub.fifa.com/asset/7879a8c6-c228-4848-a8de-7dc69b37b594/Final-List-of-Match-Officials-FWC-2026.pdf
Video Match Official,GILLETT Jarred,ENG,VAR/AVAR: intervenção para erro claro e protocolo ampliado,"Priorizar checagens de pênalti, vermelho direto, identidade trocada, segundo amarelo incorreto e lances claros de escanteio quando aplicável.",https://digitalhub.fifa.com/asset/7879a8c6-c228-4848-a8de-7dc69b37b594/Final-List-of-Match-Officials-FWC-2026.pdf
Video Match Official,GONZALEZ Leodan,URU,VAR/AVAR: intervenção para erro claro e protocolo ampliado,"Priorizar checagens de pênalti, vermelho direto, identidade trocada, segundo amarelo incorreto e lances claros de escanteio quando aplicável.",https://digitalhub.fifa.com/asset/7879a8c6-c228-4848-a8de-7dc69b37b594/Final-List-of-Match-Officials-FWC-2026.pdf
Video Match Official,GUZMAN Tatiana,NCA,VAR/AVAR: intervenção para erro claro e protocolo ampliado,"Priorizar checagens de pênalti, vermelho direto, identidade trocada, segundo amarelo incorreto e lances claros de escanteio quando aplicável.",https://digitalhub.fifa.com/asset/7879a8c6-c228-4848-a8de-7dc69b37b594/Final-List-of-Match-Officials-FWC-2026.pdf
Video Match Official,HIGLER Dennis,NED,VAR/AVAR: intervenção para erro claro e protocolo ampliado,"Priorizar checagens de pênalti, vermelho direto, identidade trocada, segundo amarelo incorreto e lances claros de escanteio quando aplicável.",https://digitalhub.fifa.com/asset/7879a8c6-c228-4848-a8de-7dc69b37b594/Final-List-of-Match-Officials-FWC-2026.pdf
Video Match Official,KWIATKOWSKI Tomasz,POL,VAR/AVAR: intervenção para erro claro e protocolo ampliado,"Priorizar checagens de pênalti, vermelho direto, identidade trocada, segundo amarelo incorreto e lances claros de escanteio quando aplicável.",https://digitalhub.fifa.com/asset/7879a8c6-c228-4848-a8de-7dc69b37b594/Final-List-of-Match-Officials-FWC-2026.pdf
Video Match Official,LARA Juan,CHI,VAR/AVAR: intervenção para erro claro e protocolo ampliado,"Priorizar checagens de pênalti, vermelho direto, identidade trocada, segundo amarelo incorreto e lances claros de escanteio quando aplicável.",https://digitalhub.fifa.com/asset/7879a8c6-c228-4848-a8de-7dc69b37b594/Final-List-of-Match-Officials-FWC-2026.pdf
Video Match Official,MASTRANGELO Hernan,ARG,VAR/AVAR: intervenção para erro claro e protocolo ampliado,"Priorizar checagens de pênalti, vermelho direto, identidade trocada, segundo amarelo incorreto e lances claros de escanteio quando aplicável.",https://digitalhub.fifa.com/asset/7879a8c6-c228-4848-a8de-7dc69b37b594/Final-List-of-Match-Officials-FWC-2026.pdf
Video Match Official,MIRANDA Erick,MEX,VAR/AVAR: intervenção para erro claro e protocolo ampliado,"Priorizar checagens de pênalti, vermelho direto, identidade trocada, segundo amarelo incorreto e lances claros de escanteio quando aplicável.",https://digitalhub.fifa.com/asset/7879a8c6-c228-4848-a8de-7dc69b37b594/Final-List-of-Match-Officials-FWC-2026.pdf
Video Match Official,MOHAMMED OBAID KHADIM,UAE,VAR/AVAR: intervenção para erro claro e protocolo ampliado,"Priorizar checagens de pênalti, vermelho direto, identidade trocada, segundo amarelo incorreto e lances claros de escanteio quando aplicável.",https://digitalhub.fifa.com/asset/7879a8c6-c228-4848-a8de-7dc69b37b594/Final-List-of-Match-Officials-FWC-2026.pdf
Video Match Official,PACHECO Guillermo,MEX,VAR/AVAR: intervenção para erro claro e protocolo ampliado,"Priorizar checagens de pênalti, vermelho direto, identidade trocada, segundo amarelo incorreto e lances claros de escanteio quando aplicável.",https://digitalhub.fifa.com/asset/7879a8c6-c228-4848-a8de-7dc69b37b594/Final-List-of-Match-Officials-FWC-2026.pdf
Video Match Official,SAN Fedayi,SUI,VAR/AVAR: intervenção para erro claro e protocolo ampliado,"Priorizar checagens de pênalti, vermelho direto, identidade trocada, segundo amarelo incorreto e lances claros de escanteio quando aplicável.",https://digitalhub.fifa.com/asset/7879a8c6-c228-4848-a8de-7dc69b37b594/Final-List-of-Match-Officials-FWC-2026.pdf
Video Match Official,SOTO Juan,VEN,VAR/AVAR: intervenção para erro claro e protocolo ampliado,"Priorizar checagens de pênalti, vermelho direto, identidade trocada, segundo amarelo incorreto e lances claros de escanteio quando aplicável.",https://digitalhub.fifa.com/asset/7879a8c6-c228-4848-a8de-7dc69b37b594/Final-List-of-Match-Officials-FWC-2026.pdf
Video Match Official,TOSKI Rodolpho,BRA,VAR/AVAR: intervenção para erro claro e protocolo ampliado,"Priorizar checagens de pênalti, vermelho direto, identidade trocada, segundo amarelo incorreto e lances claros de escanteio quando aplicável.",https://digitalhub.fifa.com/asset/7879a8c6-c228-4848-a8de-7dc69b37b594/Final-List-of-Match-Officials-FWC-2026.pdf
Video Match Official,VAN DRIESSCHE Bram,BEL,VAR/AVAR: intervenção para erro claro e protocolo ampliado,"Priorizar checagens de pênalti, vermelho direto, identidade trocada, segundo amarelo incorreto e lances claros de escanteio quando aplicável.",https://digitalhub.fifa.com/asset/7879a8c6-c228-4848-a8de-7dc69b37b594/Final-List-of-Match-Officials-FWC-2026.pdf
Video Match Official,VILLARREAL Armando,USA,VAR/AVAR: intervenção para erro claro e protocolo ampliado,"Priorizar checagens de pênalti, vermelho direto, identidade trocada, segundo amarelo incorreto e lances claros de escanteio quando aplicável.",https://digitalhub.fifa.com/asset/7879a8c6-c228-4848-a8de-7dc69b37b594/Final-List-of-Match-Officials-FWC-2026.pdf
